1	1	1.10527
2	1	-0.00724
3	1	0.14484
4	1	0.02023
5	1	0.02794
6	1	-0.01034
7	1	-0.07710
8	1	-0.01936
9	1	-0.04574
10	1	0.02393
11	1	-0.01566
12	1	0.00465
13	1	0.02819
14	1	0.00811
15	1	0.00065
16	1	0.00043
17	1	-0.00721
18	1	0.00684
19	1	-0.00348
20	1	0.01387
21	1	0.00047
22	1	-0.00025
23	1	0.00131
24	1	-0.01637
25	1	-0.00079
26	1	0.00742
27	1	-0.00351
28	1	-0.00401
29	1	-0.00869
30	1	-0.00274
31	1	-0.00415
32	1	-0.00013
33	1	0.00773
34	1	-0.00065
35	1	0.00151
36	1	0.00137
37	1	-0.00281
38	1	-0.00435
39	1	-0.01394
40	1	0.00205
41	1	-0.00039
42	1	-0.00208
43	1	0.00069
44	1	0.00025
45	1	0.00110
46	1	-0.01016
47	1	-0.00599
48	1	-0.00064
49	1	0.00146
50	1	0.00185
51	1	0.00173
52	1	0.00111
53	1	0.00192
54	1	-0.00018
55	1	-0.00033
56	1	-0.00097
57	1	0.00459
58	1	0.00541
59	1	0.00087
60	1	-0.00024
61	1	0.00104
62	1	0.00127
63	1	-0.00607
64	1	0.00620
65	1	-0.00005
66	1	0.00073
67	1	-0.00035
68	1	0.00238
69	1	0.00047
70	1	0.00101
71	1	-0.00190
72	1	0.00005
73	1	-0.00171
74	1	0.00158
75	1	-0.00065
76	1	-0.00001
77	1	0.00070
78	1	-0.00252
79	1	-0.00248
80	1	0.00306
81	1	-0.00332
82	1	-0.00137
83	1	0.00568
84	1	-0.00159
85	1	0.00083
86	1	-0.00496
87	1	-0.00038
88	1	0.00017
89	1	-0.00001
90	1	0.00075
91	1	0.00047
92	1	-0.00033
93	1	0.00009
94	1	0.00004
95	1	-0.00008
96	1	0.00010
97	1	-0.00005
98	1	-0.00013
99	1	0.00042
100	1	-0.00016
101	1	-0.00004
102	1	0.00003
103	1	-0.00046
104	1	-0.00025
1	2	-0.00789
2	2	0.89974
3	2	0.47282
4	2	0.13315
5	2	-0.06584
6	2	-0.01786
7	2	0.00018
8	2	-0.02142
9	2	0.01383
10	2	-0.00565
11	2	-0.02038
12	2	-0.00582
13	2	0.00478
14	2	0.00362
15	2	-0.01350
16	2	-0.00277
17	2	-0.00290
18	2	-0.01061
19	2	-0.00520
20	2	0.00489
21	2	-0.00305
22	2	0.00726
23	2	0.00196
24	2	0.00319
25	2	-0.00205
26	2	-0.00147
27	2	-0.00331
28	2	0.00079
29	2	-0.00356
30	2	0.00059
31	2	-0.00275
32	2	0.00027
33	2	-0.00040
34	2	-0.00158
35	2	0.00005
36	2	-0.00005
37	2	-0.00035
38	2	-0.00032
39	2	-0.00189
40	2	0.00438
41	2	-0.00056
42	2	-0.00046
43	2	0.00001
44	2	-0.00020
45	2	-0.00056
46	2	0.00095
47	2	0.00112
48	2	0.00000
49	2	0.00123
50	2	0.00101
51	2	-0.00040
52	2	0.00077
53	2	-0.00009
54	2	0.00088
55	2	-0.00025
56	2	-0.00089
57	2	0.00035
58	2	-0.00002
59	2	0.00015
60	2	-0.00154
61	2	0.00018
62	2	-0.00222
63	2	-0.00321
64	2	-0.00031
65	2	-0.00015
66	2	0.00008
67	2	-0.00007
68	2	-0.00009
69	2	-0.00049
70	2	-0.00026
71	2	0.00093
72	2	-0.00004
73	2	-0.00020
74	2	-0.00005
75	2	-0.00092
76	2	-0.00012
77	2	-0.00030
78	2	-0.00041
79	2	-0.00047
80	2	-0.00071
81	2	0.00135
82	2	-0.00036
83	2	-0.00089
84	2	0.00022
85	2	-0.00036
86	2	-0.00344
87	2	0.00000
88	2	0.00004
89	2	-0.00002
90	2	0.00037
91	2	-0.00044
92	2	-0.00031
93	2	-0.00005
94	2	-0.00016
95	2	0.00002
96	2	-0.00000
97	2	0.00005
98	2	0.00003
99	2	0.00007
100	2	-0.00003
101	2	-0.00004
102	2	-0.00000
103	2	0.00005
104	2	-0.00002
1	3	-0.02770
2	3	-0.41201
3	3	0.96730
4	3	0.00524
5	3	0.07677
6	3	-0.09283
7	3	-0.02936
8	3	-0.07195
9	3	-0.01802
10	3	0.01205
11	3	0.01485
12	3	-0.00741
13	3	0.01993
14	3	0.01863
15	3	-0.00380
16	3	0.00404
17	3	0.00363
18	3	-0.01031
19	3	-0.00813
20	3	0.01401
21	3	0.00893
22	3	0.00409
23	3	0.00190
24	3	-0.00255
25	3	-0.00132
26	3	0.00196
27	3	-0.00440
28	3	-0.00290
29	3	-0.00500
30	3	-0.00102
31	3	-0.00643
32	3	-0.00043
33	3	-0.00015
34	3	0.00234
35	3	0.00105
36	3	0.00215
37	3	-0.00174
38	3	-0.00285
39	3	-0.00955
40	3	0.00625
41	3	0.00046
42	3	-0.00093
43	3	0.00019
44	3	0.00030
45	3	-0.00107
46	3	-0.00278
47	3	-0.00196
48	3	-0.00031
49	3	0.00320
50	3	0.00223
51	3	-0.00049
52	3	0.00176
53	3	0.00084
54	3	0.00118
55	3	-0.00041
56	3	-0.00255
57	3	0.00190
58	3	0.00343
59	3	0.00094
60	3	-0.00316
61	3	0.00032
62	3	-0.00250
63	3	-0.00686
64	3	0.00332
65	3	0.00009
66	3	0.00016
67	3	-0.00019
68	3	0.00003
69	3	-0.00092
70	3	-0.00009
71	3	0.00052
72	3	-0.00006
73	3	-0.00015
74	3	0.00048
75	3	-0.00147
76	3	-0.00020
77	3	-0.00057
78	3	-0.00045
79	3	-0.00079
80	3	0.00064
81	3	0.00069
82	3	-0.00083
83	3	0.00149
84	3	-0.00096
85	3	-0.00031
86	3	-0.00713
87	3	-0.00020
88	3	0.00008
89	3	-0.00002
90	3	0.00100
91	3	-0.00059
92	3	-0.00071
93	3	-0.00004
94	3	-0.00021
95	3	-0.00001
96	3	0.00004
97	3	-0.00000
98	3	0.00002
99	3	0.00027
100	3	-0.00005
101	3	-0.00000
102	3	0.00001
103	3	-0.00005
104	3	-0.00008
1	4	-0.02997
2	4	-0.15365
3	4	-0.18849
4	4	0.99592
5	4	0.03990
6	4	0.01932
7	4	0.02592
8	4	0.04924
9	4	0.01520
10	4	-0.00787
11	4	0.01629
12	4	0.00668
13	4	-0.03119
14	4	-0.01407
15	4	0.01683
16	4	0.00050
17	4	0.00121
18	4	0.00515
19	4	0.01115
20	4	-0.01656
21	4	-0.00104
22	4	-0.00925
23	4	-0.00050
24	4	0.00297
25	4	0.00287
26	4	-0.00134
27	4	0.00905
28	4	0.00272
29	4	0.00832
30	4	0.00172
31	4	0.00720
32	4	-0.00020
33	4	-0.00206
34	4	0.00065
35	4	-0.00113
36	4	-0.00133
37	4	0.00206
38	4	0.00313
39	4	0.01126
40	4	-0.00863
41	4	0.00049
42	4	0.00162
43	4	-0.00034
44	4	-0.00000
45	4	0.00085
46	4	0.00358
47	4	0.00249
48	4	0.00036
49	4	-0.00370
50	4	-0.00262
51	4	0.00109
52	4	-0.00205
53	4	-0.00100
54	4	-0.00093
55	4	0.00063
56	4	0.00266
57	4	-0.00218
58	4	-0.00396
59	4	-0.00131
60	4	0.00333
61	4	-0.00083
62	4	0.00303
63	4	0.00953
64	4	-0.00378
65	4	-0.00033
66	4	-0.00068
67	4	0.00039
68	4	-0.00081
69	4	0.00076
70	4	-0.00013
71	4	-0.00089
72	4	0.00009
73	4	0.00026
74	4	-0.00066
75	4	0.00166
76	4	0.00014
77	4	0.00031
78	4	0.00140
79	4	0.00164
80	4	-0.00120
81	4	-0.00083
82	4	0.00129
83	4	-0.00177
84	4	0.00157
85	4	0.00049
86	4	0.00923
87	4	0.00038
88	4	-0.00008
89	4	0.00003
90	4	-0.00135
91	4	0.00054
92	4	0.00072
93	4	0.00001
94	4	0.00016
95	4	-0.00001
96	4	-0.00001
97	4	-0.00001
98	4	-0.00004
99	4	-0.00037
100	4	0.00007
101	4	0.00001
102	4	-0.00001
103	4	0.00020
104	4	0.00016
1	5	-0.01010
2	5	0.08325
3	5	-0.02625
4	5	-0.00077
5	5	0.95955
6	5	0.03271
7	5	0.01301
8	5	0.03412
9	5	0.02440
10	5	0.01304
11	5	-0.04307
12	5	0.00396
13	5	0.01484
14	5	0.00082
15	5	-0.00785
16	5	-0.00402
17	5	-0.00996
18	5	-0.00174
19	5	-0.00427
20	5	0.00203
21	5	-0.00693
22	5	0.00663
23	5	0.00033
24	5	0.00004
25	5	-0.00070
26	5	-0.00102
27	5	-0.00143
28	5	-0.00268
29	5	-0.00174
30	5	-0.00042
31	5	-0.00265
32	5	0.00158
33	5	0.00110
34	5	-0.00160
35	5	-0.00029
36	5	0.00058
37	5	-0.00084
38	5	-0.00167
39	5	-0.00226
40	5	0.00301
41	5	-0.00064
42	5	0.00001
43	5	-0.00000
44	5	-0.00040
45	5	-0.00089
46	5	0.00020
47	5	-0.00006
48	5	-0.00014
49	5	0.00040
50	5	0.00078
51	5	-0.00091
52	5	0.00067
53	5	0.00098
54	5	0.00070
55	5	-0.00011
56	5	-0.00144
57	5	-0.00027
58	5	0.00036
59	5	0.00078
60	5	-0.00176
61	5	0.00061
62	5	-0.00112
63	5	-0.00357
64	5	0.00027
65	5	0.00023
66	5	0.00005
67	5	-0.00005
68	5	0.00024
69	5	-0.00046
70	5	-0.00027
71	5	0.00107
72	5	-0.00001
73	5	0.00056
74	5	0.00007
75	5	-0.00067
76	5	-0.00014
77	5	-0.00019
78	5	-0.00038
79	5	-0.00087
80	5	-0.00076
81	5	0.00108
82	5	-0.00016
83	5	-0.00031
84	5	-0.00062
85	5	-0.00033
86	5	-0.00344
87	5	0.00005
88	5	0.00004
89	5	-0.00002
90	5	0.00031
91	5	-0.00034
92	5	-0.00023
93	5	-0.00004
94	5	-0.00017
95	5	0.00004
96	5	0.00005
97	5	-0.00000
98	5	0.00003
99	5	0.00007
100	5	-0.00005
101	5	-0.00001
102	5	0.00001
103	5	-0.00005
104	5	-0.00001
1	6	-0.08455
2	6	-0.01725
3	6	0.04763
4	6	0.01157
5	6	-0.05135
6	6	1.00317
7	6	0.03171
8	6	-0.05898
9	6	0.01062
10	6	-0.03634
11	6	0.02753
12	6	-0.00022
13	6	-0.01156
14	6	0.00616
15	6	-0.00387
16	6	0.00390
17	6	0.00897
18	6	-0.01890
19	6	-0.00714
20	6	0.00315
21	6	0.00624
22	6	0.00442
23	6	-0.00104
24	6	0.00909
25	6	-0.00190
26	6	-0.00496
27	6	-0.00316
28	6	0.00202
29	6	0.00093
30	6	0.00058
31	6	-0.00164
32	6	-0.00067
33	6	-0.00435
34	6	0.00111
35	6	0.00064
36	6	-0.00155
37	6	0.00061
38	6	0.00104
39	6	0.00167
40	6	0.00263
41	6	0.00037
42	6	0.00038
43	6	-0.00023
44	6	0.00017
45	6	-0.00023
46	6	0.00369
47	6	0.00292
48	6	0.00026
49	6	0.00133
50	6	-0.00009
51	6	-0.00071
52	6	0.00024
53	6	-0.00083
54	6	0.00073
55	6	-0.00012
56	6	-0.00025
57	6	-0.00075
58	6	-0.00176
59	6	-0.00044
60	6	-0.00132
61	6	-0.00057
62	6	-0.00276
63	6	-0.00018
64	6	-0.00168
65	6	-0.00026
66	6	-0.00028
67	6	0.00025
68	6	-0.00055
69	6	-0.00077
70	6	-0.00062
71	6	0.00143
72	6	-0.00008
73	6	0.00037
74	6	-0.00055
75	6	-0.00066
76	6	-0.00019
77	6	-0.00054
78	6	0.00103
79	6	0.00033
80	6	-0.00212
81	6	0.00169
82	6	0.00008
83	6	-0.00213
84	6	0.00092
85	6	-0.00019
86	6	-0.00120
87	6	0.00030
88	6	0.00001
89	6	-0.00000
90	6	-0.00001
91	6	-0.00049
92	6	-0.00009
93	6	-0.00003
94	6	-0.00029
95	6	0.00001
96	6	-0.00004
97	6	0.00009
98	6	0.00003
99	6	-0.00012
100	6	0.00004
101	6	-0.00005
102	6	-0.00001
103	6	0.00016
104	6	0.00004
1	7	-0.00466
2	7	-0.00925
3	7	-0.00269
4	7	-0.00265
5	7	-0.00992
6	7	0.00224
7	7	1.00853
8	7	-0.00672
9	7	0.01568
10	7	-0.03662
11	7	-0.01770
12	7	0.00339
13	7	-0.02084
14	7	-0.00238
15	7	-0.00834
16	7	0.00196
17	7	0.00150
18	7	-0.00199
19	7	0.00006
20	7	-0.00418
21	7	-0.00144
22	7	-0.00261
23	7	0.00092
24	7	0.00042
25	7	-0.00037
26	7	-0.00154
27	7	0.00126
28	7	-0.00146
29	7	0.00012
30	7	0.00102
31	7	0.00124
32	7	0.00078
33	7	-0.00077
34	7	-0.00051
35	7	-0.00016
36	7	-0.00219
37	7	0.00059
38	7	0.00012
39	7	0.00300
40	7	-0.00007
41	7	-0.00024
42	7	0.00019
43	7	-0.00017
44	7	-0.00004
45	7	-0.00016
46	7	0.00053
47	7	0.00131
48	7	-0.00001
49	7	-0.00059
50	7	-0.00047
51	7	0.00074
52	7	-0.00047
53	7	-0.00136
54	7	-0.00052
55	7	0.00007
56	7	0.00000
57	7	0.00077
58	7	-0.00056
59	7	0.00010
60	7	0.00016
61	7	0.00016
62	7	0.00038
63	7	0.00091
64	7	-0.00136
65	7	-0.00030
66	7	0.00009
67	7	-0.00018
68	7	-0.00020
69	7	0.00022
70	7	0.00013
71	7	0.00032
72	7	-0.00004
73	7	0.00017
74	7	-0.00032
75	7	0.00024
76	7	0.00010
77	7	0.00006
78	7	0.00006
79	7	0.00025
80	7	-0.00252
81	7	0.00089
82	7	0.00023
83	7	-0.00002
84	7	0.00109
85	7	-0.00023
86	7	0.00170
87	7	-0.00002
88	7	-0.00006
89	7	0.00000
90	7	-0.00016
91	7	0.00007
92	7	0.00009
93	7	-0.00002
94	7	0.00006
95	7	0.00001
96	7	0.00004
97	7	0.00009
98	7	0.00004
99	7	-0.00007
100	7	-0.00003
101	7	-0.00006
102	7	0.00002
103	7	0.00003
104	7	0.00012
1	8	-0.01108
2	8	-0.02093
3	8	0.00140
4	8	0.01841
5	8	-0.04388
6	8	0.03975
7	8	0.02495
8	8	0.98278
9	8	-0.14219
10	8	-0.08915
11	8	0.12604
12	8	0.00523
13	8	-0.01820
14	8	0.00460
15	8	0.01129
16	8	0.00667
17	8	0.01005
18	8	0.00295
19	8	0.00709
20	8	-0.00578
21	8	0.00988
22	8	-0.00513
23	8	0.00035
24	8	0.00166
25	8	-0.00074
26	8	-0.00254
27	8	-0.00281
28	8	0.00356
29	8	0.00100
30	8	0.00016
31	8	-0.00001
32	8	-0.00237
33	8	-0.00201
34	8	0.00221
35	8	0.00051
36	8	-0.00264
37	8	0.00008
38	8	0.00169
39	8	0.00047
40	8	0.00088
41	8	0.00092
42	8	0.00050
43	8	-0.00026
44	8	0.00038
45	8	-0.00041
46	8	0.00079
47	8	0.00085
48	8	0.00013
49	8	0.00099
50	8	-0.00028
51	8	-0.00015
52	8	-0.00044
53	8	-0.00083
54	8	-0.00062
55	8	-0.00003
56	8	-0.00014
57	8	0.00047
58	8	0.00002
59	8	-0.00007
60	8	0.00071
61	8	-0.00045
62	8	-0.00044
63	8	0.00145
64	8	-0.00003
65	8	0.00004
66	8	0.00015
67	8	-0.00032
68	8	-0.00081
69	8	-0.00014
70	8	-0.00025
71	8	0.00028
72	8	-0.00003
73	8	0.00030
74	8	-0.00055
75	8	0.00024
76	8	0.00020
77	8	-0.00041
78	8	0.00134
79	8	0.00133
80	8	-0.00137
81	8	0.00150
82	8	0.00010
83	8	0.00018
84	8	0.00040
85	8	0.00012
86	8	0.00087
87	8	-0.00007
88	8	-0.00008
89	8	0.00001
90	8	-0.00009
91	8	-0.00006
92	8	-0.00004
93	8	-0.00002
94	8	0.00014
95	8	0.00000
96	8	-0.00002
97	8	0.00006
98	8	-0.00003
99	8	-0.00003
100	8	0.00002
101	8	-0.00006
102	8	-0.00000
103	8	0.00004
104	8	0.00024
1	9	-0.00396
2	9	-0.01181
3	9	0.00203
4	9	0.00193
5	9	-0.01923
6	9	0.02144
7	9	0.00121
8	9	0.13241
9	9	0.97283
10	9	0.03907
11	9	0.18277
12	9	-0.02494
13	9	0.01007
14	9	0.00603
15	9	0.01514
16	9	0.00449
17	9	0.01940
18	9	-0.00484
19	9	-0.00011
20	9	0.00648
21	9	0.00755
22	9	-0.00020
23	9	0.00053
24	9	0.00147
25	9	0.00022
26	9	-0.00056
27	9	-0.00250
28	9	0.00319
29	9	0.00043
30	9	0.00041
31	9	0.00130
32	9	-0.00255
33	9	-0.00221
34	9	0.00191
35	9	0.00062
36	9	0.00003
37	9	-0.00091
38	9	0.00141
39	9	-0.00020
40	9	-0.00153
41	9	0.00089
42	9	0.00101
43	9	0.00023
44	9	0.00025
45	9	-0.00032
46	9	0.00035
47	9	-0.00011
48	9	0.00019
49	9	0.00036
50	9	-0.00026
51	9	-0.00018
52	9	-0.00026
53	9	0.00155
54	9	-0.00030
55	9	-0.00000
56	9	-0.00086
57	9	-0.00025
58	9	0.00048
59	9	-0.00047
60	9	-0.00036
61	9	-0.00026
62	9	0.00018
63	9	0.00071
64	9	-0.00022
65	9	0.00007
66	9	-0.00020
67	9	0.00010
68	9	-0.00061
69	9	-0.00019
70	9	-0.00016
71	9	-0.00010
72	9	0.00011
73	9	0.00040
74	9	-0.00007
75	9	0.00020
76	9	0.00005
77	9	-0.00032
78	9	0.00072
79	9	0.00079
80	9	0.00036
81	9	0.00002
82	9	0.00012
83	9	-0.00002
84	9	-0.00057
85	9	0.00013
86	9	0.00093
87	9	0.00002
88	9	-0.00002
89	9	0.00001
90	9	-0.00008
91	9	0.00006
92	9	0.00004
93	9	-0.00003
94	9	-0.00000
95	9	0.00000
96	9	0.00001
97	9	-0.00001
98	9	0.00000
99	9	-0.00002
100	9	-0.00002
101	9	-0.00001
102	9	0.00000
103	9	0.00003
104	9	0.00002
1	10	0.01183
2	10	0.00189
3	10	-0.00345
4	10	0.00368
5	10	0.02455
6	10	-0.04334
7	10	-0.04182
8	10	-0.09630
9	10	0.03704
10	10	-0.98284
11	10	0.09969
12	10	-0.03909
13	10	0.00956
14	10	-0.01596
15	10	-0.00996
16	10	0.00039
17	10	-0.01842
18	10	0.01092
19	10	0.00845
20	10	-0.01587
21	10	0.00041
22	10	0.01047
23	10	-0.00151
24	10	-0.00116
25	10	0.00765
26	10	-0.00111
27	10	0.02789
28	10	-0.00143
29	10	0.00030
30	10	-0.00070
31	10	-0.00047
32	10	0.00154
33	10	0.00752
34	10	0.00053
35	10	-0.00386
36	10	0.02266
37	10	0.00066
38	10	-0.00201
39	10	-0.00272
40	10	-0.00259
41	10	-0.00084
42	10	-0.00334
43	10	0.00013
44	10	0.00006
45	10	-0.00057
46	10	-0.00069
47	10	-0.00181
48	10	-0.00020
49	10	-0.00075
50	10	0.00020
51	10	0.00138
52	10	0.00042
53	10	0.00456
54	10	-0.00003
55	10	0.00068
56	10	-0.00110
57	10	-0.00310
58	10	0.00299
59	10	-0.00069
60	10	-0.00055
61	10	0.00040
62	10	-0.00026
63	10	-0.00108
64	10	-0.00004
65	10	-0.00038
66	10	0.00047
67	10	-0.00026
68	10	-0.00022
69	10	-0.00024
70	10	0.00009
71	10	0.00036
72	10	0.00000
73	10	0.00065
74	10	0.00028
75	10	0.00001
76	10	-0.00009
77	10	0.00008
78	10	-0.00031
79	10	-0.00050
80	10	-0.00080
81	10	0.00036
82	10	0.00063
83	10	0.00084
84	10	0.00100
85	10	0.00061
86	10	-0.00072
87	10	-0.00005
88	10	0.00000
89	10	-0.00001
90	10	0.00005
91	10	-0.00001
92	10	-0.00006
93	10	0.00000
94	10	0.00001
95	10	0.00001
96	10	0.00009
97	10	-0.00014
98	10	0.00008
99	10	0.00004
100	10	0.00001
101	10	0.00016
102	10	0.00003
103	10	-0.00006
104	10	0.00004
1	11	0.01769
2	11	-0.03883
3	11	0.02890
4	11	0.01745
5	11	-0.03082
6	11	0.02715
7	11	-0.01675
8	11	0.13976
9	11	0.13533
10	11	-0.09751
11	11	-0.91878
12	11	-0.30688
13	11	0.04857
14	11	0.02360
15	11	0.07626
16	11	0.03140
17	11	0.03910
18	11	0.00185
19	11	0.01501
20	11	-0.00113
21	11	0.03427
22	11	-0.00607
23	11	0.00068
24	11	-0.00052
25	11	0.00223
26	11	-0.00004
27	11	0.00029
28	11	0.00814
29	11	0.00066
30	11	-0.00031
31	11	0.00029
32	11	-0.00805
33	11	-0.00281
34	11	0.00582
35	11	0.00024
36	11	0.00606
37	11	-0.00291
38	11	0.00271
39	11	-0.00529
40	11	-0.00333
41	11	0.00226
42	11	0.00171
43	11	-0.00001
44	11	0.00102
45	11	-0.00106
46	11	-0.00185
47	11	-0.00239
48	11	-0.00039
49	11	0.00139
50	11	-0.00012
51	11	0.00041
52	11	0.00017
53	11	0.00563
54	11	-0.00053
55	11	-0.00002
56	11	-0.00236
57	11	-0.00023
58	11	0.00303
59	11	-0.00072
60	11	-0.00148
61	11	-0.00040
62	11	0.00075
63	11	0.00022
64	11	0.00169
65	11	0.00010
66	11	-0.00027
67	11	0.00001
68	11	-0.00091
69	11	-0.00053
70	11	-0.00005
71	11	-0.00078
72	11	-0.00003
73	11	0.00072
74	11	0.00028
75	11	0.00011
76	11	-0.00002
77	11	-0.00037
78	11	0.00097
79	11	0.00092
80	11	0.00196
81	11	-0.00137
82	11	-0.00003
83	11	0.00120
84	11	-0.00172
85	11	0.00058
86	11	0.00037
87	11	-0.00002
88	11	0.00000
89	11	0.00000
90	11	0.00005
91	11	0.00007
92	11	-0.00010
93	11	0.00002
94	11	-0.00001
95	11	-0.00006
96	11	0.00003
97	11	-0.00007
98	11	-0.00001
99	11	0.00004
100	11	-0.00006
101	11	0.00004
102	11	0.00000
103	11	-0.00006
104	11	0.00010
1	12	0.00117
2	12	-0.01630
3	12	0.01693
4	12	0.00321
5	12	-0.02337
6	12	0.00916
7	12	-0.00506
8	12	0.03738
9	12	0.07618
10	12	-0.07600
11	12	-0.29158
12	12	0.94703
13	12	0.04254
14	12	0.02848
15	12	0.05288
16	12	0.01890
17	12	0.03315
18	12	-0.00497
19	12	-0.00118
20	12	0.01261
21	12	0.02208
22	12	-0.00588
23	12	-0.00462
24	12	0.00295
25	12	0.00367
26	12	-0.00055
27	12	0.00952
28	12	0.00551
29	12	0.00367
30	12	-0.00037
31	12	-0.00044
32	12	-0.00386
33	12	-0.00113
34	12	0.00337
35	12	-0.00076
36	12	0.00885
37	12	-0.00125
38	12	0.00116
39	12	-0.00157
40	12	-0.00280
41	12	0.00113
42	12	0.00097
43	12	0.00053
44	12	0.00051
45	12	-0.00142
46	12	0.00050
47	12	-0.00075
48	12	-0.00010
49	12	0.00042
50	12	0.00005
51	12	0.00026
52	12	0.00015
53	12	0.00416
54	12	-0.00007
55	12	0.00020
56	12	-0.00196
57	12	-0.00110
58	12	0.00118
59	12	-0.00025
60	12	-0.00120
61	12	-0.00032
62	12	-0.00008
63	12	0.00030
64	12	0.00010
65	12	0.00023
66	12	-0.00018
67	12	0.00001
68	12	-0.00143
69	12	-0.00057
70	12	-0.00019
71	12	-0.00011
72	12	-0.00006
73	12	0.00085
74	12	0.00009
75	12	0.00016
76	12	0.00005
77	12	-0.00061
78	12	0.00096
79	12	0.00116
80	12	0.00029
81	12	0.00057
82	12	0.00033
83	12	-0.00040
84	12	-0.00091
85	12	0.00048
86	12	0.00028
87	12	-0.00003
88	12	-0.00003
89	12	0.00002
90	12	0.00006
91	12	-0.00013
92	12	-0.00008
93	12	0.00002
94	12	0.00000
95	12	0.00000
96	12	0.00006
97	12	-0.00006
98	12	0.00002
99	12	-0.00002
100	12	-0.00003
101	12	0.00005
102	12	-0.00001
103	12	0.00009
104	12	0.00003
1	13	-0.00415
2	13	0.00207
3	13	-0.00106
4	13	0.00077
5	13	-0.00829
6	13	0.01362
7	13	0.01782
8	13	0.01243
9	13	-0.01670
10	13	0.01697
11	13	0.03951
12	13	-0.02254
13	13	0.99003
14	13	-0.12296
15	13	-0.08098
16	13	0.01671
17	13	0.01332
18	13	-0.00875
19	13	0.00467
20	13	-0.02032
21	13	-0.01720
22	13	0.01269
23	13	0.00465
24	13	0.00055
25	13	-0.00347
26	13	0.00054
27	13	-0.00914
28	13	0.00133
29	13	-0.00289
30	13	0.00253
31	13	0.00065
32	13	0.00011
33	13	-0.00226
34	13	0.00110
35	13	0.00086
36	13	-0.00229
37	13	-0.00037
38	13	0.00080
39	13	0.00120
40	13	-0.00004
41	13	0.00025
42	13	-0.00084
43	13	0.00024
44	13	0.00028
45	13	-0.00007
46	13	0.00036
47	13	0.00059
48	13	-0.00001
49	13	0.00091
50	13	0.00010
51	13	0.00035
52	13	-0.00012
53	13	0.00023
54	13	0.00008
55	13	0.00005
56	13	-0.00007
57	13	-0.00094
58	13	0.00023
59	13	-0.00045
60	13	-0.00027
61	13	0.00076
62	13	0.00040
63	13	-0.00032
64	13	-0.00004
65	13	-0.00084
66	13	-0.00047
67	13	0.00040
68	13	-0.00009
69	13	0.00011
70	13	-0.00012
71	13	0.00034
72	13	0.00002
73	13	-0.00023
74	13	0.00003
75	13	0.00010
76	13	0.00006
77	13	-0.00024
78	13	-0.00023
79	13	0.00009
80	13	-0.00025
81	13	-0.00037
82	13	0.00007
83	13	0.00016
84	13	0.00066
85	13	-0.00030
86	13	0.00010
87	13	0.00001
88	13	0.00000
89	13	-0.00001
90	13	0.00001
91	13	0.00002
92	13	-0.00001
93	13	-0.00001
94	13	-0.00000
95	13	0.00001
96	13	-0.00002
97	13	0.00003
98	13	0.00006
99	13	0.00001
100	13	-0.00000
101	13	-0.00002
102	13	0.00004
103	13	0.00008
104	13	-0.00027
1	14	-0.00732
2	14	0.00484
3	14	-0.00151
4	14	-0.00594
5	14	-0.00197
6	14	-0.00298
7	14	-0.00009
8	14	-0.01150
9	14	-0.00463
10	14	-0.00857
11	14	0.02553
12	14	-0.02497
13	14	0.11910
14	14	0.99130
15	14	-0.05764
16	14	-0.01550
17	14	-0.00105
18	14	-0.00832
19	14	-0.01463
20	14	0.00707
21	14	-0.00293
22	14	0.01337
23	14	-0.00173
24	14	0.00235
25	14	0.00144
26	14	0.00059
27	14	0.00594
28	14	-0.00105
29	14	-0.00076
30	14	-0.00058
31	14	0.00264
32	14	0.00150
33	14	0.00126
34	14	-0.00021
35	14	-0.00050
36	14	0.00426
37	14	0.00077
38	14	-0.00075
39	14	0.00015
40	14	-0.00028
41	14	-0.00033
42	14	-0.00113
43	14	-0.00022
44	14	-0.00010
45	14	0.00006
46	14	0.00015
47	14	-0.00026
48	14	-0.00005
49	14	0.00055
50	14	0.00025
51	14	-0.00021
52	14	-0.00014
53	14	0.00067
54	14	0.00075
55	14	0.00027
56	14	0.00020
57	14	-0.00128
58	14	0.00028
59	14	-0.00008
60	14	-0.00035
61	14	0.00034
62	14	-0.00059
63	14	-0.00059
64	14	-0.00060
65	14	0.00005
66	14	0.00015
67	14	-0.00002
68	14	0.00025
69	14	0.00036
70	14	-0.00019
71	14	0.00120
72	14	-0.00005
73	14	0.00099
74	14	-0.00017
75	14	0.00023
76	14	0.00034
77	14	0.00015
78	14	-0.00037
79	14	-0.00041
80	14	-0.00254
81	14	0.00080
82	14	0.00032
83	14	0.00002
84	14	0.00064
85	14	0.00014
86	14	-0.00054
87	14	0.00000
88	14	-0.00001
89	14	-0.00001
90	14	0.00011
91	14	-0.00006
92	14	-0.00005
93	14	-0.00000
94	14	-0.00004
95	14	-0.00002
96	14	0.00001
97	14	-0.00001
98	14	-0.00000
99	14	0.00006
100	14	0.00001
101	14	0.00000
102	14	0.00002
103	14	0.00001
104	14	-0.00000
1	15	-0.00469
2	15	0.00939
3	15	-0.01302
4	15	-0.00687
5	15	-0.00088
6	15	0.00225
7	15	0.00978
8	15	-0.01681
9	15	-0.01792
10	15	0.00182
11	15	0.07514
12	15	-0.03002
13	15	0.07933
14	15	0.03463
15	15	0.96121
16	15	-0.23089
17	15	0.01317
18	15	-0.00272
19	15	-0.03538
20	15	0.01704
21	15	-0.03350
22	15	0.01952
23	15	0.00412
24	15	0.00208
25	15	-0.00033
26	15	0.00129
27	15	0.00088
28	15	-0.00215
29	15	-0.00006
30	15	0.00156
31	15	-0.00015
32	15	0.00360
33	15	-0.00135
34	15	-0.00082
35	15	-0.00015
36	15	-0.00027
37	15	0.00117
38	15	-0.00135
39	15	0.00315
40	15	-0.00164
41	15	-0.00123
42	15	-0.00082
43	15	-0.00059
44	15	-0.00048
45	15	0.00009
46	15	0.00153
47	15	0.00091
48	15	-0.00009
49	15	-0.00161
50	15	0.00020
51	15	-0.00006
52	15	-0.00043
53	15	-0.00019
54	15	-0.00011
55	15	0.00045
56	15	0.00049
57	15	-0.00192
58	15	-0.00101
59	15	-0.00045
60	15	-0.00001
61	15	0.00068
62	15	-0.00009
63	15	-0.00012
64	15	-0.00116
65	15	-0.00017
66	15	-0.00050
67	15	0.00055
68	15	0.00076
69	15	0.00035
70	15	-0.00021
71	15	0.00134
72	15	-0.00011
73	15	0.00104
74	15	-0.00004
75	15	-0.00001
76	15	-0.00017
77	15	0.00008
78	15	-0.00079
79	15	-0.00128
80	15	-0.00299
81	15	0.00036
82	15	0.00055
83	15	-0.00026
84	15	0.00087
85	15	-0.00009
86	15	0.00016
87	15	0.00006
88	15	0.00002
89	15	-0.00001
90	15	-0.00008
91	15	0.00011
92	15	0.00007
93	15	0.00002
94	15	-0.00003
95	15	-0.00005
96	15	0.00001
97	15	-0.00002
98	15	-0.00002
99	15	-0.00001
100	15	0.00001
101	15	-0.00001
102	15	0.00003
103	15	-0.00002
104	15	-0.00037
1	16	-0.00231
2	16	0.00896
3	16	-0.00802
4	16	-0.00401
5	16	0.00462
6	16	-0.00403
7	16	-0.00089
8	16	-0.01490
9	16	-0.01206
10	16	0.00402
11	16	0.04763
12	16	-0.01473
13	16	0.00387
14	16	0.02439
15	16	0.22482
16	16	0.96878
17	16	-0.05783
18	16	0.01324
19	16	-0.02525
20	16	0.01080
21	16	-0.02516
22	16	0.00565
23	16	0.00361
24	16	-0.00295
25	16	-0.00085
26	16	0.00246
27	16	-0.00291
28	16	-0.00068
29	16	-0.00048
30	16	0.00034
31	16	-0.00010
32	16	0.00371
33	16	-0.00036
34	16	-0.00365
35	16	-0.00011
36	16	-0.00210
37	16	0.00040
38	16	0.00009
39	16	0.00156
40	16	-0.00022
41	16	0.00202
42	16	-0.00026
43	16	-0.00004
44	16	-0.00009
45	16	0.00029
46	16	-0.00024
47	16	0.00037
48	16	0.00000
49	16	-0.00133
50	16	0.00011
51	16	-0.00013
52	16	-0.00013
53	16	-0.00022
54	16	-0.00001
55	16	-0.00014
56	16	0.00044
57	16	-0.00042
58	16	-0.00054
59	16	0.00003
60	16	0.00027
61	16	0.00025
62	16	0.00046
63	16	-0.00027
64	16	-0.00028
65	16	-0.00042
66	16	-0.00005
67	16	0.00017
68	16	0.00074
69	16	0.00034
70	16	0.00007
71	16	0.00038
72	16	-0.00002
73	16	0.00003
74	16	0.00002
75	16	-0.00002
76	16	-0.00009
77	16	0.00017
78	16	-0.00072
79	16	-0.00065
80	16	-0.00036
81	16	-0.00024
82	16	0.00010
83	16	0.00002
84	16	0.00008
85	16	-0.00037
86	16	0.00003
87	16	0.00002
88	16	0.00001
89	16	-0.00001
90	16	-0.00002
91	16	0.00005
92	16	0.00004
93	16	0.00000
94	16	-0.00001
95	16	-0.00001
96	16	0.00004
97	16	-0.00002
98	16	-0.00000
99	16	-0.00000
100	16	-0.00002
101	16	0.00001
102	16	0.00001
103	16	-0.00001
104	16	-0.00014
1	17	0.00465
2	17	0.01511
3	17	0.00862
4	17	0.00382
5	17	0.00479
6	17	-0.01323
7	17	-0.00631
8	17	-0.02897
9	17	-0.02715
10	17	-0.00373
11	17	0.04286
12	17	-0.01583
13	17	-0.01392
14	17	0.00596
15	17	0.00097
16	17	0.05448
17	17	0.96778
18	17	0.17768
19	17	0.08819
20	17	-0.10478
21	17	-0.05727
22	17	0.00002
23	17	0.00879
24	17	-0.01015
25	17	-0.00017
26	17	0.00076
27	17	0.00060
28	17	-0.00454
29	17	0.00065
30	17	0.00108
31	17	-0.00202
32	17	0.00351
33	17	0.00340
34	17	-0.00299
35	17	-0.00008
36	17	-0.00049
37	17	-0.00001
38	17	-0.00235
39	17	-0.00194
40	17	0.00191
41	17	-0.00080
42	17	-0.00067
43	17	0.00007
44	17	-0.00065
45	17	-0.00044
46	17	-0.00077
47	17	-0.00064
48	17	-0.00027
49	17	0.00090
50	17	-0.00022
51	17	-0.00044
52	17	0.00143
53	17	-0.00047
54	17	0.00074
55	17	-0.00001
56	17	0.00009
57	17	0.00007
58	17	0.00074
59	17	0.00090
60	17	0.00071
61	17	0.00068
62	17	0.00031
63	17	-0.00066
64	17	0.00155
65	17	0.00018
66	17	0.00048
67	17	-0.00048
68	17	0.00020
69	17	-0.00016
70	17	-0.00010
71	17	0.00061
72	17	-0.00011
73	17	0.00028
74	17	-0.00019
75	17	-0.00021
76	17	0.00005
77	17	0.00005
78	17	0.00065
79	17	0.00022
80	17	-0.00100
81	17	0.00074
82	17	-0.00009
83	17	0.00033
84	17	0.00010
85	17	-0.00016
86	17	-0.00122
87	17	-0.00004
88	17	0.00000
89	17	0.00000
90	17	0.00005
91	17	-0.00016
92	17	-0.00015
93	17	0.00001
94	17	0.00004
95	17	-0.00002
96	17	0.00004
97	17	-0.00002
98	17	-0.00002
99	17	-0.00000
100	17	-0.00003
101	17	-0.00001
102	17	0.00002
103	17	0.00001
104	17	0.00025
1	18	-0.00629
2	18	-0.00374
3	18	0.00918
4	18	0.00433
5	18	-0.01369
6	18	0.01363
7	18	0.00596
8	18	0.00108
9	18	0.01832
10	18	0.00516
11	18	-0.01738
12	18	0.00249
13	18	0.01923
14	18	-0.00148
15	18	-0.02025
16	18	-0.02523
17	18	-0.11659
18	18	0.91672
19	18	-0.35206
20	18	0.14237
21	18	0.01249
22	18	0.00426
23	18	-0.00254
24	18	0.00868
25	18	-0.00258
26	18	0.00290
27	18	-0.00847
28	18	0.00423
29	18	-0.00062
30	18	-0.00092
31	18	-0.00366
32	18	-0.00124
33	18	-0.00664
34	18	0.00204
35	18	0.00094
36	18	-0.00192
37	18	-0.00002
38	18	0.00132
39	18	0.00178
40	18	-0.00154
41	18	0.00048
42	18	-0.00001
43	18	-0.00025
44	18	0.00040
45	18	-0.00009
46	18	0.00048
47	18	0.00064
48	18	0.00028
49	18	-0.00044
50	18	-0.00040
51	18	0.00021
52	18	0.00119
53	18	0.00012
54	18	0.00056
55	18	0.00003
56	18	-0.00045
57	18	-0.00042
58	18	-0.00108
59	18	-0.00097
60	18	-0.00109
61	18	0.00028
62	18	-0.00049
63	18	-0.00112
64	18	-0.00127
65	18	-0.00015
66	18	-0.00047
67	18	0.00060
68	18	-0.00004
69	18	0.00009
70	18	0.00024
71	18	-0.00013
72	18	0.00010
73	18	-0.00035
74	18	0.00025
75	18	-0.00017
76	18	-0.00014
77	18	-0.00020
78	18	-0.00102
79	18	-0.00056
80	18	0.00060
81	18	-0.00011
82	18	-0.00016
83	18	-0.00038
84	18	-0.00003
85	18	-0.00011
86	18	-0.00033
87	18	0.00002
88	18	-0.00001
89	18	-0.00000
90	18	0.00002
91	18	-0.00007
92	18	0.00007
93	18	-0.00001
94	18	-0.00002
95	18	0.00002
96	18	-0.00005
97	18	0.00005
98	18	0.00003
99	18	-0.00002
100	18	0.00002
101	18	-0.00001
102	18	0.00000
103	18	-0.00010
104	18	-0.00029
1	19	-0.01346
2	19	-0.00313
3	19	-0.00367
4	19	-0.00170
5	19	-0.00646
6	19	0.00861
7	19	0.00563
8	19	-0.00378
9	19	0.00775
10	19	0.00064
11	19	0.01444
12	19	-0.00286
13	19	0.02237
14	19	0.01236
15	19	0.02368
16	19	0.00224
17	19	-0.06383
18	19	0.23360
19	19	0.83041
20	19	0.49126
21	19	0.02628
22	19	-0.00269
23	19	0.00011
24	19	0.00462
25	19	-0.00122
26	19	0.00454
27	19	-0.01180
28	19	-0.00044
29	19	-0.00003
30	19	0.00098
31	19	-0.00036
32	19	0.00182
33	19	-0.00204
34	19	-0.00046
35	19	0.00035
36	19	-0.00246
37	19	0.00057
38	19	-0.00060
39	19	0.00285
40	19	-0.00080
41	19	-0.00042
42	19	-0.00211
43	19	-0.00008
44	19	-0.00004
45	19	0.00119
46	19	0.00091
47	19	0.00183
48	19	0.00008
49	19	-0.00039
50	19	0.00002
51	19	0.00024
52	19	-0.00000
53	19	-0.00049
54	19	0.00051
55	19	0.00033
56	19	0.00129
57	19	-0.00170
58	19	-0.00174
59	19	-0.00012
60	19	0.00011
61	19	0.00040
62	19	-0.00109
63	19	0.00083
64	19	-0.00022
65	19	0.00045
66	19	-0.00054
67	19	0.00045
68	19	0.00084
69	19	0.00053
70	19	-0.00027
71	19	0.00006
72	19	-0.00002
73	19	-0.00047
74	19	-0.00032
75	19	-0.00001
76	19	0.00003
77	19	0.00003
78	19	-0.00024
79	19	-0.00052
80	19	-0.00039
81	19	0.00014
82	19	-0.00074
83	19	-0.00011
84	19	0.00126
85	19	-0.00015
86	19	-0.00031
87	19	0.00003
88	19	0.00000
89	19	0.00000
90	19	-0.00004
91	19	0.00004
92	19	0.00002
93	19	0.00001
94	19	-0.00002
95	19	-0.00004
96	19	-0.00001
97	19	0.00005
98	19	0.00000
99	19	0.00002
100	19	-0.00001
101	19	0.00002
102	19	0.00003
103	19	0.00008
104	19	-0.00033
1	20	-0.03293
2	20	0.00039
3	20	-0.00962
4	20	-0.00514
5	20	-0.01376
6	20	0.02180
7	20	0.02299
8	20	-0.00662
9	20	0.02957
10	20	0.01885
11	20	0.00766
12	20	0.02156
13	20	-0.01659
14	20	0.02492
15	20	0.03284
16	20	-0.00240
17	20	-0.17896
18	20	0.26544
19	20	0.41312
20	20	-0.85326
21	20	-0.00245
22	20	0.05926
23	20	-0.00119
24	20	0.02408
25	20	-0.00600
26	20	0.00811
27	20	-0.01831
28	20	0.00069
29	20	-0.00581
30	20	-0.00074
31	20	-0.00146
32	20	0.00011
33	20	-0.01211
34	20	0.00021
35	20	0.00170
36	20	-0.01044
37	20	-0.00005
38	20	0.00210
39	20	0.00801
40	20	-0.00176
41	20	0.00070
42	20	0.00298
43	20	-0.00044
44	20	0.00013
45	20	0.00158
46	20	0.00203
47	20	0.00229
48	20	0.00025
49	20	-0.00391
50	20	0.00031
51	20	-0.00010
52	20	-0.00012
53	20	-0.00135
54	20	0.00057
55	20	-0.00052
56	20	-0.00113
57	20	-0.00075
58	20	-0.00500
59	20	-0.00196
60	20	-0.00222
61	20	-0.00169
62	20	-0.00226
63	20	-0.00058
64	20	-0.00398
65	20	-0.00096
66	20	-0.00123
67	20	0.00147
68	20	0.00082
69	20	0.00107
70	20	0.00025
71	20	-0.00022
72	20	-0.00001
73	20	-0.00084
74	20	0.00015
75	20	-0.00001
76	20	-0.00001
77	20	-0.00029
78	20	-0.00299
79	20	-0.00130
80	20	0.00187
81	20	-0.00064
82	20	0.00009
83	20	-0.00087
84	20	-0.00092
85	20	-0.00059
86	20	-0.00051
87	20	0.00013
88	20	-0.00002
89	20	-0.00002
90	20	-0.00014
91	20	0.00001
92	20	0.00013
93	20	-0.00001
94	20	-0.00007
95	20	-0.00002
96	20	-0.00003
97	20	-0.00001
98	20	0.00000
99	20	0.00004
100	20	0.00003
101	20	-0.00000
102	20	-0.00004
103	20	0.00009
104	20	-0.00103
1	21	-0.00033
2	21	0.01055
3	21	-0.00568
4	21	-0.00297
5	21	0.01114
6	21	-0.01049
7	21	-0.00677
8	21	-0.01182
9	21	-0.01380
10	21	0.00954
11	21	0.02989
12	21	-0.01176
13	21	0.00976
14	21	-0.00951
15	21	0.02045
16	21	0.01570
17	21	0.05619
18	21	-0.01509
19	21	-0.02312
20	21	-0.00155
21	21	0.89397
22	21	0.44214
23	21	-0.00472
24	21	-0.01515
25	21	-0.00489
26	21	-0.00019
27	21	-0.01135
28	21	-0.00624
29	21	-0.00105
30	21	-0.00180
31	21	0.00071
32	21	0.00647
33	21	0.00228
34	21	-0.00556
35	21	-0.00027
36	21	-0.00917
37	21	-0.00017
38	21	-0.00174
39	21	0.00120
40	21	0.00351
41	21	-0.00192
42	21	-0.00164
43	21	-0.00065
44	21	-0.00114
45	21	0.00027
46	21	-0.00080
47	21	0.00068
48	21	0.00001
49	21	-0.00050
50	21	0.00008
51	21	0.00024
52	21	-0.00050
53	21	-0.00618
54	21	-0.00004
55	21	-0.00019
56	21	0.00148
57	21	0.00269
58	21	-0.00111
59	21	0.00088
60	21	0.00220
61	21	0.00068
62	21	0.00037
63	21	0.00005
64	21	0.00026
65	21	0.00037
66	21	0.00057
67	21	-0.00047
68	21	0.00064
69	21	0.00032
70	21	0.00031
71	21	-0.00167
72	21	-0.00001
73	21	-0.00266
74	21	-0.00023
75	21	-0.00008
76	21	0.00008
77	21	0.00041
78	21	-0.00003
79	21	0.00038
80	21	0.00241
81	21	-0.00010
82	21	-0.00081
83	21	-0.00024
84	21	0.00104
85	21	-0.00064
86	21	0.00012
87	21	-0.00002
88	21	-0.00001
89	21	-0.00001
90	21	-0.00001
91	21	-0.00003
92	21	-0.00000
93	21	0.00000
94	21	0.00002
95	21	0.00003
96	21	-0.00005
97	21	0.00004
98	21	-0.00006
99	21	-0.00002
100	21	0.00003
101	21	-0.00004
102	21	-0.00001
103	21	-0.00003
104	21	0.00021
1	22	0.01427
2	22	-0.01128
3	22	0.01520
4	22	0.01147
5	22	-0.00022
6	22	0.00731
7	22	0.00252
8	22	0.01981
9	22	-0.00798
10	22	-0.00525
11	22	-0.01935
12	22	0.01008
13	22	-0.01129
14	22	-0.01189
15	22	-0.02529
16	22	-0.00846
17	22	-0.01238
18	22	-0.00985
19	22	-0.01215
20	22	0.06114
21	22	-0.43651
22	22	0.89314
23	22	-0.00448
24	22	0.00055
25	22	-0.00463
26	22	-0.00349
27	22	-0.02181
28	22	0.00247
29	22	0.00232
30	22	-0.00170
31	22	0.00105
32	22	-0.00559
33	22	-0.00410
34	22	0.00166
35	22	0.00147
36	22	-0.00806
37	22	-0.00120
38	22	0.00087
39	22	-0.00229
40	22	0.00118
41	22	0.00104
42	22	0.00254
43	22	-0.00016
44	22	0.00045
45	22	-0.00094
46	22	-0.00216
47	22	-0.00036
48	22	-0.00004
49	22	0.00095
50	22	-0.00018
51	22	-0.00001
52	22	-0.00031
53	22	0.00048
54	22	-0.00073
55	22	-0.00043
56	22	-0.00165
57	22	0.00282
58	22	0.00106
59	22	0.00005
60	22	0.00049
61	22	-0.00043
62	22	0.00093
63	22	0.00050
64	22	0.00104
65	22	0.00009
66	22	0.00020
67	22	-0.00030
68	22	-0.00074
69	22	-0.00024
70	22	0.00026
71	22	-0.00293
72	22	0.00005
73	22	-0.00246
74	22	-0.00005
75	22	0.00009
76	22	0.00005
77	22	-0.00042
78	22	0.00098
79	22	0.00231
80	22	0.00733
81	22	-0.00131
82	22	-0.00101
83	22	-0.00017
84	22	-0.00171
85	22	-0.00037
86	22	0.00084
87	22	-0.00003
88	22	-0.00003
89	22	-0.00000
90	22	0.00002
91	22	-0.00003
92	22	-0.00002
93	22	-0.00000
94	22	0.00002
95	22	0.00003
96	22	-0.00006
97	22	-0.00001
98	22	-0.00008
99	22	-0.00003
100	22	-0.00002
101	22	-0.00002
102	22	0.00000
103	22	-0.00007
104	22	0.00023
1	23	0.00063
2	23	-0.00278
3	23	0.00140
4	23	0.00189
5	23	-0.00220
6	23	0.00380
7	23	0.00113
8	23	0.00392
9	23	-0.00226
10	23	-0.00469
11	23	-0.00050
12	23	0.00832
13	23	-0.00295
14	23	0.00354
15	23	-0.00641
16	23	-0.00288
17	23	-0.00892
18	23	0.00067
19	23	-0.00291
20	23	0.00290
21	23	0.00502
22	23	0.00722
23	23	0.99820
24	23	0.04054
25	23	0.00126
26	23	0.00336
27	23	0.00089
28	23	0.00014
29	23	-0.00345
30	23	0.00208
31	23	0.00078
32	23	-0.00045
33	23	-0.00431
34	23	0.00062
35	23	0.00048
36	23	0.00187
37	23	-0.00145
38	23	0.00010
39	23	0.00105
40	23	-0.00302
41	23	0.00043
42	23	0.00146
43	23	-0.00008
44	23	0.00013
45	23	-0.00019
46	23	-0.00072
47	23	-0.00080
48	23	0.00042
49	23	-0.00101
50	23	0.00001
51	23	0.00027
52	23	-0.00024
53	23	0.00265
54	23	-0.00034
55	23	0.00007
56	23	-0.00127
57	23	-0.00031
58	23	0.00051
59	23	-0.00093
60	23	-0.00164
61	23	0.00027
62	23	0.00085
63	23	-0.00070
64	23	-0.00031
65	23	-0.00017
66	23	-0.00033
67	23	0.00032
68	23	-0.00025
69	23	-0.00004
70	23	0.00010
71	23	-0.00018
72	23	0.00008
73	23	0.00039
74	23	0.00061
75	23	0.00022
76	23	-0.00000
77	23	-0.00005
78	23	-0.00022
79	23	-0.00019
80	23	0.00065
81	23	-0.00114
82	23	0.00016
83	23	0.00042
84	23	-0.00093
85	23	0.00042
86	23	0.00016
87	23	-0.00000
88	23	0.00000
89	23	0.00003
90	23	-0.00002
91	23	0.00008
92	23	0.00008
93	23	0.00002
94	23	0.00000
95	23	-0.00008
96	23	0.00003
97	23	0.00000
98	23	0.00008
99	23	0.00004
100	23	-0.00006
101	23	0.00001
102	23	0.00002
103	23	-0.00003
104	23	-0.00008
1	24	0.00172
2	24	0.00418
3	24	0.00570
4	24	-0.00123
5	24	0.00066
6	24	-0.00761
7	24	-0.00319
8	24	-0.00890
9	24	-0.00653
10	24	0.00191
11	24	0.00604
12	24	-0.00458
13	24	0.00251
14	24	0.00098
15	24	0.00132
16	24	0.00424
17	24	0.01295
18	24	-0.01014
19	24	-0.00603
20	24	0.01377
21	24	0.01476
22	24	-0.00030
23	24	-0.04088
24	24	0.99809
25	24	-0.00152
26	24	0.00308
27	24	-0.00282
28	24	-0.00416
29	24	-0.00109
30	24	0.00001
31	24	-0.00201
32	24	0.00210
33	24	0.00146
34	24	-0.00200
35	24	-0.00012
36	24	-0.00180
37	24	-0.00003
38	24	-0.00087
39	24	-0.00015
40	24	0.00148
41	24	-0.00051
42	24	0.00015
43	24	0.00004
44	24	-0.00038
45	24	-0.00006
46	24	-0.00076
47	24	-0.00039
48	24	-0.00020
49	24	-0.00009
50	24	-0.00037
51	24	-0.00024
52	24	0.00172
53	24	-0.00014
54	24	0.00045
55	24	0.00001
56	24	0.00065
57	24	0.00065
58	24	0.00006
59	24	0.00098
60	24	-0.00021
61	24	0.00042
62	24	0.00050
63	24	-0.00085
64	24	0.00105
65	24	0.00009
66	24	0.00021
67	24	-0.00026
68	24	0.00035
69	24	-0.00024
70	24	0.00019
71	24	-0.00028
72	24	-0.00006
73	24	-0.00046
74	24	0.00022
75	24	-0.00042
76	24	-0.00008
77	24	0.00030
78	24	-0.00010
79	24	-0.00022
80	24	0.00097
81	24	-0.00094
82	24	-0.00015
83	24	-0.00018
84	24	-0.00023
85	24	-0.00009
86	24	-0.00080
87	24	-0.00002
88	24	0.00003
89	24	-0.00000
90	24	0.00007
91	24	-0.00004
92	24	-0.00008
93	24	0.00000
94	24	0.00000
95	24	-0.00001
96	24	0.00002
97	24	-0.00004
98	24	-0.00007
99	24	-0.00002
100	24	-0.00002
101	24	-0.00001
102	24	0.00000
103	24	0.00006
104	24	0.00005
1	25	-0.00191
2	25	0.00355
3	25	-0.00202
4	25	-0.00135
5	25	-0.00282
6	25	0.00265
7	25	0.00502
8	25	0.00007
9	25	-0.00187
10	25	0.00883
11	25	0.00235
12	25	-0.00312
13	25	0.00112
14	25	-0.00279
15	25	-0.00190
16	25	0.00042
17	25	-0.00186
18	25	0.00299
19	25	0.00301
20	25	-0.00288
21	25	0.00287
22	25	0.00736
23	25	-0.00089
24	25	0.00189
25	25	0.99860
26	25	-0.00177
27	25	-0.04669
28	25	-0.00182
29	25	-0.00360
30	25	-0.00052
31	25	-0.00005
32	25	0.00002
33	25	-0.00264
34	25	-0.00157
35	25	0.00185
36	25	-0.01162
37	25	-0.00009
38	25	0.00040
39	25	0.00047
40	25	0.00180
41	25	-0.00001
42	25	-0.00021
43	25	-0.00014
44	25	0.00008
45	25	0.00001
46	25	-0.00045
47	25	0.00154
48	25	0.00013
49	25	-0.00012
50	25	-0.00006
51	25	-0.00052
52	25	-0.00016
53	25	-0.00495
54	25	0.00010
55	25	-0.00206
56	25	0.00083
57	25	0.00198
58	25	-0.00134
59	25	0.00023
60	25	0.00021
61	25	0.00043
62	25	-0.00041
63	25	-0.00002
64	25	-0.00025
65	25	-0.00173
66	25	0.00004
67	25	-0.00007
68	25	-0.00006
69	25	0.00003
70	25	0.00009
71	25	0.00147
72	25	-0.00003
73	25	-0.00210
74	25	-0.00012
75	25	-0.00006
76	25	0.00005
77	25	0.00005
78	25	0.00004
79	25	0.00013
80	25	0.00068
81	25	0.00027
82	25	-0.00260
83	25	-0.00025
84	25	0.00069
85	25	-0.00032
86	25	-0.00003
87	25	-0.00000
88	25	-0.00000
89	25	0.00000
90	25	-0.00001
91	25	-0.00000
92	25	0.00000
93	25	-0.00001
94	25	0.00000
95	25	0.00004
96	25	-0.00018
97	25	0.00007
98	25	-0.00001
99	25	-0.00000
100	25	0.00014
101	25	-0.00004
102	25	-0.00006
103	25	0.00001
104	25	0.00008
1	26	0.00454
2	26	0.00178
3	26	0.01181
4	26	0.00073
5	26	-0.00581
6	26	-0.00544
7	26	-0.00019
8	26	-0.00416
9	26	0.00111
10	26	0.00111
11	26	-0.00495
12	26	0.00100
13	26	0.00187
14	26	-0.00072
15	26	-0.00386
16	26	-0.00181
17	26	0.00133
18	26	-0.00663
19	26	-0.00807
20	26	0.00658
21	26	-0.00252
22	26	0.00471
23	26	-0.00336
24	26	-0.00306
25	26	0.00142
26	26	1.00093
27	26	0.00143
28	26	0.01074
29	26	0.01038
30	26	0.00372
31	26	-0.00630
32	26	-0.00222
33	26	-0.00242
34	26	0.00181
35	26	-0.00038
36	26	0.00080
37	26	0.00051
38	26	0.00066
39	26	-0.00152
40	26	-0.00110
41	26	0.00042
42	26	0.00003
43	26	0.00025
44	26	0.00029
45	26	-0.00047
46	26	0.00068
47	26	0.00025
48	26	-0.00003
49	26	-0.00030
50	26	0.00043
51	26	-0.00008
52	26	0.00081
53	26	0.00084
54	26	-0.00059
55	26	0.00005
56	26	0.00030
57	26	0.00026
58	26	0.00080
59	26	-0.00012
60	26	-0.00060
61	26	0.00036
62	26	0.00015
63	26	-0.00081
64	26	0.00044
65	26	0.00006
66	26	0.00028
67	26	-0.00017
68	26	-0.00040
69	26	-0.00039
70	26	-0.00005
71	26	0.00029
72	26	0.00004
73	26	0.00035
74	26	0.00034
75	26	-0.00023
76	26	-0.00007
77	26	0.00015
78	26	0.00001
79	26	-0.00031
80	26	-0.00029
81	26	-0.00026
82	26	-0.00003
83	26	-0.00034
84	26	-0.00016
85	26	0.00019
86	26	-0.00073
87	26	0.00004
88	26	0.00001
89	26	0.00000
90	26	0.00001
91	26	-0.00014
92	26	-0.00002
93	26	-0.00000
94	26	0.00002
95	26	0.00002
96	26	-0.00002
97	26	0.00003
98	26	0.00004
99	26	0.00003
100	26	0.00001
101	26	-0.00001
102	26	-0.00000
103	26	0.00001
104	26	-0.00010
1	27	-0.01409
2	27	0.00702
3	27	-0.00903
4	27	-0.00583
5	27	-0.00716
6	27	0.00766
7	27	0.00936
8	27	0.00505
9	27	-0.00392
10	27	0.03192
11	27	0.00532
12	27	-0.00933
13	27	0.00339
14	27	-0.00767
15	27	-0.00366
16	27	0.00349
17	27	-0.00744
18	27	0.01485
19	27	0.01860
20	27	-0.00375
21	27	0.00487
22	27	0.02694
23	27	-0.00144
24	27	0.00314
25	27	0.04487
26	27	-0.00133
27	27	0.99325
28	27	-0.02422
29	27	-0.05312
30	27	-0.00501
31	27	-0.00261
32	27	-0.00763
33	27	-0.01682
34	27	-0.00518
35	27	0.01210
36	27	-0.07093
37	27	-0.00097
38	27	0.00405
39	27	0.00370
40	27	0.01166
41	27	-0.00067
42	27	-0.00483
43	27	-0.00052
44	27	0.00029
45	27	0.00127
46	27	-0.00090
47	27	0.00484
48	27	0.00050
49	27	0.00019
50	27	-0.00023
51	27	-0.00022
52	27	-0.00078
53	27	-0.02232
54	27	0.00051
55	27	-0.00143
56	27	0.00445
57	27	0.00756
58	27	-0.00494
59	27	0.00226
60	27	0.00153
61	27	-0.00183
62	27	-0.00038
63	27	0.00053
64	27	-0.00024
65	27	-0.00190
66	27	0.00008
67	27	-0.00028
68	27	0.00077
69	27	0.00041
70	27	0.00011
71	27	0.00090
72	27	-0.00007
73	27	-0.00117
74	27	-0.00062
75	27	-0.00027
76	27	0.00019
77	27	0.00039
78	27	0.00036
79	27	-0.00044
80	27	-0.00417
81	27	0.00177
82	27	0.00045
83	27	0.00077
84	27	0.00249
85	27	-0.00097
86	27	0.00011
87	27	0.00000
88	27	-0.00001
89	27	0.00002
90	27	-0.00006
91	27	-0.00000
92	27	0.00002
93	27	-0.00002
94	27	0.00001
95	27	0.00003
96	27	-0.00020
97	27	0.00011
98	27	-0.00009
99	27	-0.00001
100	27	0.00014
101	27	-0.00012
102	27	-0.00008
103	27	0.00005
104	27	0.00029
1	28	-0.00124
2	28	0.00170
3	28	-0.00157
4	28	-0.00069
5	28	0.00025
6	28	0.00065
7	28	0.00165
8	28	-0.00186
9	28	-0.00077
10	28	0.00211
11	28	0.00635
12	28	-0.00501
13	28	0.00193
14	28	0.00091
15	28	-0.00032
16	28	0.00057
17	28	0.00011
18	28	0.00083
19	28	0.00359
20	28	-0.00283
21	28	0.00447
22	28	0.00271
23	28	0.00141
24	28	0.00311
25	28	0.00575
26	28	-0.01549
27	28	0.05532
28	28	0.48637
29	28	0.87099
30	28	0.00212
31	28	-0.00036
32	28	0.00486
33	28	-0.00648
34	28	-0.00018
35	28	-0.00110
36	28	-0.01111
37	28	0.00185
38	28	0.00098
39	28	0.00031
40	28	-0.00324
41	28	-0.00016
42	28	-0.00089
43	28	-0.00013
44	28	-0.00038
45	28	-0.00086
46	28	-0.00082
47	28	0.00002
48	28	-0.00028
49	28	-0.00198
50	28	-0.00005
51	28	0.00003
52	28	-0.00015
53	28	-0.00172
54	28	0.00038
55	28	0.00011
56	28	0.00085
57	28	-0.00011
58	28	-0.00118
59	28	0.00034
60	28	0.00006
61	28	0.00053
62	28	0.00074
63	28	0.00043
64	28	0.00078
65	28	-0.00018
66	28	-0.00005
67	28	0.00010
68	28	-0.00040
69	28	-0.00019
70	28	-0.00007
71	28	0.00065
72	28	-0.00005
73	28	0.00043
74	28	0.00028
75	28	0.00006
76	28	0.00006
77	28	0.00008
78	28	-0.00020
79	28	-0.00065
80	28	-0.00143
81	28	0.00020
82	28	0.00025
83	28	0.00003
84	28	0.00013
85	28	0.00015
86	28	0.00003
87	28	0.00000
88	28	-0.00000
89	28	0.00001
90	28	-0.00000
91	28	0.00003
92	28	0.00005
93	28	0.00001
94	28	-0.00001
95	28	0.00003
96	28	-0.00000
97	28	0.00001
98	28	0.00000
99	28	0.00000
100	28	0.00000
101	28	-0.00002
102	28	-0.00000
103	28	0.00001
104	28	-0.00010
1	29	-0.00284
2	29	0.00168
3	29	-0.00189
4	29	-0.00195
5	29	-0.00247
6	29	0.00043
7	29	-0.00267
8	29	0.00381
9	29	0.00737
10	29	0.00228
11	29	-0.01076
12	29	0.00116
13	29	0.00062
14	29	-0.00159
15	29	-0.00300
16	29	0.00006
17	29	-0.00540
18	29	0.00346
19	29	-0.00049
20	29	-0.00333
21	29	-0.00256
22	29	-0.00022
23	29	0.00206
24	29	-0.00199
25	29	0.00015
26	29	0.00383
27	29	0.00489
28	29	-0.87352
29	29	0.48720
30	29	-0.00019
31	29	-0.00126
32	29	-0.00759
33	29	-0.00273
34	29	-0.00443
35	29	-0.00045
36	29	-0.00055
37	29	0.00168
38	29	-0.00514
39	29	0.00074
40	29	-0.00033
41	29	0.00017
42	29	-0.00076
43	29	-0.00034
44	29	0.00274
45	29	-0.00055
46	29	0.00083
47	29	0.00028
48	29	-0.00000
49	29	0.00034
50	29	-0.00008
51	29	-0.00026
52	29	-0.00015
53	29	-0.00194
54	29	0.00001
55	29	0.00013
56	29	-0.00016
57	29	0.00051
58	29	-0.00042
59	29	-0.00018
60	29	-0.00070
61	29	-0.00010
62	29	-0.00061
63	29	-0.00001
64	29	-0.00059
65	29	0.00014
66	29	-0.00009
67	29	0.00002
68	29	-0.00071
69	29	-0.00030
70	29	0.00000
71	29	0.00006
72	29	0.00003
73	29	0.00003
74	29	0.00013
75	29	-0.00001
76	29	0.00005
77	29	-0.00002
78	29	0.00012
79	29	-0.00012
80	29	-0.00108
81	29	0.00040
82	29	0.00014
83	29	-0.00016
84	29	0.00029
85	29	0.00041
86	29	0.00008
87	29	0.00001
88	29	-0.00000
89	29	0.00000
90	29	-0.00001
91	29	-0.00000
92	29	0.00001
93	29	-0.00000
94	29	-0.00000
95	29	0.00001
96	29	-0.00003
97	29	0.00006
98	29	0.00002
99	29	-0.00000
100	29	0.00005
101	29	-0.00002
102	29	0.00001
103	29	-0.00000
104	29	0.00003
1	30	-0.00005
2	30	-0.00132
3	30	-0.00017
4	30	0.00258
5	30	0.00167
6	30	0.00339
7	30	-0.00131
8	30	0.00592
9	30	-0.00083
10	30	-0.00343
11	30	0.00345
12	30	0.00382
13	30	-0.00153
14	30	0.00207
15	30	-0.00298
16	30	-0.00015
17	30	-0.00271
18	30	0.00117
19	30	-0.00131
20	30	-0.00079
21	30	0.00197
22	30	0.00295
23	30	-0.00374
24	30	-0.00043
25	30	0.00111
26	30	-0.00501
27	30	0.00479
28	30	-0.00233
29	30	-0.00365
30	30	0.99885
31	30	0.01897
32	30	0.00435
33	30	-0.01408
34	30	-0.00322
35	30	0.00212
36	30	-0.00299
37	30	0.00114
38	30	-0.00032
39	30	0.00223
40	30	-0.00515
41	30	-0.00023
42	30	0.00176
43	30	0.00083
44	30	0.00031
45	30	0.00034
46	30	-0.00094
47	30	-0.00058
48	30	-0.00062
49	30	-0.00110
50	30	-0.00002
51	30	0.00006
52	30	-0.00037
53	30	0.00048
54	30	-0.00016
55	30	0.00001
56	30	0.00065
57	30	0.00102
58	30	-0.00047
59	30	-0.00169
60	30	-0.00064
61	30	0.00014
62	30	0.00080
63	30	-0.00052
64	30	-0.00017
65	30	0.00003
66	30	-0.00004
67	30	0.00022
68	30	0.00051
69	30	0.00021
70	30	0.00018
71	30	-0.00090
72	30	-0.00002
73	30	-0.00058
74	30	0.00020
75	30	0.00011
76	30	0.00003
77	30	0.00030
78	30	0.00015
79	30	0.00019
80	30	0.00193
81	30	-0.00192
82	30	-0.00017
83	30	0.00038
84	30	-0.00077
85	30	0.00031
86	30	0.00011
87	30	-0.00002
88	30	0.00001
89	30	-0.00001
90	30	-0.00003
91	30	0.00009
92	30	0.00006
93	30	0.00001
94	30	0.00001
95	30	-0.00004
96	30	-0.00002
97	30	-0.00001
98	30	-0.00002
99	30	0.00002
100	30	-0.00000
101	30	-0.00001
102	30	0.00000
103	30	0.00006
104	30	-0.00000
1	31	0.00072
2	31	0.00008
3	31	-0.00077
4	31	0.00334
5	31	0.00491
6	31	0.00287
7	31	-0.00540
8	31	0.00503
9	31	-0.00926
10	31	-0.00219
11	31	-0.00076
12	31	-0.00211
13	31	-0.00375
14	31	-0.01265
15	31	0.00196
16	31	0.00026
17	31	0.00312
18	31	0.00821
19	31	-0.00005
20	31	-0.00131
21	31	-0.00074
22	31	-0.00234
23	31	-0.00052
24	31	0.00145
25	31	0.00010
26	31	0.00739
27	31	0.00256
28	31	-0.00075
29	31	0.00150
30	31	-0.01894
31	31	0.99945
32	31	0.00544
33	31	0.00289
34	31	0.00015
35	31	-0.00170
36	31	-0.00132
37	31	-0.00083
38	31	-0.00099
39	31	-0.00162
40	31	0.00182
41	31	-0.00004
42	31	-0.00047
43	31	-0.00014
44	31	0.00020
45	31	-0.00079
46	31	-0.00072
47	31	-0.00046
48	31	0.00004
49	31	-0.00026
50	31	0.00171
51	31	0.00004
52	31	0.00109
53	31	-0.00002
54	31	0.00067
55	31	-0.00007
56	31	-0.00101
57	31	0.00081
58	31	0.00215
59	31	0.00024
60	31	-0.00031
61	31	0.00041
62	31	0.00059
63	31	-0.00013
64	31	-0.00069
65	31	-0.00021
66	31	-0.00009
67	31	-0.00001
68	31	-0.00027
69	31	-0.00073
70	31	0.00021
71	31	0.00061
72	31	0.00001
73	31	0.00053
74	31	0.00024
75	31	-0.00011
76	31	-0.00023
77	31	0.00003
78	31	-0.00022
79	31	-0.00053
80	31	-0.00125
81	31	0.00011
82	31	0.00017
83	31	0.00004
84	31	0.00019
85	31	-0.00034
86	31	-0.00028
87	31	0.00004
88	31	0.00004
89	31	-0.00000
90	31	0.00003
91	31	-0.00012
92	31	-0.00002
93	31	-0.00002
94	31	-0.00009
95	31	0.00002
96	31	0.00002
97	31	0.00001
98	31	0.00002
99	31	-0.00010
100	31	-0.00001
101	31	-0.00000
102	31	0.00001
103	31	-0.00003
104	31	-0.00002
1	32	0.00333
2	32	-0.00123
3	32	0.00351
4	32	0.00313
5	32	-0.00185
6	32	0.00395
7	32	0.00211
8	32	0.00585
9	32	-0.00062
10	32	-0.00250
11	32	-0.00403
12	32	0.00166
13	32	0.00325
14	32	0.00042
15	32	-0.00108
16	32	-0.00270
17	32	-0.00275
18	32	0.00091
19	32	-0.00217
20	32	0.00201
21	32	-0.00786
22	32	0.00011
23	32	0.00003
24	32	-0.00325
25	32	0.00044
26	32	0.00295
27	32	0.00604
28	32	-0.00751
29	32	-0.00092
30	32	-0.00472
31	32	-0.00562
32	32	1.00043
33	32	-0.00713
34	32	-0.00315
35	32	0.00100
36	32	-0.00305
37	32	-0.00199
38	32	0.00107
39	32	-0.00173
40	32	-0.00027
41	32	0.00199
42	32	0.00225
43	32	-0.00040
44	32	0.01701
45	32	-0.00100
46	32	-0.00000
47	32	0.00019
48	32	-0.00006
49	32	0.00125
50	32	-0.00013
51	32	-0.00106
52	32	-0.00001
53	32	0.00178
54	32	-0.00023
55	32	-0.00012
56	32	-0.00079
57	32	-0.00009
58	32	0.00068
59	32	-0.00046
60	32	-0.00026
61	32	-0.00033
62	32	-0.00007
63	32	0.00034
64	32	0.00029
65	32	-0.00008
66	32	-0.00011
67	32	0.00004
68	32	-0.00055
69	32	-0.00021
70	32	-0.00011
71	32	-0.00032
72	32	0.00003
73	32	0.00021
74	32	-0.00001
75	32	0.00007
76	32	0.00001
77	32	-0.00033
78	32	0.00048
79	32	0.00065
80	32	0.00124
81	32	-0.00003
82	32	-0.00026
83	32	0.00006
84	32	-0.00076
85	32	0.00018
86	32	0.00021
87	32	-0.00000
88	32	-0.00001
89	32	0.00000
90	32	0.00000
91	32	-0.00000
92	32	-0.00001
93	32	-0.00000
94	32	0.00000
95	32	-0.00000
96	32	0.00000
97	32	0.00002
98	32	0.00000
99	32	0.00000
100	32	0.00005
101	32	-0.00002
102	32	0.00004
103	32	-0.00000
104	32	-0.00000
1	33	-0.00756
2	33	-0.00124
3	33	-0.00174
4	33	-0.00288
5	33	-0.00454
6	33	0.00349
7	33	0.00164
8	33	0.00470
9	33	0.00136
10	33	0.00589
11	33	-0.00236
12	33	-0.00311
13	33	0.00099
14	33	-0.00022
15	33	0.00005
16	33	-0.00033
17	33	-0.00632
18	33	0.00764
19	33	0.00571
20	33	-0.00590
21	33	-0.00325
22	33	0.00129
23	33	0.00615
24	33	0.00025
25	33	0.00247
26	33	0.00188
27	33	0.01096
28	33	0.00021
29	33	0.00542
30	33	0.01582
31	33	-0.00389
32	33	0.00654
33	33	0.99610
34	33	0.00075
35	33	0.01882
36	33	-0.08571
37	33	-0.00053
38	33	0.00799
39	33	0.00768
40	33	0.00976
41	33	0.00144
42	33	0.00476
43	33	-0.00165
44	33	0.00080
45	33	0.00199
46	33	-0.00034
47	33	0.00304
48	33	0.00045
49	33	0.00063
50	33	-0.00081
51	33	-0.00067
52	33	0.00065
53	33	-0.00646
54	33	-0.00035
55	33	-0.00090
56	33	-0.00017
57	33	0.00477
58	33	-0.00221
59	33	0.00020
60	33	-0.00036
61	33	-0.00182
62	33	-0.00112
63	33	-0.00054
64	33	-0.00114
65	33	0.00004
66	33	0.00017
67	33	-0.00005
68	33	0.00021
69	33	-0.00013
70	33	0.00076
71	33	-0.00336
72	33	0.00008
73	33	-0.00383
74	33	0.00006
75	33	-0.00044
76	33	-0.00009
77	33	0.00003
78	33	-0.00040
79	33	0.00100
80	33	0.00777
81	33	-0.00140
82	33	-0.00083
83	33	-0.00095
84	33	0.00000
85	33	-0.00026
86	33	-0.00016
87	33	-0.00004
88	33	0.00001
89	33	0.00000
90	33	0.00008
91	33	0.00008
92	33	-0.00005
93	33	-0.00001
94	33	-0.00003
95	33	0.00000
96	33	-0.00015
97	33	0.00005
98	33	-0.00003
99	33	-0.00005
100	33	0.00010
101	33	-0.00003
102	33	-0.00006
103	33	0.00014
104	33	0.00019
1	34	-0.00002
2	34	-0.00111
3	34	0.00057
4	34	0.00076
5	34	-0.00016
6	34	0.00092
7	34	-0.00227
8	34	0.00409
9	34	0.00224
10	34	-0.00212
11	34	-0.00627
12	34	0.00164
13	34	0.00214
14	34	-0.00021
15	34	0.00011
16	34	-0.00294
17	34	-0.00247
18	34	0.00165
19	34	-0.00110
20	34	0.00005
21	34	-0.00545
22	34	-0.00137
23	34	0.00079
24	34	-0.00216
25	34	-0.00165
26	34	0.00218
27	34	-0.00255
28	34	0.00450
29	34	-0.00114
30	34	-0.00310
31	34	0.00032
32	34	-0.00285
33	34	0.00238
34	34	-0.98560
35	34	0.16011
36	34	0.05609
37	34	0.00540
38	34	-0.01700
39	34	-0.00036
40	34	-0.00150
41	34	0.01678
42	34	-0.00263
43	34	0.00061
44	34	-0.00430
45	34	-0.00149
46	34	0.00123
47	34	-0.00002
48	34	-0.00035
49	34	0.00197
50	34	-0.00008
51	34	-0.00009
52	34	-0.00002
53	34	0.00085
54	34	-0.00011
55	34	0.00000
56	34	-0.00071
57	34	-0.00053
58	34	0.00085
59	34	-0.00051
60	34	-0.00079
61	34	-0.00021
62	34	-0.00025
63	34	0.00016
64	34	-0.00020
65	34	0.00021
66	34	-0.00025
67	34	0.00012
68	34	-0.00094
69	34	-0.00042
70	34	-0.00016
71	34	0.00019
72	34	0.00007
73	34	0.00070
74	34	0.00010
75	34	0.00005
76	34	0.00003
77	34	-0.00029
78	34	0.00049
79	34	0.00031
80	34	-0.00071
81	34	0.00029
82	34	0.00009
83	34	0.00011
84	34	-0.00043
85	34	0.00067
86	34	0.00022
87	34	0.00000
88	34	-0.00000
89	34	0.00000
90	34	-0.00000
91	34	-0.00001
92	34	-0.00001
93	34	-0.00001
94	34	-0.00000
95	34	-0.00003
96	34	-0.00002
97	34	0.00004
98	34	0.00006
99	34	-0.00001
100	34	0.00004
101	34	0.00001
102	34	-0.00003
103	34	0.00004
104	34	0.00000
1	35	0.00282
2	35	0.00018
3	35	0.00068
4	35	0.00116
5	35	0.00265
6	35	-0.00110
7	35	-0.00048
8	35	-0.00183
9	35	-0.00257
10	35	-0.00125
11	35	0.00054
12	35	-0.00074
13	35	-0.00074
14	35	-0.00158
15	35	0.00157
16	35	0.00082
17	35	0.00153
18	35	-0.00074
19	35	0.00039
20	35	-0.00012
21	35	0.00224
22	35	-0.00000
23	35	-0.00009
24	35	0.00052
25	35	-0.00023
26	35	0.00061
27	35	-0.00232
28	35	0.00014
29	35	0.00300
30	35	-0.00053
31	35	0.00159
32	35	-0.00020
33	35	-0.00871
34	35	0.16607
35	35	0.97801
36	35	0.12485
37	35	-0.01026
38	35	0.00405
39	35	-0.00068
40	35	0.00251
41	35	-0.00440
42	35	0.00107
43	35	0.00059
44	35	0.00082
45	35	-0.00140
46	35	-0.00059
47	35	-0.00108
48	35	-0.00049
49	35	-0.00026
50	35	0.00037
51	35	0.00021
52	35	0.00016
53	35	0.00201
54	35	0.00028
55	35	0.00016
56	35	-0.00004
57	35	-0.00050
58	35	0.00028
59	35	0.00108
60	35	-0.00022
61	35	0.00084
62	35	0.00118
63	35	0.00016
64	35	0.00071
65	35	-0.00011
66	35	-0.00035
67	35	0.00025
68	35	-0.00007
69	35	-0.00000
70	35	-0.00031
71	35	0.00031
72	35	0.00003
73	35	0.00024
74	35	-0.00023
75	35	0.00006
76	35	-0.00001
77	35	-0.00035
78	35	0.00049
79	35	0.00046
80	35	-0.00049
81	35	0.00037
82	35	0.00003
83	35	0.00040
84	35	-0.00039
85	35	0.00049
86	35	0.00013
87	35	0.00002
88	35	0.00000
89	35	-0.00000
90	35	-0.00000
91	35	-0.00007
92	35	-0.00004
93	35	-0.00002
94	35	-0.00000
95	35	-0.00014
96	35	0.00004
97	35	-0.00002
98	35	0.00005
99	35	-0.00001
100	35	-0.00006
101	35	0.00001
102	35	0.00002
103	35	0.00019
104	35	-0.00004
1	36	0.01692
2	36	-0.00637
3	36	0.01081
4	36	0.00666
5	36	0.00728
6	36	-0.00711
7	36	-0.00862
8	36	-0.00466
9	36	0.00757
10	36	-0.03408
11	36	-0.00719
12	36	0.01020
13	36	-0.00196
14	36	0.00930
15	36	0.00592
16	36	-0.00289
17	36	0.00324
18	36	-0.00743
19	36	-0.01012
20	36	0.00307
21	36	-0.00628
22	36	-0.02180
23	36	0.00107
24	36	-0.00278
25	36	-0.01425
26	36	0.00088
27	36	-0.06661
28	36	-0.00259
29	36	-0.00426
30	36	-0.00470
31	36	-0.00110
32	36	-0.00446
33	36	-0.08443
34	36	-0.03299
35	36	0.12938
36	36	-0.97404
37	36	0.03199
38	36	-0.02339
39	36	-0.03828
40	36	-0.12040
41	36	-0.00464
42	36	-0.02349
43	36	0.00261
44	36	-0.00001
45	36	-0.00530
46	36	0.00946
47	36	-0.01885
48	36	-0.00147
49	36	0.00175
50	36	0.00040
51	36	0.00166
52	36	0.00244
53	36	0.04537
54	36	-0.00039
55	36	0.00375
56	36	-0.00632
57	36	-0.02537
58	36	0.01487
59	36	-0.00469
60	36	-0.00208
61	36	0.00497
62	36	0.00056
63	36	-0.00066
64	36	0.00110
65	36	0.00182
66	36	-0.00077
67	36	0.00120
68	36	-0.00068
69	36	-0.00125
70	36	-0.00184
71	36	0.01268
72	36	-0.00014
73	36	0.01654
74	36	0.00092
75	36	0.00048
76	36	-0.00046
77	36	-0.00045
78	36	0.00001
79	36	-0.00503
80	36	-0.02875
81	36	0.00295
82	36	0.00305
83	36	0.00280
84	36	-0.00180
85	36	0.00255
86	36	0.00003
87	36	0.00003
88	36	0.00002
89	36	-0.00003
90	36	0.00011
91	36	0.00001
92	36	-0.00003
93	36	0.00003
94	36	-0.00004
95	36	-0.00008
96	36	0.00048
97	36	-0.00018
98	36	0.00022
99	36	-0.00000
100	36	-0.00041
101	36	0.00012
102	36	0.00021
103	36	-0.00005
104	36	-0.00063
1	37	0.00145
2	37	0.00023
3	37	0.00120
4	37	0.00118
5	37	0.00138
6	37	0.00007
7	37	0.00104
8	37	0.00008
9	37	0.00107
10	37	0.00039
11	37	-0.00119
12	37	0.00171
13	37	0.00123
14	37	-0.00068
15	37	0.00102
16	37	-0.00005
17	37	0.00165
18	37	0.00037
19	37	-0.00031
20	37	0.00064
21	37	0.00041
22	37	0.00130
23	37	0.00090
24	37	-0.00090
25	37	0.00050
26	37	-0.00096
27	37	0.00154
28	37	-0.00123
29	37	-0.00257
30	37	-0.00192
31	37	0.00163
32	37	0.00174
33	37	0.00048
34	37	0.00290
35	37	0.00575
36	37	0.02622
37	37	0.96200
38	37	0.27274
39	37	-0.01214
40	37	0.00047
41	37	0.00001
42	37	0.00641
43	37	0.00031
44	37	-0.00344
45	37	-0.00042
46	37	-0.00145
47	37	0.00023
48	37	-0.00140
49	37	-0.00305
50	37	0.00032
51	37	0.00016
52	37	-0.00019
53	37	0.00122
54	37	-0.00030
55	37	-0.00038
56	37	-0.00165
57	37	0.00079
58	37	-0.00173
59	37	0.00113
60	37	-0.00147
61	37	-0.00120
62	37	-0.00128
63	37	0.00146
64	37	0.00042
65	37	-0.00021
66	37	-0.00025
67	37	-0.00004
68	37	-0.00036
69	37	-0.00016
70	37	0.00009
71	37	-0.00108
72	37	0.00020
73	37	-0.00117
74	37	-0.00021
75	37	-0.00001
76	37	-0.00000
77	37	0.00003
78	37	0.00018
79	37	0.00060
80	37	0.00321
81	37	-0.00110
82	37	-0.00021
83	37	-0.00052
84	37	-0.00099
85	37	0.00012
86	37	0.00001
87	37	-0.00000
88	37	-0.00000
89	37	0.00001
90	37	0.00001
91	37	0.00001
92	37	0.00002
93	37	-0.00005
94	37	-0.00000
95	37	0.00004
96	37	0.00006
97	37	0.00006
98	37	0.00024
99	37	0.00000
100	37	-0.00008
101	37	0.00001
102	37	-0.00002
103	37	-0.00009
104	37	-0.00005
1	38	0.00479
2	38	-0.00141
3	38	0.00374
4	38	0.00206
5	38	0.00199
6	38	-0.00192
7	38	-0.00153
8	38	-0.00112
9	38	0.00124
10	38	-0.00373
11	38	-0.00280
12	38	0.00526
13	38	-0.00391
14	38	-0.00124
15	38	-0.00031
16	38	-0.00089
17	38	0.00497
18	38	-0.00482
19	38	-0.00599
20	38	0.00386
21	38	-0.00034
22	38	0.00106
23	38	-0.00355
24	38	-0.00182
25	38	-0.00122
26	38	0.00031
27	38	-0.00675
28	38	-0.00192
29	38	0.00055
30	38	-0.00577
31	38	0.00473
32	38	0.00013
33	38	-0.01501
34	38	-0.00980
35	38	0.00674
36	38	-0.04111
37	38	-0.10740
38	38	0.42288
39	38	0.89916
40	38	-0.03194
41	38	0.00424
42	38	-0.00342
43	38	0.00057
44	38	0.00725
45	38	-0.00034
46	38	0.00165
47	38	-0.00226
48	38	0.00013
49	38	-0.00083
50	38	0.00119
51	38	0.00075
52	38	-0.00029
53	38	0.00434
54	38	-0.00109
55	38	0.00053
56	38	0.00138
57	38	-0.00287
58	38	-0.00046
59	38	-0.00030
60	38	0.00163
61	38	0.00033
62	38	0.00011
63	38	0.00069
64	38	0.00124
65	38	-0.00007
66	38	-0.00053
67	38	0.00051
68	38	-0.00037
69	38	-0.00042
70	38	0.00006
71	38	0.00043
72	38	0.00002
73	38	0.00055
74	38	0.00007
75	38	0.00020
76	38	-0.00020
77	38	-0.00026
78	38	0.00029
79	38	-0.00038
80	38	-0.00130
81	38	0.00015
82	38	0.00009
83	38	-0.00056
84	38	-0.00030
85	38	0.00078
86	38	0.00005
87	38	-0.00002
88	38	-0.00002
89	38	-0.00000
90	38	0.00007
91	38	0.00002
92	38	0.00006
93	38	-0.00001
94	38	-0.00003
95	38	-0.00001
96	38	0.00004
97	38	-0.00004
98	38	-0.00004
99	38	-0.00001
100	38	-0.00002
101	38	0.00001
102	38	0.00002
103	38	0.00002
104	38	-0.00027
1	39	0.00121
2	39	0.00096
3	39	0.00112
4	39	0.00107
5	39	-0.00139
6	39	0.00193
7	39	0.00051
8	39	0.00339
9	39	-0.00025
10	39	0.00046
11	39	-0.00298
12	39	0.00110
13	39	0.00094
14	39	-0.00090
15	39	-0.00159
16	39	0.00013
17	39	-0.00063
18	39	-0.00054
19	39	-0.00245
20	39	0.00111
21	39	-0.00286
22	39	0.00123
23	39	-0.00084
24	39	-0.00150
25	39	0.00080
26	39	0.00116
27	39	0.00328
28	39	0.00457
29	39	-0.00197
30	39	-0.00241
31	39	0.00072
32	39	0.00316
33	39	0.00476
34	39	0.01735
35	39	0.00228
36	39	0.01472
37	39	0.24949
38	39	-0.86325
39	39	0.43641
40	39	-0.03001
41	39	-0.01482
42	39	0.00230
43	39	0.00084
44	39	-0.02546
45	39	-0.00035
46	39	0.00048
47	39	0.00139
48	39	0.00005
49	39	0.00211
50	39	0.00008
51	39	-0.00120
52	39	-0.00024
53	39	-0.00176
54	39	-0.00048
55	39	-0.00095
56	39	0.00090
57	39	0.00126
58	39	-0.00050
59	39	-0.00103
60	39	0.00104
61	39	-0.00021
62	39	0.00035
63	39	-0.00020
64	39	0.00014
65	39	0.00083
66	39	-0.00010
67	39	0.00011
68	39	-0.00061
69	39	-0.00029
70	39	0.00010
71	39	-0.00059
72	39	-0.00001
73	39	-0.00045
74	39	0.00013
75	39	0.00008
76	39	-0.00003
77	39	-0.00029
78	39	0.00031
79	39	0.00044
80	39	0.00163
81	39	0.00015
82	39	-0.00015
83	39	-0.00019
84	39	-0.00022
85	39	0.00024
86	39	0.00014
87	39	-0.00001
88	39	-0.00001
89	39	0.00000
90	39	0.00002
91	39	0.00001
92	39	0.00001
93	39	0.00001
94	39	-0.00001
95	39	0.00001
96	39	-0.00009
97	39	-0.00000
98	39	-0.00004
99	39	-0.00000
100	39	0.00002
101	39	-0.00003
102	39	-0.00005
103	39	0.00002
104	39	-0.00002
1	40	0.00100
2	40	-0.00452
3	40	0.00003
4	40	0.00182
5	40	0.00293
6	40	-0.00045
7	40	-0.00406
8	40	0.00304
9	40	0.00376
10	40	-0.01149
11	40	-0.00287
12	40	0.00449
13	40	-0.00105
14	40	0.00357
15	40	0.00340
16	40	-0.00096
17	40	-0.00025
18	40	0.00071
19	40	-0.00113
20	40	-0.00088
21	40	-0.00322
22	40	-0.00729
23	40	0.00316
24	40	-0.00140
25	40	-0.00393
26	40	0.00186
27	40	-0.01903
28	40	0.00150
29	40	0.00372
30	40	0.00413
31	40	-0.00174
32	40	-0.00047
33	40	-0.02007
34	40	-0.00550
35	40	0.01349
36	40	-0.11738
37	40	0.00759
38	40	-0.01556
39	40	0.03724
40	40	0.99117
41	40	-0.00208
42	40	-0.00872
43	40	-0.00061
44	40	-0.00107
45	40	0.00144
46	40	0.00122
47	40	-0.00730
48	40	-0.00017
49	40	0.00094
50	40	0.00003
51	40	0.00044
52	40	0.00016
53	40	0.01244
54	40	0.00104
55	40	0.00055
56	40	-0.00194
57	40	-0.00568
58	40	0.00426
59	40	-0.00152
60	40	-0.00015
61	40	0.00004
62	40	-0.00091
63	40	0.00071
64	40	-0.00079
65	40	0.00070
66	40	0.00047
67	40	-0.00006
68	40	-0.00010
69	40	0.00030
70	40	-0.00057
71	40	0.00173
72	40	-0.00002
73	40	0.00249
74	40	0.00015
75	40	0.00019
76	40	0.00027
77	40	0.00018
78	40	-0.00027
79	40	-0.00070
80	40	-0.00416
81	40	0.00062
82	40	0.00035
83	40	0.00078
84	40	-0.00070
85	40	0.00092
86	40	-0.00002
87	40	0.00004
88	40	0.00001
89	40	-0.00001
90	40	-0.00010
91	40	-0.00002
92	40	-0.00002
93	40	-0.00001
94	40	0.00004
95	40	-0.00003
96	40	0.00011
97	40	-0.00009
98	40	-0.00003
99	40	0.00003
100	40	-0.00010
101	40	0.00002
102	40	0.00004
103	40	0.00006
104	40	-0.00002
1	41	0.00110
2	41	-0.00118
3	41	0.00096
4	41	0.00043
5	41	0.00066
6	41	-0.00046
7	41	0.00122
8	41	-0.00178
9	41	-0.00072
10	41	0.00016
11	41	0.00247
12	41	-0.00043
13	41	-0.00067
14	41	0.00021
15	41	0.00053
16	41	-0.00112
17	41	0.00108
18	41	-0.00048
19	41	0.00041
20	41	0.00052
21	41	0.00245
22	41	-0.00003
23	41	-0.00045
24	41	0.00068
25	41	-0.00006
26	41	-0.00058
27	41	0.00013
28	41	0.00016
29	41	-0.00007
30	41	0.00033
31	41	0.00001
32	41	-0.00201
33	41	-0.00146
34	41	0.01712
35	41	0.00209
36	41	-0.00352
37	41	0.00499
38	41	-0.01545
39	41	0.00270
40	41	0.00101
41	41	0.99797
42	41	-0.05723
43	41	-0.00387
44	41	0.02003
45	41	0.00250
46	41	-0.00347
47	41	0.00109
48	41	0.00030
49	41	-0.00275
50	41	0.00022
51	41	0.00040
52	41	0.00018
53	41	-0.00178
54	41	0.00033
55	41	-0.00057
56	41	0.00112
57	41	-0.00111
58	41	0.00005
59	41	0.00075
60	41	0.00043
61	41	0.00010
62	41	0.00034
63	41	0.00012
64	41	0.00041
65	41	-0.00051
66	41	0.00003
67	41	0.00001
68	41	0.00058
69	41	0.00023
70	41	0.00001
71	41	0.00026
72	41	-0.00003
73	41	-0.00084
74	41	-0.00014
75	41	-0.00005
76	41	-0.00002
77	41	0.00023
78	41	-0.00005
79	41	-0.00041
80	41	-0.00158
81	41	0.00009
82	41	0.00006
83	41	0.00028
84	41	0.00120
85	41	-0.00017
86	41	-0.00011
87	41	0.00000
88	41	0.00000
89	41	-0.00000
90	41	0.00001
91	41	-0.00000
92	41	-0.00000
93	41	0.00000
94	41	-0.00000
95	41	-0.00001
96	41	0.00005
97	41	-0.00001
98	41	-0.00002
99	41	0.00000
100	41	0.00003
101	41	-0.00003
102	41	-0.00003
103	41	-0.00001
104	41	-0.00003
1	42	0.00046
2	42	0.00019
3	42	0.00076
4	42	0.00054
5	42	0.00053
6	42	0.00002
7	42	0.00006
8	42	0.00019
9	42	-0.00101
10	42	-0.00021
11	42	-0.00046
12	42	-0.00048
13	42	0.00016
14	42	-0.00047
15	42	0.00074
16	42	-0.00005
17	42	0.00025
18	42	0.00018
19	42	0.00036
20	42	-0.00034
21	42	0.00060
22	42	0.00084
23	42	0.00028
24	42	-0.00016
25	42	0.00014
26	42	0.00003
27	42	0.00049
28	42	0.00012
29	42	0.00101
30	42	-0.00086
31	42	0.00012
32	42	0.00012
33	42	0.00199
34	42	0.00052
35	42	-0.00076
36	42	0.00239
37	42	-0.00020
38	42	0.00004
39	42	-0.00013
40	42	0.00100
41	42	0.00310
42	42	-0.00604
43	42	0.99992
44	42	0.02013
45	42	0.00173
46	42	-0.00133
47	42	0.00065
48	42	-0.00139
49	42	-0.00174
50	42	0.00020
51	42	0.00030
52	42	-0.00003
53	42	-0.00068
54	42	-0.00001
55	42	0.00007
56	42	0.00166
57	42	0.00050
58	42	-0.00125
59	42	0.00074
60	42	-0.00068
61	42	0.00020
62	42	0.00061
63	42	0.00058
64	42	0.00082
65	42	-0.00011
66	42	-0.00035
67	42	0.00017
68	42	-0.00040
69	42	-0.00028
70	42	-0.00010
71	42	-0.00033
72	42	0.00002
73	42	-0.00054
74	42	0.00014
75	42	0.00002
76	42	-0.00003
77	42	-0.00023
78	42	0.00064
79	42	0.00050
80	42	0.00062
81	42	-0.00025
82	42	-0.00012
83	42	-0.00006
84	42	-0.00006
85	42	0.00049
86	42	0.00013
87	42	-0.00000
88	42	0.00000
89	42	0.00001
90	42	0.00002
91	42	-0.00001
92	42	0.00004
93	42	-0.00001
94	42	-0.00000
95	42	0.00018
96	42	0.00003
97	42	0.00003
98	42	0.00006
99	42	-0.00001
100	42	-0.00001
101	42	-0.00000
102	42	-0.00000
103	42	0.00024
104	42	-0.00004
1	43	-0.00269
2	43	-0.00126
3	43	-0.00104
4	43	-0.00129
5	43	-0.00101
6	43	0.00034
7	43	0.00135
8	43	0.00046
9	43	0.00035
10	43	0.00665
11	43	-0.00205
12	43	-0.00092
13	43	-0.00178
14	43	-0.00236
15	43	-0.00256
16	43	0.00031
17	43	-0.00090
18	43	-0.00054
19	43	-0.00072
20	43	-0.00406
21	43	-0.00174
22	43	0.00322
23	43	0.00157
24	43	0.00099
25	43	0.00019
26	43	-0.00015
27	43	-0.00296
28	43	-0.00006
29	43	-0.00107
30	43	0.00221
31	43	-0.00040
32	43	0.00260
33	43	0.00755
34	43	0.00278
35	43	-0.00281
36	43	0.02558
37	43	0.00596
38	43	-0.00006
39	43	-0.00170
40	43	-0.00594
41	43	-0.05685
42	43	-0.99687
43	43	-0.00573
44	43	-0.00641
45	43	0.01032
46	43	0.00548
47	43	-0.00834
48	43	0.00039
49	43	0.00432
50	43	-0.00068
51	43	-0.00495
52	43	-0.00047
53	43	0.03886
54	43	-0.00319
55	43	0.00105
56	43	-0.01180
57	43	0.00474
58	43	0.00013
59	43	-0.00086
60	43	-0.00312
61	43	-0.00093
62	43	0.00011
63	43	-0.00122
64	43	-0.00143
65	43	0.00117
66	43	0.00034
67	43	-0.00033
68	43	-0.00033
69	43	0.00004
70	43	0.00038
71	43	-0.00331
72	43	0.00009
73	43	0.00368
74	43	0.00025
75	43	0.00013
76	43	-0.00011
77	43	-0.00090
78	43	-0.00111
79	43	0.00272
80	43	0.01661
81	43	-0.00265
82	43	0.00080
83	43	-0.00297
84	43	-0.01258
85	43	-0.00077
86	43	0.00009
87	43	-0.00002
88	43	-0.00001
89	43	0.00001
90	43	-0.00001
91	43	0.00000
92	43	0.00000
93	43	-0.00001
94	43	0.00000
95	43	-0.00005
96	43	0.00019
97	43	-0.00011
98	43	0.00008
99	43	-0.00000
100	43	-0.00012
101	43	0.00009
102	43	-0.00002
103	43	-0.00000
104	43	0.00020
1	44	-0.00023
2	44	-0.00078
3	44	0.00012
4	44	-0.00022
5	44	0.00039
6	44	-0.00071
7	44	0.00007
8	44	-0.00125
9	44	-0.00025
10	44	0.00047
11	44	0.00095
12	44	-0.00047
13	44	-0.00039
14	44	-0.00020
15	44	0.00013
16	44	0.00001
17	44	0.00071
18	44	-0.00039
19	44	0.00013
20	44	-0.00013
21	44	0.00146
22	44	0.00037
23	44	-0.00008
24	44	0.00055
25	44	-0.00020
26	44	-0.00038
27	44	-0.00012
28	44	0.00296
29	44	-0.00116
30	44	-0.00017
31	44	-0.00011
32	44	-0.01649
33	44	-0.00036
34	44	-0.00453
35	44	-0.00016
36	44	0.00108
37	44	0.01063
38	44	-0.02425
39	44	0.00467
40	44	0.00043
41	44	-0.02113
42	44	-0.00473
43	44	-0.02014
44	44	0.99908
45	44	0.02046
46	44	-0.00183
47	44	-0.00120
48	44	0.00005
49	44	-0.00162
50	44	0.00011
51	44	0.00063
52	44	0.00013
53	44	0.00300
54	44	-0.00012
55	44	-0.00097
56	44	-0.00012
57	44	-0.00018
58	44	-0.00010
59	44	0.00041
60	44	0.00017
61	44	0.00056
62	44	0.00004
63	44	0.00003
64	44	0.00022
65	44	-0.00022
66	44	0.00006
67	44	-0.00002
68	44	0.00043
69	44	0.00018
70	44	0.00002
71	44	0.00001
72	44	-0.00003
73	44	0.00017
74	44	-0.00007
75	44	-0.00001
76	44	-0.00004
77	44	0.00003
78	44	-0.00020
79	44	0.00002
80	44	0.00082
81	44	-0.00024
82	44	0.00038
83	44	-0.00011
84	44	-0.00067
85	44	-0.00022
86	44	-0.00007
87	44	-0.00000
88	44	0.00000
89	44	-0.00000
90	44	0.00000
91	44	0.00000
92	44	-0.00000
93	44	0.00000
94	44	-0.00000
95	44	-0.00001
96	44	0.00005
97	44	-0.00006
98	44	0.00002
99	44	-0.00000
100	44	-0.00001
101	44	-0.00003
102	44	-0.00006
103	44	0.00000
104	44	-0.00001
1	45	-0.00056
2	45	-0.00078
3	45	0.00017
4	45	0.00021
5	45	0.00149
6	45	-0.00100
7	45	-0.00025
8	45	0.00051
9	45	0.00114
10	45	-0.00041
11	45	-0.00191
12	45	0.00113
13	45	-0.00077
14	45	0.00039
15	45	0.00085
16	45	-0.00028
17	45	0.00051
18	45	0.00021
19	45	-0.00097
20	45	0.00052
21	45	-0.00094
22	45	-0.00033
23	45	0.00003
24	45	-0.00040
25	45	-0.00022
26	45	0.00059
27	45	-0.00147
28	45	0.00008
29	45	0.00143
30	45	0.00063
31	45	0.00056
32	45	0.00126
33	45	-0.00263
34	45	-0.00137
35	45	0.00217
36	45	-0.00512
37	45	0.00046
38	45	0.00041
39	45	-0.00014
40	45	-0.00193
41	45	-0.00144
42	45	0.01047
43	45	-0.00131
44	45	-0.02047
45	45	0.99959
46	45	0.00265
47	45	0.00058
48	45	-0.00143
49	45	0.00270
50	45	0.00009
51	45	0.00001
52	45	-0.00007
53	45	-0.00091
54	45	-0.00073
55	45	-0.00020
56	45	0.00117
57	45	0.00041
58	45	0.00050
59	45	-0.00059
60	45	-0.00062
61	45	-0.00071
62	45	-0.00061
63	45	0.00019
64	45	-0.00028
65	45	0.00010
66	45	0.00003
67	45	0.00000
68	45	0.00053
69	45	0.00023
70	45	0.00020
71	45	-0.00049
72	45	-0.00045
73	45	-0.00072
74	45	-0.00023
75	45	-0.00003
76	45	-0.00008
77	45	0.00013
78	45	-0.00003
79	45	0.00017
80	45	0.00056
81	45	-0.00046
82	45	-0.00023
83	45	0.00050
84	45	0.00040
85	45	-0.00011
86	45	0.00011
87	45	-0.00001
88	45	-0.00000
89	45	-0.00001
90	45	0.00001
91	45	0.00001
92	45	-0.00003
93	45	0.00007
94	45	-0.00000
95	45	0.00003
96	45	-0.00001
97	45	-0.00000
98	45	-0.00002
99	45	-0.00000
100	45	0.00001
101	45	-0.00000
102	45	0.00000
103	45	-0.00004
104	45	-0.00000
1	46	-0.00003
2	46	-0.00236
3	46	-0.00686
4	46	-0.00052
5	46	0.00292
6	46	0.00471
7	46	0.00051
8	46	0.00598
9	46	0.00001
10	46	-0.00215
11	46	0.00141
12	46	0.00026
13	46	-0.00417
14	46	-0.00141
15	46	-0.00064
16	46	0.00036
17	46	0.00148
18	46	-0.00060
19	46	0.00096
20	46	-0.00199
21	46	0.00017
22	46	0.00029
23	46	-0.00063
24	46	0.00040
25	46	0.00045
26	46	-0.00224
27	46	0.00050
28	46	0.00085
29	46	0.00047
30	46	0.00054
31	46	0.00231
32	46	-0.00049
33	46	-0.00055
34	46	0.00149
35	46	0.00090
36	46	0.00162
37	46	0.00149
38	46	0.00144
39	46	-0.00030
40	46	0.00112
41	46	0.00299
42	46	0.00154
43	46	0.00129
44	46	0.00240
45	46	-0.00271
46	46	0.93370
47	46	0.35845
48	46	-0.00616
49	46	0.00370
50	46	0.00389
51	46	0.00403
52	46	0.00117
53	46	-0.01129
54	46	0.00869
55	46	-0.00087
56	46	0.00446
57	46	0.00093
58	46	-0.00418
59	46	0.00112
60	46	-0.00004
61	46	-0.00035
62	46	0.00092
63	46	0.00098
64	46	-0.00081
65	46	-0.00092
66	46	-0.00005
67	46	0.00002
68	46	0.00041
69	46	0.00169
70	46	-0.00026
71	46	-0.00187
72	46	0.00005
73	46	-0.00235
74	46	-0.00028
75	46	0.00101
76	46	0.00118
77	46	0.00063
78	46	-0.00049
79	46	0.00090
80	46	0.00514
81	46	-0.00117
82	46	-0.00071
83	46	-0.00061
84	46	0.00188
85	46	-0.00039
86	46	0.00059
87	46	0.00008
88	46	-0.00003
89	46	-0.00001
90	46	-0.00024
91	46	0.00002
92	46	0.00004
93	46	0.00001
94	46	0.00007
95	46	0.00004
96	46	0.00002
97	46	-0.00008
98	46	-0.00010
99	46	0.00009
100	46	0.00001
101	46	0.00002
102	46	0.00003
103	46	-0.00005
104	46	-0.00011
1	47	0.00148
2	47	-0.00117
3	47	-0.00102
4	47	0.00045
5	47	0.00192
6	47	0.00029
7	47	-0.00167
8	47	0.00140
9	47	0.00073
10	47	-0.00313
11	47	-0.00059
12	47	0.00111
13	47	-0.00110
14	47	0.00026
15	47	0.00059
16	47	-0.00038
17	47	0.00110
18	47	-0.00109
19	47	-0.00153
20	47	-0.00069
21	47	-0.00105
22	47	-0.00203
23	47	0.00001
24	47	-0.00021
25	47	-0.00178
26	47	-0.00030
27	47	-0.00494
28	47	0.00040
29	47	0.00003
30	47	-0.00022
31	47	0.00063
32	47	-0.00004
33	47	-0.00443
34	47	-0.00106
35	47	0.00337
36	47	-0.01862
37	47	-0.00042
38	47	0.00112
39	47	0.00162
40	47	0.00404
41	47	-0.00287
42	47	-0.00895
43	47	-0.00096
44	47	0.00026
45	47	0.00044
46	47	-0.35727
47	47	0.93247
48	47	-0.00397
49	47	0.00659
50	47	0.00095
51	47	-0.02185
52	47	0.00126
53	47	0.04283
54	47	0.00052
55	47	0.00085
56	47	-0.00846
57	47	-0.00027
58	47	-0.00010
59	47	-0.00147
60	47	-0.00042
61	47	0.00088
62	47	0.00081
63	47	-0.00024
64	47	-0.00021
65	47	0.00513
66	47	-0.00005
67	47	0.00016
68	47	-0.00015
69	47	0.00026
70	47	-0.00013
71	47	-0.00077
72	47	0.00006
73	47	-0.00038
74	47	0.00021
75	47	0.00031
76	47	0.00036
77	47	0.00067
78	47	0.00015
79	47	-0.00122
80	47	-0.00632
81	47	-0.00006
82	47	0.00144
83	47	-0.00104
84	47	-0.00839
85	47	0.00014
86	47	0.00026
87	47	0.00003
88	47	-0.00001
89	47	-0.00001
90	47	-0.00006
91	47	0.00001
92	47	0.00002
93	47	0.00001
94	47	0.00002
95	47	-0.00001
96	47	0.00007
97	47	0.00004
98	47	-0.00004
99	47	0.00003
100	47	-0.00010
101	47	-0.00011
102	47	-0.00020
103	47	-0.00001
104	47	-0.00010
1	48	0.00033
2	48	-0.00007
3	48	-0.00022
4	48	-0.00033
5	48	-0.00112
6	48	0.00058
7	48	0.00053
8	48	-0.00049
9	48	-0.00039
10	48	-0.00122
11	48	-0.00066
12	48	-0.00008
13	48	0.00098
14	48	-0.00025
15	48	0.00092
16	48	0.00004
17	48	0.00099
18	48	-0.00040
19	48	0.00023
20	48	-0.00005
21	48	0.00019
22	48	0.00028
23	48	-0.00037
24	48	0.00037
25	48	-0.00022
26	48	-0.00029
27	48	-0.00080
28	48	0.00011
29	48	0.00019
30	48	0.00055
31	48	0.00012
32	48	0.00003
33	48	-0.00074
34	48	-0.00030
35	48	0.00065
36	48	-0.00103
37	48	0.00158
38	48	0.00043
39	48	-0.00023
40	48	-0.00014
41	48	-0.00027
42	48	0.00034
43	48	0.00146
44	48	-0.00003
45	48	0.00175
46	48	0.00464
47	48	0.00597
48	48	0.99997
49	48	0.00025
50	48	0.00038
51	48	0.00017
52	48	0.00014
53	48	0.00179
54	48	0.00044
55	48	0.00001
56	48	-0.00085
57	48	-0.00062
58	48	0.00047
59	48	0.00081
60	48	0.00011
61	48	0.00023
62	48	0.00022
63	48	-0.00003
64	48	0.00004
65	48	-0.00007
66	48	-0.00012
67	48	-0.00008
68	48	0.00017
69	48	0.00017
70	48	-0.00001
71	48	0.00017
72	48	-0.00027
73	48	0.00005
74	48	0.00050
75	48	0.00017
76	48	0.00010
77	48	-0.00017
78	48	0.00017
79	48	0.00009
80	48	-0.00031
81	48	0.00031
82	48	0.00003
83	48	-0.00010
84	48	0.00007
85	48	-0.00022
86	48	0.00004
87	48	0.00001
88	48	-0.00000
89	48	0.00006
90	48	-0.00001
91	48	-0.00000
92	48	0.00009
93	48	0.00003
94	48	0.00000
95	48	-0.00005
96	48	0.00002
97	48	0.00003
98	48	0.00009
99	48	0.00000
100	48	-0.00003
101	48	0.00001
102	48	0.00000
103	48	-0.00002
104	48	0.00000
1	49	0.00562
2	49	-0.00021
3	49	-0.00183
4	49	0.00181
5	49	0.00479
6	49	0.00214
7	49	-0.00225
8	49	0.00352
9	49	-0.00285
10	49	0.00016
11	49	-0.00049
12	49	-0.00017
13	49	0.00153
14	49	-0.00277
15	49	-0.00114
16	49	-0.00065
17	49	0.00217
18	49	-0.00033
19	49	-0.00173
20	49	0.00325
21	49	0.00019
22	49	0.00125
23	49	-0.00159
24	49	-0.00132
25	49	0.00019
26	49	-0.00084
27	49	0.00022
28	49	-0.00154
29	49	-0.00141
30	49	-0.00298
31	49	0.00082
32	49	0.00086
33	49	0.00109
34	49	-0.00190
35	49	0.00054
36	49	0.00010
37	49	-0.00331
38	49	-0.00310
39	49	0.00137
40	49	-0.00013
41	49	-0.00282
42	49	-0.00310
43	49	-0.00180
44	49	-0.00185
45	49	0.00274
46	49	0.00192
47	49	0.00646
48	49	-0.00005
49	49	-0.99963
50	49	0.00658
51	49	0.00295
52	49	0.00183
53	49	0.02762
54	49	0.00854
55	49	0.00276
56	49	-0.00576
57	49	-0.01179
58	49	0.00635
59	49	-0.00200
60	49	0.00248
61	49	0.00290
62	49	0.00251
63	49	0.00008
64	49	0.00050
65	49	-0.00049
66	49	-0.00018
67	49	0.00017
68	49	-0.00195
69	49	0.00004
70	49	-0.00101
71	49	0.00533
72	49	0.00005
73	49	0.00779
74	49	0.00100
75	49	0.00149
76	49	0.00089
77	49	0.00012
78	49	-0.00025
79	49	-0.00158
80	49	-0.00917
81	49	0.00028
82	49	0.00135
83	49	0.00056
84	49	-0.00057
85	49	0.00094
86	49	0.00095
87	49	0.00007
88	49	-0.00004
89	49	0.00002
90	49	-0.00018
91	49	0.00003
92	49	0.00010
93	49	-0.00000
94	49	0.00006
95	49	-0.00002
96	49	-0.00006
97	49	0.00012
98	49	0.00024
99	49	0.00008
100	49	0.00001
101	49	0.00002
102	49	0.00004
103	49	0.00007
104	49	-0.00020
1	50	-0.00221
2	50	-0.00071
3	50	-0.00161
4	50	-0.00481
5	50	0.00136
6	50	0.00453
7	50	0.00127
8	50	0.00087
9	50	0.00141
10	50	-0.00187
11	50	0.00023
12	50	-0.00079
13	50	-0.00030
14	50	-0.00078
15	50	-0.00067
16	50	-0.00007
17	50	0.00177
18	50	0.00064
19	50	-0.00055
20	50	0.00058
21	50	-0.00020
22	50	-0.00019
23	50	-0.00030
24	50	0.00156
25	50	0.00004
26	50	-0.00056
27	50	0.00015
28	50	0.00006
29	50	0.00034
30	50	0.00009
31	50	-0.00048
32	50	0.00009
33	50	0.00107
34	50	-0.00011
35	50	-0.00046
36	50	0.00035
37	50	-0.00020
38	50	-0.00045
39	50	-0.00088
40	50	-0.00011
41	50	-0.00025
42	50	-0.00061
43	50	-0.00025
44	50	-0.00013
45	50	-0.00015
46	50	-0.00324
47	50	-0.00234
48	50	-0.00035
49	50	0.00679
50	50	0.99968
51	50	0.00017
52	50	0.01992
53	50	0.00026
54	50	-0.00332
55	50	0.00009
56	50	-0.00009
57	50	-0.00080
58	50	-0.00141
59	50	-0.00016
60	50	0.00047
61	50	-0.00037
62	50	-0.00115
63	50	-0.00125
64	50	0.00175
65	50	-0.00000
66	50	-0.00125
67	50	0.00090
68	50	0.00050
69	50	-0.00189
70	50	0.00062
71	50	0.00003
72	50	-0.00001
73	50	0.00004
74	50	0.00013
75	50	-0.00167
76	50	-0.00074
77	50	-0.00080
78	50	0.00046
79	50	-0.00057
80	50	0.00030
81	50	-0.00014
82	50	-0.00002
83	50	-0.00025
84	50	-0.00018
85	50	0.00004
86	50	0.00042
87	50	0.00005
88	50	0.00001
89	50	0.00000
90	50	-0.00011
91	50	-0.00010
92	50	0.00002
93	50	0.00000
94	50	-0.00001
95	50	0.00000
96	50	-0.00001
97	50	0.00001
98	50	0.00001
99	50	-0.00011
100	50	0.00000
101	50	-0.00000
102	50	-0.00000
103	50	0.00003
104	50	-0.00002
1	51	-0.00078
2	51	-0.00011
3	51	-0.00042
4	51	-0.00011
5	51	0.00043
6	51	-0.00008
7	51	-0.00035
8	51	0.00094
9	51	-0.00035
10	51	0.00270
11	51	0.00063
12	51	-0.00029
13	51	-0.00057
14	51	0.00013
15	51	0.00028
16	51	0.00036
17	51	0.00040
18	51	0.00017
19	51	0.00069
20	51	0.00105
21	51	0.00032
22	51	0.00054
23	51	-0.00028
24	51	-0.00001
25	51	0.00016
26	51	0.00011
27	51	-0.00055
28	51	-0.00024
29	51	-0.00001
30	51	0.00008
31	51	-0.00014
32	51	0.00101
33	51	0.00070
34	51	-0.00015
35	51	-0.00031
36	51	0.00112
37	51	0.00020
38	51	-0.00117
39	51	0.00013
40	51	-0.00012
41	51	-0.00075
42	51	-0.00452
43	51	-0.00031
44	51	-0.00069
45	51	0.00013
46	51	-0.01129
47	51	0.01886
48	51	-0.00025
49	51	0.00328
50	51	-0.00023
51	51	0.99952
52	51	-0.00045
53	51	0.00122
54	51	0.00038
55	51	0.02457
56	51	-0.00163
57	51	-0.00702
58	51	0.00529
59	51	-0.00057
60	51	-0.00154
61	51	0.01393
62	51	-0.00703
63	51	0.00126
64	51	-0.00012
65	51	0.00711
66	51	0.00005
67	51	0.00006
68	51	0.00004
69	51	-0.00008
70	51	-0.00025
71	51	0.00183
72	51	-0.00001
73	51	0.00504
74	51	0.00014
75	51	0.00015
76	51	-0.00010
77	51	-0.00038
78	51	-0.00043
79	51	0.00020
80	51	0.00139
81	51	-0.00045
82	51	-0.00100
83	51	-0.00098
84	51	-0.00531
85	51	-0.00004
86	51	0.00005
87	51	-0.00000
88	51	0.00000
89	51	-0.00000
90	51	0.00000
91	51	0.00000
92	51	0.00000
93	51	0.00000
94	51	0.00000
95	51	-0.00002
96	51	0.00011
97	51	-0.00016
98	51	0.00004
99	51	0.00000
100	51	-0.00011
101	51	0.00014
102	51	-0.00010
103	51	-0.00000
104	51	0.00001
1	52	0.00120
2	52	-0.00028
3	52	-0.00081
4	52	-0.00209
5	52	-0.00069
6	52	-0.00050
7	52	0.00238
8	52	-0.00216
9	52	0.00296
10	52	0.00216
11	52	-0.00017
12	52	0.00074
13	52	-0.00016
14	52	0.00269
15	52	0.00300
16	52	0.00000
17	52	-0.00551
18	52	-0.00663
19	52	0.00070
20	52	0.00083
21	52	0.00105
22	52	0.00123
23	52	0.00068
24	52	-0.00358
25	52	0.00028
26	52	0.00014
27	52	0.00096
28	52	-0.00004
29	52	0.00022
30	52	0.00037
31	52	-0.00047
32	52	0.00001
33	52	-0.00045
34	52	0.00001
35	52	-0.00051
36	52	0.00188
37	52	0.00027
38	52	0.00024
39	52	0.00127
40	52	-0.00087
41	52	-0.00020
42	52	-0.00056
43	52	0.00004
44	52	-0.00011
45	52	0.00018
46	52	-0.00165
47	52	-0.00198
48	52	-0.00014
49	52	0.00203
50	52	-0.02062
51	52	0.00059
52	52	0.99963
53	52	-0.00507
54	52	0.01317
55	52	-0.00077
56	52	-0.00080
57	52	-0.00418
58	52	-0.00972
59	52	-0.00006
60	52	-0.00037
61	52	-0.00034
62	52	-0.00052
63	52	-0.00154
64	52	0.00054
65	52	-0.00023
66	52	0.00517
67	52	-0.00372
68	52	-0.00081
69	52	0.00167
70	52	0.00176
71	52	-0.00035
72	52	-0.00011
73	52	-0.00039
74	52	-0.00084
75	52	0.00081
76	52	-0.00005
77	52	0.00064
78	52	0.00048
79	52	0.00265
80	52	0.00073
81	52	0.00156
82	52	-0.00009
83	52	0.00057
84	52	-0.00032
85	52	0.00027
86	52	-0.00011
87	52	-0.00002
88	52	0.00001
89	52	0.00000
90	52	0.00009
91	52	0.00005
92	52	0.00003
93	52	0.00000
94	52	-0.00005
95	52	0.00000
96	52	-0.00001
97	52	0.00000
98	52	-0.00000
99	52	0.00008
100	52	0.00001
101	52	-0.00000
102	52	-0.00000
103	52	0.00002
104	52	0.00006
1	53	0.00338
2	53	0.00115
3	53	0.00448
4	53	-0.00152
5	53	-0.00109
6	53	-0.00123
7	53	0.00029
8	53	-0.00236
9	53	0.00110
10	53	0.00183
11	53	0.00034
12	53	-0.00051
13	53	0.00011
14	53	-0.00158
15	53	0.00320
16	53	0.00013
17	53	-0.00424
18	53	-0.00515
19	53	0.00046
20	53	0.00105
21	53	0.00143
22	53	0.00213
23	53	0.00016
24	53	-0.00103
25	53	0.00064
26	53	0.00401
27	53	0.00256
28	53	-0.00066
29	53	-0.00087
30	53	-0.00032
31	53	-0.00074
32	53	0.00003
33	53	0.00220
34	53	0.00006
35	53	-0.00124
36	53	0.00489
37	53	-0.00005
38	53	-0.00024
39	53	0.00076
40	53	-0.00279
41	53	0.00010
42	53	0.00246
43	53	0.00010
44	53	-0.00033
45	53	0.00083
46	53	-0.00616
47	53	-0.00988
48	53	-0.00066
49	53	0.01305
50	53	0.00239
51	53	0.00058
52	53	-0.01239
53	53	0.14957
54	53	0.98728
55	53	-0.02747
56	53	0.03146
57	53	0.01818
58	53	-0.01721
59	53	0.00271
60	53	-0.00082
61	53	0.00019
62	53	0.00313
63	53	0.00296
64	53	-0.00405
65	53	-0.00005
66	53	0.00414
67	53	-0.00300
68	53	-0.00021
69	53	-0.00068
70	53	0.00319
71	53	-0.00309
72	53	-0.00007
73	53	-0.00493
74	53	-0.00021
75	53	-0.00076
76	53	-0.00181
77	53	0.00068
78	53	-0.00005
79	53	0.00278
80	53	0.00428
81	53	-0.00000
82	53	-0.00078
83	53	-0.00003
84	53	0.00188
85	53	0.00034
86	53	-0.00012
87	53	-0.00005
88	53	0.00015
89	53	0.00000
90	53	0.00002
91	53	0.00006
92	53	-0.00000
93	53	0.00001
94	53	-0.00014
95	53	0.00001
96	53	-0.00004
97	53	0.00003
98	53	-0.00002
99	53	-0.00006
100	53	0.00003
101	53	-0.00002
102	53	-0.00000
103	53	-0.00001
104	53	0.00007
1	54	-0.00275
2	54	-0.00039
3	54	-0.00327
4	54	-0.00150
5	54	-0.00017
6	54	0.00157
7	54	0.00240
8	54	-0.00077
9	54	-0.00204
10	54	0.00681
11	54	0.00234
12	54	-0.00159
13	54	-0.00207
14	54	-0.00161
15	54	-0.00197
16	54	0.00005
17	54	-0.00038
18	54	0.00199
19	54	0.00247
20	54	-0.00149
21	54	0.00310
22	54	0.00317
23	54	-0.00115
24	54	0.00006
25	54	0.00321
26	54	-0.00145
27	54	0.01472
28	54	-0.00093
29	54	0.00042
30	54	0.00043
31	54	0.00042
32	54	-0.00037
33	54	0.00623
34	54	0.00067
35	54	-0.00492
36	54	0.02399
37	54	-0.00105
38	54	-0.00162
39	54	-0.00293
40	54	-0.00354
41	54	0.00232
42	54	0.02481
43	54	-0.00058
44	54	-0.00243
45	54	-0.00052
46	54	0.01568
47	54	-0.02267
48	54	-0.00058
49	54	0.01305
50	54	-0.00075
51	54	0.01107
52	54	0.00555
53	54	0.76490
54	54	-0.14613
55	54	-0.35828
56	54	0.48601
57	54	0.12782
58	54	-0.08685
59	54	0.01442
60	54	0.00156
61	54	-0.00951
62	54	-0.00115
63	54	0.00181
64	54	-0.00029
65	54	0.00293
66	54	0.00020
67	54	-0.00037
68	54	-0.00031
69	54	0.00096
70	54	0.00281
71	54	-0.01948
72	54	0.00022
73	54	-0.03140
74	54	-0.00011
75	54	-0.00050
76	54	0.00071
77	54	0.00216
78	54	0.00034
79	54	0.00257
80	54	0.01990
81	54	-0.00361
82	54	-0.00117
83	54	-0.00038
84	54	0.01934
85	54	-0.00035
86	54	0.00023
87	54	0.00000
88	54	-0.00002
89	54	0.00002
90	54	-0.00003
91	54	0.00001
92	54	0.00001
93	54	-0.00000
94	54	0.00002
95	54	-0.00002
96	54	-0.00010
97	54	0.00008
98	54	-0.00019
99	54	0.00002
100	54	0.00022
101	54	-0.00014
102	54	0.00003
103	54	-0.00018
104	54	0.00015
1	55	-0.00060
2	55	-0.00063
3	55	-0.00115
4	55	-0.00041
5	55	0.00015
6	55	0.00095
7	55	0.00072
8	55	0.00014
9	55	0.00036
10	55	0.00216
11	55	0.00008
12	55	-0.00009
13	55	-0.00072
14	55	-0.00061
15	55	-0.00043
16	55	0.00031
17	55	-0.00043
18	55	0.00094
19	55	0.00080
20	55	-0.00157
21	55	0.00023
22	55	0.00114
23	55	-0.00007
24	55	-0.00017
25	55	0.00252
26	55	-0.00056
27	55	0.00427
28	55	-0.00019
29	55	-0.00004
30	55	0.00044
31	55	0.00028
32	55	0.00016
33	55	0.00262
34	55	0.00014
35	55	-0.00175
36	55	0.00786
37	55	0.00065
38	55	-0.00118
39	55	-0.00116
40	55	-0.00062
41	55	0.00089
42	55	0.00510
43	55	-0.00073
44	55	0.00033
45	55	-0.00011
46	55	0.00365
47	55	-0.00541
48	55	0.00003
49	55	0.00479
50	55	-0.00023
51	55	-0.02162
52	55	0.00216
53	55	0.19555
54	55	-0.01662
55	55	0.91600
56	55	0.34511
57	55	0.04040
58	55	-0.02577
59	55	0.00501
60	55	-0.00410
61	55	0.00114
62	55	-0.00304
63	55	0.00117
64	55	-0.00046
65	55	-0.00539
66	55	0.00016
67	55	-0.00006
68	55	-0.00047
69	55	0.00011
70	55	0.00088
71	55	-0.00037
72	55	-0.00005
73	55	-0.00941
74	55	0.00009
75	55	-0.00005
76	55	0.00020
77	55	0.00045
78	55	-0.00029
79	55	0.00096
80	55	0.00745
81	55	-0.00121
82	55	-0.01171
83	55	-0.00185
84	55	0.00200
85	55	0.00002
86	55	0.00030
87	55	0.00000
88	55	-0.00001
89	55	0.00001
90	55	-0.00002
91	55	0.00000
92	55	0.00000
93	55	-0.00000
94	55	0.00000
95	55	-0.00002
96	55	-0.00008
97	55	0.00011
98	55	-0.00012
99	55	0.00001
100	55	-0.00002
101	55	0.00010
102	55	0.00005
103	55	-0.00014
104	55	0.00008
1	56	-0.00405
2	56	0.00127
3	56	-0.00120
4	56	-0.00158
5	56	-0.00186
6	56	-0.00056
7	56	0.00156
8	56	-0.00181
9	56	-0.00543
10	56	0.00726
11	56	0.00460
12	56	-0.00369
13	56	-0.00140
14	56	-0.00173
15	56	-0.00290
16	56	0.00066
17	56	0.00024
18	56	-0.00053
19	56	0.00162
20	56	0.00147
21	56	0.00500
22	56	0.00319
23	56	-0.00227
24	56	0.00091
25	56	0.00442
26	56	-0.00038
27	56	0.01592
28	56	-0.00040
29	56	-0.00009
30	56	-0.00079
31	56	-0.00041
32	56	-0.00095
33	56	0.00507
34	56	0.00142
35	56	-0.00410
36	56	0.02431
37	56	-0.00248
38	56	-0.00193
39	56	0.00055
40	56	-0.00408
41	56	0.00392
42	56	0.03106
43	56	0.00187
44	56	-0.00125
45	56	0.00092
46	56	0.01903
47	56	-0.02362
48	56	-0.00137
49	56	0.01647
50	56	-0.00051
51	56	-0.00386
52	56	0.00227
53	56	0.53848
54	56	-0.05642
55	56	0.17502
56	56	-0.80054
57	56	0.14190
58	56	-0.10212
59	56	0.01307
60	56	0.01680
61	56	-0.00400
62	56	0.00029
63	56	0.00075
64	56	0.00058
65	56	0.00060
66	56	0.00028
67	56	-0.00086
68	56	0.00033
69	56	0.00083
70	56	0.00197
71	56	-0.01320
72	56	0.00031
73	56	-0.02997
74	56	-0.00060
75	56	-0.00086
76	56	0.00046
77	56	0.00193
78	56	0.00144
79	56	0.00141
80	56	0.01043
81	56	-0.00076
82	56	-0.00828
83	56	0.00146
84	56	0.02274
85	56	-0.00120
86	56	-0.00084
87	56	-0.00003
88	56	-0.00000
89	56	0.00000
90	56	0.00000
91	56	-0.00000
92	56	0.00001
93	56	-0.00000
94	56	0.00001
95	56	0.00008
96	56	-0.00012
97	56	0.00022
98	56	-0.00010
99	56	-0.00000
100	56	0.00017
101	56	-0.00005
102	56	0.00016
103	56	0.00022
104	56	0.00016
1	57	-0.00539
2	57	-0.00391
3	57	-0.01185
4	57	-0.00617
5	57	0.00471
6	57	0.00340
7	57	0.00433
8	57	0.00401
9	57	0.00299
10	57	-0.00181
11	57	0.00020
12	57	0.00123
13	57	-0.00360
14	57	0.00097
15	57	0.00249
16	57	-0.00008
17	57	0.00032
18	57	0.00152
19	57	0.00072
20	57	-0.00151
21	57	-0.00120
22	57	-0.00341
23	57	0.00058
24	57	0.00067
25	57	-0.00082
26	57	0.00083
27	57	-0.00254
28	57	0.00094
29	57	0.00140
30	57	0.00012
31	57	-0.00176
32	57	-0.00019
33	57	-0.00377
34	57	-0.00019
35	57	0.00123
36	57	-0.00924
37	57	0.00118
38	57	0.00199
39	57	0.00294
40	57	-0.00017
41	57	0.00073
42	57	0.00172
43	57	0.00051
44	57	0.00035
45	57	-0.00056
46	57	0.00088
47	57	0.00232
48	57	0.00014
49	57	-0.00475
50	57	0.00074
51	57	0.00146
52	57	0.01018
53	57	-0.04351
54	57	0.00589
55	57	-0.00425
56	57	0.00615
57	57	0.71401
58	57	0.69784
59	57	-0.01301
60	57	0.00320
61	57	0.00035
62	57	-0.00265
63	57	0.00303
64	57	0.00071
65	57	0.00225
66	57	-0.00002
67	57	0.00003
68	57	0.00199
69	57	0.00057
70	57	-0.00134
71	57	0.00729
72	57	-0.00028
73	57	0.01022
74	57	-0.00209
75	57	0.00119
76	57	-0.00012
77	57	-0.00099
78	57	0.00108
79	57	-0.00113
80	57	-0.01417
81	57	0.00559
82	57	0.00125
83	57	0.00321
84	57	-0.00016
85	57	-0.00070
86	57	0.00134
87	57	0.00007
88	57	0.00000
89	57	-0.00001
90	57	-0.00009
91	57	0.00012
92	57	0.00003
93	57	-0.00002
94	57	0.00005
95	57	-0.00003
96	57	0.00011
97	57	-0.00008
98	57	-0.00001
99	57	-0.00003
100	57	-0.00008
101	57	0.00003
102	57	0.00007
103	57	0.00002
104	57	0.00006
1	58	-0.00546
2	58	0.00110
3	58	-0.00530
4	58	-0.00372
5	58	-0.00124
6	58	0.00163
7	58	0.00458
8	58	-0.00071
9	58	-0.00342
10	58	0.01111
11	58	0.00198
12	58	-0.00259
13	58	-0.00538
14	58	-0.00326
15	58	-0.00441
16	58	0.00053
17	58	-0.00172
18	58	0.00127
19	58	0.00345
20	58	-0.00190
21	58	0.00360
22	58	0.00614
23	58	-0.00088
24	58	0.00131
25	58	0.00446
26	58	-0.00069
27	58	0.01626
28	58	-0.00051
29	58	-0.00036
30	58	0.00121
31	58	-0.00081
32	58	0.00001
33	58	0.00930
34	58	0.00207
35	58	-0.00581
36	58	0.03497
37	58	0.00084
38	58	-0.00145
39	58	-0.00041
40	58	-0.00512
41	58	0.00012
42	58	0.00671
43	58	0.00136
44	58	-0.00075
45	58	-0.00009
46	58	0.00855
47	58	-0.00627
48	58	-0.00109
49	58	0.01735
50	58	0.00004
51	58	-0.00853
52	58	0.00511
53	58	0.22120
54	58	-0.00812
55	58	0.01788
56	58	-0.04857
57	58	-0.66807
58	58	0.70108
59	58	0.03661
60	58	0.00665
61	58	-0.01297
62	58	-0.00423
63	58	-0.00007
64	58	-0.00513
65	58	-0.01252
66	58	0.00184
67	58	-0.00233
68	58	-0.00147
69	58	0.00141
70	58	0.00564
71	58	-0.03437
72	58	0.00065
73	58	-0.05487
74	58	-0.00035
75	58	-0.00092
76	58	0.00070
77	58	0.00205
78	58	0.00002
79	58	0.00885
80	58	0.05651
81	58	-0.00799
82	58	-0.00594
83	58	-0.00377
84	58	0.01357
85	58	-0.00221
86	58	-0.00016
87	58	-0.00004
88	58	-0.00002
89	58	0.00003
90	58	-0.00005
91	58	0.00003
92	58	0.00002
93	58	-0.00002
94	58	0.00003
95	58	0.00005
96	58	-0.00021
97	58	0.00025
98	58	-0.00012
99	58	-0.00000
100	58	0.00033
101	58	-0.00009
102	58	-0.00017
103	58	0.00007
104	58	0.00050
1	59	-0.00361
2	59	-0.00038
3	59	-0.00081
4	59	-0.00065
5	59	-0.00128
6	59	0.00065
7	59	0.00038
8	59	0.00271
9	59	0.00153
10	59	-0.00271
11	59	-0.00006
12	59	-0.00012
13	59	-0.00158
14	59	0.00099
15	59	0.00067
16	59	-0.00042
17	59	-0.00049
18	59	0.00048
19	59	0.00015
20	59	-0.00177
21	59	-0.00100
22	59	-0.00139
23	59	0.00071
24	59	-0.00064
25	59	-0.00066
26	59	0.00015
27	59	-0.00322
28	59	-0.00028
29	59	-0.00002
30	59	0.00081
31	59	-0.00016
32	59	0.00038
33	59	-0.00183
34	59	-0.00092
35	59	0.00009
36	59	-0.00699
37	59	-0.00064
38	59	-0.00086
39	59	0.00125
40	59	0.00079
41	59	-0.00085
42	59	-0.00174
43	59	-0.00063
44	59	-0.00039
45	59	0.00070
46	59	-0.00196
47	59	0.00196
48	59	-0.00082
49	59	-0.00301
50	59	0.00020
51	59	0.00083
52	59	-0.00023
53	59	-0.02770
54	59	0.00060
55	59	-0.00225
56	59	0.00358
57	59	0.02934
58	59	-0.01384
59	59	0.99882
60	59	0.01204
61	59	-0.00040
62	59	-0.00258
63	59	0.00212
64	59	-0.00000
65	59	0.00358
66	59	0.00056
67	59	0.00144
68	59	-0.00278
69	59	-0.00153
70	59	-0.00123
71	59	0.00385
72	59	0.00024
73	59	0.00839
74	59	0.00105
75	59	0.00003
76	59	0.00012
77	59	-0.00118
78	59	-0.00006
79	59	-0.00144
80	59	-0.00495
81	59	0.00406
82	59	0.00114
83	59	-0.00041
84	59	-0.00405
85	59	0.00194
86	59	-0.00017
87	59	0.00001
88	59	0.00001
89	59	0.00001
90	59	0.00000
91	59	0.00002
92	59	-0.00005
93	59	0.00004
94	59	0.00001
95	59	0.00002
96	59	-0.00016
97	59	0.00013
98	59	0.00021
99	59	-0.00001
100	59	0.00005
101	59	-0.00002
102	59	-0.00002
103	59	0.00002
104	59	-0.00006
1	60	0.00671
2	60	0.00011
3	60	0.00590
4	60	0.00357
5	60	0.00034
6	60	0.00147
7	60	-0.00328
8	60	0.00034
9	60	0.00160
10	60	-0.00135
11	60	-0.00207
12	60	0.00107
13	60	0.00108
14	60	-0.00086
15	60	0.00103
16	60	-0.00031
17	60	-0.00123
18	60	0.00139
19	60	0.00076
20	60	-0.00159
21	60	-0.00227
22	60	-0.00178
23	60	0.00191
24	60	0.00013
25	60	-0.00065
26	60	0.00018
27	60	-0.00237
28	60	-0.00037
29	60	0.00046
30	60	0.00216
31	60	0.00117
32	60	0.00036
33	60	0.00019
34	60	-0.00090
35	60	0.00069
36	60	-0.00329
37	60	0.00160
38	60	0.00054
39	60	-0.00258
40	60	0.00020
41	60	-0.00059
42	60	-0.00336
43	60	0.00073
44	60	-0.00015
45	60	0.00092
46	60	-0.00059
47	60	0.00081
48	60	-0.00011
49	60	0.00154
50	60	-0.00064
51	60	0.00175
52	60	0.00069
53	60	-0.01062
54	60	0.00215
55	60	0.00127
56	60	0.01449
57	60	0.00003
58	60	-0.00536
59	60	-0.01261
60	60	0.99939
61	60	-0.01388
62	60	-0.01960
63	60	0.00090
64	60	-0.01216
65	60	0.00126
66	60	-0.00077
67	60	-0.00050
68	60	-0.00138
69	60	-0.00023
70	60	0.00035
71	60	0.00092
72	60	-0.00026
73	60	0.00337
74	60	-0.00032
75	60	0.00063
76	60	0.00011
77	60	0.00020
78	60	-0.00026
79	60	0.00156
80	60	0.00265
81	60	-0.00455
82	60	-0.00012
83	60	-0.00417
84	60	-0.00448
85	60	0.00008
86	60	0.00027
87	60	-0.00000
88	60	-0.00003
89	60	-0.00000
90	60	-0.00004
91	60	0.00002
92	60	0.00002
93	60	0.00003
94	60	-0.00003
95	60	-0.00006
96	60	0.00008
97	60	-0.00017
98	60	-0.00021
99	60	0.00002
100	60	-0.00007
101	60	0.00001
102	60	-0.00004
103	60	0.00021
104	60	0.00004
1	61	0.00133
2	61	0.00321
3	61	-0.00099
4	61	-0.00051
5	61	-0.00029
6	61	-0.00031
7	61	0.00221
8	61	-0.00202
9	61	-0.00153
10	61	0.00351
11	61	0.00116
12	61	-0.00034
13	61	-0.00180
14	61	0.00030
15	61	-0.00035
16	61	0.00045
17	61	0.00008
18	61	0.00086
19	61	0.00252
20	61	0.00360
21	61	0.00248
22	61	0.00070
23	61	-0.00012
24	61	0.00051
25	61	-0.00011
26	61	0.00012
27	61	-0.00456
28	61	-0.00013
29	61	-0.00028
30	61	0.00009
31	61	0.00040
32	61	-0.00032
33	61	-0.00197
34	61	-0.00010
35	61	0.00135
36	61	-0.00653
37	61	-0.00080
38	61	0.00001
39	61	-0.00004
40	61	0.00018
41	61	-0.00014
42	61	-0.00009
43	61	0.00001
44	61	0.00057
45	61	-0.00062
46	61	-0.00111
47	61	0.00140
48	61	0.00020
49	61	-0.00247
50	61	-0.00008
51	61	0.01517
52	61	-0.00024
53	61	-0.01123
54	61	0.00127
55	61	0.00418
56	61	-0.00019
57	61	0.00680
58	61	-0.00627
59	61	-0.00014
60	61	-0.00901
61	61	-0.97268
62	61	0.22707
63	61	0.00434
64	61	0.01262
65	61	-0.02896
66	61	0.00028
67	61	-0.00003
68	61	0.00160
69	61	0.00044
70	61	-0.00023
71	61	0.02152
72	61	-0.00030
73	61	-0.00709
74	61	-0.00030
75	61	0.00026
76	61	0.00001
77	61	0.00054
78	61	-0.00010
79	61	-0.00125
80	61	-0.00648
81	61	-0.00044
82	61	0.00253
83	61	0.00076
84	61	0.00237
85	61	-0.00015
86	61	-0.00007
87	61	-0.00000
88	61	0.00001
89	61	-0.00001
90	61	0.00002
91	61	-0.00001
92	61	0.00001
93	61	-0.00000
94	61	-0.00001
95	61	0.00001
96	61	0.00001
97	61	0.00004
98	61	-0.00005
99	61	0.00001
100	61	0.00014
101	61	-0.00029
102	61	-0.00001
103	61	-0.00002
104	61	-0.00012
1	62	-0.00296
2	62	0.00147
3	62	-0.00007
4	62	0.00035
5	62	0.00093
6	62	0.00485
7	62	0.00349
8	62	0.00614
9	62	-0.00016
10	62	-0.00293
11	62	0.00094
12	62	0.00000
13	62	-0.00108
14	62	-0.00202
15	62	-0.00089
16	62	-0.00026
17	62	-0.00114
18	62	0.00044
19	62	0.00217
20	62	-0.00236
21	62	0.00016
22	62	0.00138
23	62	0.00002
24	62	-0.00066
25	62	0.00019
26	62	-0.00108
27	62	0.00049
28	62	-0.00052
29	62	0.00010
30	62	0.00031
31	62	-0.00219
32	62	0.00035
33	62	0.00128
34	62	-0.00051
35	62	-0.00163
36	62	0.00139
37	62	0.00162
38	62	0.00088
39	62	0.00117
40	62	0.00081
41	62	-0.00041
42	62	0.00005
43	62	-0.00064
44	62	-0.00025
45	62	0.00092
46	62	0.00031
47	62	-0.00065
48	62	-0.00036
49	62	0.00274
50	62	0.00105
51	62	0.00366
52	62	0.00160
53	62	0.00355
54	62	-0.00435
55	62	0.00158
56	62	0.00207
57	62	-0.00221
58	62	0.00551
59	62	0.00231
60	62	0.02205
61	62	0.22633
62	62	0.97096
63	62	0.05685
64	62	-0.04267
65	62	-0.00819
66	62	0.00011
67	62	0.00017
68	62	-0.00497
69	62	-0.00303
70	62	-0.00103
71	62	0.00317
72	62	-0.00003
73	62	-0.00527
74	62	-0.00039
75	62	-0.00179
76	62	-0.00043
77	62	-0.00118
78	62	0.00137
79	62	0.00142
80	62	0.00170
81	62	0.00312
82	62	-0.00003
83	62	-0.00088
84	62	0.00081
85	62	0.00094
86	62	0.00034
87	62	0.00009
88	62	0.00001
89	62	-0.00001
90	62	-0.00021
91	62	0.00001
92	62	-0.00001
93	62	0.00000
94	62	0.00005
95	62	0.00003
96	62	-0.00001
97	62	0.00006
98	62	0.00002
99	62	-0.00005
100	62	0.00005
101	62	-0.00007
102	62	-0.00002
103	62	-0.00002
104	62	0.00012
1	63	0.00091
2	63	0.00059
3	63	0.00261
4	63	0.00041
5	63	0.00158
6	63	0.00419
7	63	-0.00253
8	63	0.00176
9	63	-0.00006
10	63	-0.00353
11	63	0.00161
12	63	-0.00060
13	63	0.00211
14	63	-0.00227
15	63	0.00135
16	63	0.00020
17	63	-0.00048
18	63	0.00094
19	63	0.00022
20	63	-0.00156
21	63	-0.00000
22	63	-0.00001
23	63	0.00098
24	63	0.00053
25	63	-0.00023
26	63	-0.00074
27	63	-0.00113
28	63	0.00010
29	63	0.00011
30	63	0.00194
31	63	-0.00098
32	63	-0.00025
33	63	0.00051
34	63	0.00011
35	63	-0.00062
36	63	-0.00120
37	63	-0.00112
38	63	-0.00080
39	63	-0.00040
40	63	-0.00108
41	63	-0.00015
42	63	-0.00114
43	63	-0.00054
44	63	-0.00005
45	63	-0.00011
46	63	-0.00045
47	63	0.00041
48	63	0.00016
49	63	-0.00100
50	63	0.00086
51	63	-0.00154
52	63	0.00320
53	63	-0.00258
54	63	-0.00274
55	63	-0.00056
56	63	-0.00083
57	63	-0.00221
58	63	-0.00217
59	63	-0.00237
60	63	-0.00206
61	63	-0.00895
62	63	-0.05588
63	63	0.99879
64	63	-0.01399
65	63	0.00880
66	63	0.00447
67	63	-0.00283
68	63	-0.00166
69	63	-0.00245
70	63	0.00176
71	63	-0.00358
72	63	0.00040
73	63	0.00230
74	63	0.00261
75	63	-0.00113
76	63	-0.00086
77	63	0.00050
78	63	-0.00238
79	63	0.00038
80	63	0.00382
81	63	-0.00453
82	63	-0.00032
83	63	-0.00220
84	63	-0.00274
85	63	0.00034
86	63	0.00099
87	63	0.00014
88	63	0.00001
89	63	-0.00001
90	63	-0.00031
91	63	-0.00002
92	63	0.00005
93	63	0.00001
94	63	0.00006
95	63	0.00010
96	63	-0.00008
97	63	0.00001
98	63	0.00002
99	63	-0.00006
100	63	0.00001
101	63	0.00002
102	63	-0.00003
103	63	-0.00021
104	63	-0.00012
1	64	0.01025
2	64	0.00309
3	64	0.01083
4	64	0.00782
5	64	0.00086
6	64	-0.00147
7	64	-0.00615
8	64	-0.00013
9	64	-0.00482
10	64	0.00023
11	64	-0.00145
12	64	-0.00071
13	64	0.00160
14	64	-0.00204
15	64	0.00087
16	64	-0.00005
17	64	-0.00264
18	64	0.00171
19	64	0.00052
20	64	-0.00153
21	64	-0.00072
22	64	-0.00071
23	64	0.00169
24	64	-0.00114
25	64	-0.00004
26	64	0.00057
27	64	-0.00031
28	64	-0.00078
29	64	-0.00079
30	64	0.00254
31	64	0.00205
32	64	0.00001
33	64	0.00232
34	64	-0.00042
35	64	-0.00150
36	64	-0.00012
37	64	-0.00021
38	64	-0.00072
39	64	-0.00161
40	64	0.00082
41	64	-0.00051
42	64	-0.00116
43	64	-0.00084
44	64	-0.00032
45	64	0.00056
46	64	0.00007
47	64	0.00004
48	64	-0.00015
49	64	0.00033
50	64	-0.00180
51	64	0.00020
52	64	-0.00133
53	64	0.00134
54	64	0.00428
55	64	0.00019
56	64	0.00084
57	64	-0.00332
58	64	0.00322
59	64	-0.00005
60	64	0.01319
61	64	0.02109
62	64	0.03755
63	64	0.01563
64	64	0.99875
65	64	0.01232
66	64	-0.00254
67	64	0.00272
68	64	-0.00955
69	64	-0.00196
70	64	0.00171
71	64	-0.00381
72	64	0.00052
73	64	-0.00173
74	64	0.00267
75	64	0.00282
76	64	0.00064
77	64	0.00037
78	64	-0.00207
79	64	-0.00043
80	64	0.00721
81	64	-0.00360
82	64	-0.00084
83	64	-0.00291
84	64	-0.00255
85	64	0.00097
86	64	0.00054
87	64	-0.00011
88	64	-0.00002
89	64	-0.00002
90	64	0.00017
91	64	0.00009
92	64	0.00003
93	64	0.00001
94	64	-0.00012
95	64	0.00012
96	64	-0.00009
97	64	0.00005
98	64	0.00002
99	64	0.00004
100	64	0.00004
101	64	-0.00001
102	64	-0.00005
103	64	-0.00026
104	64	0.00006
1	65	0.00077
2	65	0.00029
3	65	0.00027
4	65	-0.00004
5	65	-0.00018
6	65	-0.00034
7	65	0.00041
8	65	-0.00060
9	65	-0.00000
10	65	-0.00006
11	65	-0.00041
12	65	0.00022
13	65	-0.00132
14	65	-0.00009
15	65	-0.00070
16	65	-0.00043
17	65	0.00014
18	65	-0.00058
19	65	0.00002
20	65	0.00057
21	65	0.00028
22	65	0.00018
23	65	-0.00007
24	65	0.00017
25	65	-0.00060
26	65	-0.00006
27	65	-0.00191
28	65	-0.00027
29	65	-0.00012
30	65	0.00012
31	65	-0.00019
32	65	-0.00006
33	65	-0.00008
34	65	-0.00035
35	65	0.00020
36	65	-0.00218
37	65	0.00005
38	65	-0.00088
39	65	0.00024
40	65	0.00054
41	65	-0.00045
42	65	-0.00088
43	65	-0.00013
44	65	-0.00035
45	65	0.00009
46	65	-0.00270
47	65	0.00460
48	65	-0.00010
49	65	0.00039
50	65	-0.00002
51	65	0.00649
52	65	-0.00024
53	65	-0.00073
54	65	-0.00030
55	65	-0.00572
56	65	-0.00048
57	65	0.01000
58	65	-0.00718
59	65	0.00303
60	65	0.00136
61	65	0.02708
62	65	-0.01479
63	65	0.00837
64	65	0.01215
65	65	-0.99910
66	65	0.00025
67	65	0.00058
68	65	-0.00067
69	65	-0.00048
70	65	-0.00046
71	65	0.01245
72	65	-0.00014
73	65	0.00226
74	65	0.00029
75	65	0.00038
76	65	-0.00037
77	65	-0.00103
78	65	-0.00128
79	65	0.00119
80	65	0.00793
81	65	-0.00213
82	65	0.02099
83	65	0.00141
84	65	-0.00069
85	65	0.00026
86	65	0.00001
87	65	0.00000
88	65	0.00000
89	65	-0.00001
90	65	0.00001
91	65	0.00000
92	65	0.00000
93	65	-0.00000
94	65	-0.00001
95	65	-0.00001
96	65	0.00004
97	65	-0.00012
98	65	-0.00001
99	65	0.00000
100	65	0.00021
101	65	-0.00023
102	65	0.00003
103	65	0.00000
104	65	-0.00007
1	66	-0.00324
2	66	0.00034
3	66	0.00105
4	66	-0.00133
5	66	-0.00257
6	66	-0.00571
7	66	0.00346
8	66	-0.00453
9	66	0.00212
10	66	0.00385
11	66	-0.00179
12	66	0.00194
13	66	-0.00058
14	66	0.00309
15	66	0.00009
16	66	-0.00017
17	66	-0.00060
18	66	0.00065
19	66	-0.00070
20	66	0.00009
21	66	-0.00077
22	66	-0.00090
23	66	0.00033
24	66	-0.00006
25	66	-0.00003
26	66	0.00046
27	66	0.00039
28	66	-0.00010
29	66	-0.00000
30	66	-0.00033
31	66	-0.00098
32	66	0.00013
33	66	-0.00097
34	66	-0.00018
35	66	0.00055
36	66	-0.00039
37	66	0.00014
38	66	0.00015
39	66	0.00034
40	66	0.00009
41	66	0.00001
42	66	0.00038
43	66	0.00043
44	66	-0.00005
45	66	-0.00001
46	66	-0.00022
47	66	-0.00016
48	66	0.00020
49	66	0.00031
50	66	0.00204
51	66	-0.00012
52	66	-0.00724
53	66	-0.00117
54	66	-0.00573
55	66	0.00001
56	66	-0.00016
57	66	0.00061
58	66	-0.00090
59	66	-0.00047
60	66	0.00063
61	66	0.00044
62	66	-0.00010
63	66	-0.00521
64	66	0.00333
65	66	0.00028
66	66	0.99979
67	66	-0.00363
68	66	-0.00048
69	66	0.00100
70	66	0.00163
71	66	0.00375
72	66	-0.00056
73	66	0.00385
74	66	-0.00229
75	66	-0.00745
76	66	-0.00019
77	66	0.00110
78	66	0.00097
79	66	0.00051
80	66	-0.00482
81	66	0.00135
82	66	0.00041
83	66	0.00126
84	66	0.00089
85	66	-0.00069
86	66	0.00017
87	66	0.00005
88	66	0.00002
89	66	0.00004
90	66	0.00013
91	66	-0.00014
92	66	0.00003
93	66	0.00000
94	66	0.00009
95	66	0.00001
96	66	0.00005
97	66	-0.00003
98	66	-0.00004
99	66	0.00005
100	66	-0.00001
101	66	0.00001
102	66	0.00001
103	66	-0.00007
104	66	0.00000
1	67	0.00336
2	67	-0.00024
3	67	-0.00010
4	67	0.00173
5	67	0.00357
6	67	0.00340
7	67	-0.00341
8	67	0.00348
9	67	-0.00193
10	67	-0.00222
11	67	0.00095
12	67	-0.00115
13	67	0.00054
14	67	-0.00230
15	67	-0.00015
16	67	0.00009
17	67	0.00052
18	67	-0.00078
19	67	0.00052
20	67	0.00047
21	67	0.00055
22	67	0.00053
23	67	-0.00026
24	67	-0.00016
25	67	0.00012
26	67	-0.00032
27	67	0.00006
28	67	-0.00003
29	67	-0.00009
30	67	0.00002
31	67	0.00077
32	67	-0.00007
33	67	0.00085
34	67	0.00012
35	67	-0.00050
36	67	0.00088
37	67	-0.00008
38	67	-0.00018
39	67	-0.00062
40	67	-0.00025
41	67	-0.00002
42	67	-0.00032
43	67	-0.00023
44	67	0.00002
45	67	0.00018
46	67	0.00005
47	67	-0.00012
48	67	0.00020
49	67	-0.00021
50	67	-0.00148
51	67	-0.00000
52	67	0.00523
53	67	0.00140
54	67	0.00408
55	67	-0.00000
56	67	-0.00034
57	67	-0.00082
58	67	0.00124
59	67	-0.00137
60	67	0.00069
61	67	-0.00029
62	67	-0.00018
63	67	0.00329
64	67	-0.00325
65	67	0.00053
66	67	0.00409
67	67	0.99990
68	67	-0.00236
69	67	-0.00287
70	67	-0.00221
71	67	-0.00400
72	67	-0.00018
73	67	-0.00467
74	67	-0.00228
75	67	0.00495
76	67	0.00008
77	67	0.00024
78	67	-0.00067
79	67	0.00001
80	67	0.00469
81	67	-0.00276
82	67	-0.00044
83	67	-0.00080
84	67	-0.00061
85	67	0.00071
86	67	-0.00004
87	67	-0.00003
88	67	-0.00001
89	67	0.00006
90	67	-0.00010
91	67	0.00009
92	67	0.00011
93	67	0.00005
94	67	-0.00007
95	67	0.00001
96	67	-0.00002
97	67	-0.00000
98	67	-0.00002
99	67	-0.00004
100	67	0.00001
101	67	-0.00001
102	67	-0.00001
103	67	0.00001
104	67	-0.00001
1	68	-0.00088
2	68	-0.00097
3	68	0.00011
4	68	-0.00036
5	68	-0.00147
6	68	-0.00011
7	68	0.00006
8	68	0.00081
9	68	0.00263
10	68	-0.00094
11	68	-0.00132
12	68	0.00009
13	68	-0.00027
14	68	0.00021
15	68	-0.00014
16	68	-0.00060
17	68	0.00010
18	68	0.00006
19	68	0.00060
20	68	-0.00035
21	68	-0.00110
22	68	-0.00097
23	68	0.00027
24	68	0.00004
25	68	-0.00011
26	68	0.00014
27	68	-0.00087
28	68	-0.00042
29	68	0.00066
30	68	0.00013
31	68	0.00047
32	68	0.00055
33	68	-0.00024
34	68	-0.00097
35	68	-0.00007
36	68	-0.00131
37	68	0.00024
38	68	-0.00051
39	68	0.00017
40	68	0.00032
41	68	-0.00060
42	68	-0.00019
43	68	0.00042
44	68	-0.00048
45	68	-0.00045
46	68	-0.00066
47	68	-0.00010
48	68	-0.00004
49	68	-0.00176
50	68	-0.00027
51	68	-0.00002
52	68	0.00067
53	68	-0.00018
54	68	0.00042
55	68	0.00029
56	68	0.00063
57	68	-0.00185
58	68	-0.00103
59	68	0.00312
60	68	0.00186
61	68	0.00290
62	68	0.00505
63	68	0.00258
64	68	0.00957
65	68	-0.00060
66	68	0.00029
67	68	0.00275
68	68	0.99121
69	68	0.13076
70	68	0.00128
71	68	-0.00512
72	68	0.00034
73	68	-0.00234
74	68	0.00158
75	68	0.00339
76	68	0.00375
77	68	0.00029
78	68	-0.00048
79	68	0.00387
80	68	0.00485
81	68	-0.00324
82	68	-0.00103
83	68	0.00010
84	68	-0.00190
85	68	0.00045
86	68	0.00018
87	68	0.00002
88	68	-0.00001
89	68	-0.00003
90	68	-0.00004
91	68	0.00002
92	68	0.00006
93	68	-0.00006
94	68	0.00001
95	68	0.00003
96	68	-0.00008
97	68	0.00006
98	68	0.00003
99	68	0.00003
100	68	0.00004
101	68	-0.00002
102	68	-0.00002
103	68	0.00019
104	68	0.00013
1	69	-0.00120
2	69	-0.00091
3	69	-0.00426
4	69	-0.00036
5	69	0.00071
6	69	-0.00020
7	69	0.00181
8	69	0.00079
9	69	0.00009
10	69	0.00069
11	69	0.00023
12	69	0.00041
13	69	-0.00134
14	69	0.00030
15	69	0.00021
16	69	0.00012
17	69	-0.00004
18	69	0.00056
19	69	0.00005
20	69	-0.00054
21	69	0.00006
22	69	-0.00016
23	69	-0.00001
24	69	-0.00007
25	69	0.00018
26	69	-0.00003
27	69	0.00083
28	69	0.00019
29	69	0.00001
30	69	-0.00002
31	69	-0.00037
32	69	-0.00013
33	69	-0.00038
34	69	0.00032
35	69	-0.00008
36	69	0.00105
37	69	-0.00002
38	69	0.00018
39	69	0.00013
40	69	0.00020
41	69	0.00017
42	69	0.00009
43	69	-0.00024
44	69	0.00011
45	69	0.00013
46	69	0.00146
47	69	0.00082
48	69	0.00010
49	69	-0.00034
50	69	-0.00168
51	69	-0.00006
52	69	0.00181
53	69	0.00101
54	69	-0.00073
55	69	-0.00002
56	69	-0.00015
57	69	-0.00041
58	69	0.00090
59	69	-0.00105
60	69	-0.00017
61	69	-0.00086
62	69	-0.00209
63	69	-0.00236
64	69	-0.00083
65	69	0.00031
66	69	0.00141
67	69	-0.00284
68	69	0.13069
69	69	-0.99118
70	69	-0.01063
71	69	-0.00289
72	69	0.00032
73	69	-0.00437
74	69	-0.00015
75	69	0.01160
76	69	0.01170
77	69	0.00270
78	69	-0.00417
79	69	0.00161
80	69	0.00138
81	69	-0.00015
82	69	0.00021
83	69	-0.00082
84	69	0.00033
85	69	0.00001
86	69	-0.00004
87	69	0.00007
88	69	0.00001
89	69	0.00001
90	69	-0.00005
91	69	0.00011
92	69	0.00000
93	69	0.00002
94	69	-0.00002
95	69	-0.00000
96	69	0.00001
97	69	-0.00001
98	69	-0.00001
99	69	0.00008
100	69	-0.00000
101	69	0.00000
102	69	-0.00000
103	69	-0.00004
104	69	-0.00003
1	70	-0.00612
2	70	-0.00143
3	70	-0.00560
4	70	-0.00323
5	70	-0.00131
6	70	-0.00182
7	70	0.00508
8	70	-0.00087
9	70	0.00309
10	70	0.00147
11	70	-0.00069
12	70	0.00121
13	70	-0.00208
14	70	0.00221
15	70	-0.00005
16	70	-0.00018
17	70	0.00047
18	70	-0.00034
19	70	-0.00082
20	70	0.00025
21	70	-0.00045
22	70	-0.00042
23	70	-0.00001
24	70	0.00024
25	70	0.00001
26	70	0.00050
27	70	0.00062
28	70	0.00012
29	70	0.00027
30	70	-0.00049
31	70	-0.00091
32	70	0.00014
33	70	-0.00136
34	70	-0.00006
35	70	0.00039
36	70	0.00004
37	70	0.00014
38	70	0.00014
39	70	0.00036
40	70	0.00062
41	70	0.00003
42	70	0.00031
43	70	0.00016
44	70	-0.00002
45	70	-0.00016
46	70	0.00047
47	70	0.00031
48	70	-0.00001
49	70	-0.00002
50	70	-0.00061
51	70	-0.00009
52	70	-0.00248
53	70	-0.00119
54	70	-0.00317
55	70	-0.00017
56	70	-0.00039
57	70	0.00053
58	70	-0.00083
59	70	0.00065
60	70	-0.00051
61	70	0.00099
62	70	0.00065
63	70	-0.00171
64	70	-0.00105
65	70	0.00028
66	70	-0.00210
67	70	0.00266
68	70	0.00031
69	70	-0.01065
70	70	0.99670
71	70	0.05843
72	70	-0.00556
73	70	0.03762
74	70	-0.01580
75	70	0.02438
76	70	0.00866
77	70	0.01483
78	70	0.01816
79	70	-0.00327
80	70	-0.00649
81	70	0.01024
82	70	0.00181
83	70	0.00428
84	70	0.00063
85	70	-0.00044
86	70	0.00003
87	70	-0.00016
88	70	0.00002
89	70	-0.00000
90	70	0.00023
91	70	0.00006
92	70	-0.00001
93	70	-0.00002
94	70	-0.00005
95	70	-0.00001
96	70	0.00003
97	70	-0.00001
98	70	0.00000
99	70	0.00006
100	70	-0.00000
101	70	0.00001
102	70	0.00002
103	70	0.00002
104	70	-0.00004
1	71	0.00073
2	71	-0.00074
3	71	0.00015
4	71	-0.00014
5	71	0.00024
6	71	-0.00067
7	71	-0.00119
8	71	-0.00096
9	71	0.00135
10	71	-0.00272
11	71	-0.00204
12	71	0.00109
13	71	-0.00130
14	71	-0.00038
15	71	-0.00095
16	71	-0.00057
17	71	-0.00047
18	71	-0.00061
19	71	-0.00112
20	71	-0.00199
21	71	-0.00128
22	71	0.00050
23	71	0.00023
24	71	0.00017
25	71	-0.00143
26	71	-0.00018
27	71	0.00208
28	71	-0.00014
29	71	-0.00004
30	71	0.00036
31	71	-0.00019
32	71	0.00027
33	71	0.00193
34	71	0.00023
35	71	-0.00097
36	71	0.00571
37	71	0.00026
38	71	-0.00025
39	71	-0.00012
40	71	-0.00039
41	71	-0.00047
42	71	-0.00283
43	71	0.00004
44	71	-0.00010
45	71	0.00021
46	71	0.00028
47	71	0.00061
48	71	-0.00008
49	71	0.00184
50	71	-0.00001
51	71	-0.00082
52	71	0.00026
53	71	0.00668
54	71	-0.00001
55	71	-0.00406
56	71	0.00008
57	71	-0.00651
58	71	0.00408
59	71	-0.00000
60	71	0.00012
61	71	0.01961
62	71	-0.00969
63	71	0.00326
64	71	0.00180
65	71	0.01263
66	71	-0.00146
67	71	0.00156
68	71	0.00342
69	71	-0.00005
70	71	-0.03825
71	71	0.91426
72	71	0.17023
73	71	-0.35469
74	71	0.01373
75	71	-0.00235
76	71	-0.00117
77	71	-0.00133
78	71	-0.00803
79	71	0.01092
80	71	0.06917
81	71	-0.00940
82	71	0.04899
83	71	0.00252
84	71	-0.00094
85	71	-0.00012
86	71	0.00014
87	71	-0.00002
88	71	-0.00002
89	71	0.00003
90	71	-0.00001
91	71	0.00000
92	71	0.00000
93	71	-0.00001
94	71	-0.00000
95	71	0.00001
96	71	-0.00013
97	71	0.00003
98	71	-0.00000
99	71	-0.00000
100	71	0.00022
101	71	-0.00013
102	71	-0.00015
103	71	-0.00002
104	71	0.00014
1	72	-0.00003
2	72	0.00007
3	72	-0.00023
4	72	0.00014
5	72	0.00052
6	72	0.00015
7	72	0.00012
8	72	0.00049
9	72	-0.00019
10	72	0.00058
11	72	0.00054
12	72	-0.00008
13	72	0.00006
14	72	0.00007
15	72	0.00015
16	72	0.00011
17	72	0.00014
18	72	0.00009
19	72	0.00018
20	72	0.00037
21	72	0.00024
22	72	-0.00012
23	72	-0.00009
24	72	-0.00007
25	72	0.00030
26	72	0.00002
27	72	-0.00027
28	72	0.00007
29	72	0.00003
30	72	-0.00004
31	72	-0.00000
32	72	-0.00007
33	72	-0.00039
34	72	0.00002
35	72	0.00012
36	72	-0.00098
37	72	-0.00020
38	72	-0.00001
39	72	0.00007
40	72	0.00005
41	72	0.00011
42	72	0.00058
43	72	-0.00001
44	72	0.00004
45	72	0.00042
46	72	-0.00004
47	72	-0.00016
48	72	0.00026
49	72	-0.00024
50	72	0.00000
51	72	0.00013
52	72	0.00009
53	72	-0.00109
54	72	0.00011
55	72	0.00077
56	72	0.00016
57	72	0.00128
58	72	-0.00066
59	72	-0.00037
60	72	0.00019
61	72	-0.00368
62	72	0.00175
63	72	-0.00089
64	72	-0.00074
65	72	-0.00231
66	72	0.00069
67	72	-0.00008
68	72	-0.00081
69	72	0.00018
70	72	0.01154
71	72	-0.15421
72	72	0.98522
73	72	0.06913
74	72	-0.02134
75	72	-0.00259
76	72	-0.00063
77	72	0.00054
78	72	0.00051
79	72	-0.00210
80	72	-0.01341
81	72	0.00219
82	72	-0.00919
83	72	-0.00030
84	72	0.00044
85	72	-0.00012
86	72	-0.00005
87	72	0.00000
88	72	0.00000
89	72	0.00014
90	72	-0.00000
91	72	0.00000
92	72	-0.00001
93	72	-0.00002
94	72	-0.00000
95	72	-0.00003
96	72	0.00002
97	72	-0.00002
98	72	-0.00003
99	72	-0.00000
100	72	-0.00004
101	72	0.00002
102	72	0.00003
103	72	-0.00000
104	72	-0.00002
1	73	-0.00380
2	73	-0.00121
3	73	-0.00539
4	73	-0.00199
5	73	0.00082
6	73	0.00167
7	73	0.00323
8	73	0.00235
9	73	0.00049
10	73	-0.00028
11	73	0.00026
12	73	0.00063
13	73	-0.00147
14	73	0.00027
15	73	-0.00042
16	73	-0.00000
17	73	0.00107
18	73	0.00010
19	73	-0.00042
20	73	0.00001
21	73	0.00015
22	73	0.00073
23	73	-0.00029
24	73	-0.00009
25	73	0.00024
26	73	-0.00010
27	73	0.00091
28	73	0.00018
29	73	0.00013
30	73	-0.00037
31	73	-0.00057
32	73	0.00004
33	73	-0.00061
34	73	0.00017
35	73	0.00016
36	73	0.00132
37	73	0.00039
38	73	0.00047
39	73	0.00083
40	73	-0.00020
41	73	0.00016
42	73	0.00035
43	73	-0.00016
44	73	0.00007
45	73	0.00036
46	73	0.00062
47	73	-0.00000
48	73	-0.00060
49	73	0.00101
50	73	-0.00029
51	73	-0.00012
52	73	0.00096
53	73	0.00054
54	73	0.00033
55	73	0.00006
56	73	-0.00041
57	73	0.00097
58	73	0.00163
59	73	-0.00115
60	73	0.00043
61	73	-0.00065
62	73	0.00046
63	73	-0.00262
64	73	-0.00272
65	73	-0.00007
66	73	0.00231
67	73	0.00235
68	73	-0.00161
69	73	-0.00057
70	73	0.01627
71	73	-0.01379
72	73	0.01858
73	73	0.00827
74	73	0.99940
75	73	0.00055
76	73	-0.00099
77	73	-0.00846
78	73	0.00688
79	73	0.00172
80	73	-0.00753
81	73	0.00722
82	73	-0.00164
83	73	0.00118
84	73	0.00132
85	73	0.00086
86	73	-0.00067
87	73	-0.00003
88	73	-0.00001
89	73	-0.00008
90	73	-0.00001
91	73	0.00006
92	73	0.00004
93	73	-0.00002
94	73	-0.00002
95	73	-0.00001
96	73	0.00005
97	73	-0.00003
98	73	-0.00003
99	73	0.00000
100	73	-0.00002
101	73	0.00002
102	73	0.00002
103	73	-0.00003
104	73	-0.00006
1	74	0.00281
2	74	0.00087
3	74	0.00479
4	74	0.00117
5	74	-0.00077
6	74	0.00015
7	74	-0.00201
8	74	-0.00081
9	74	-0.00048
10	74	-0.00023
11	74	0.00066
12	74	-0.00106
13	74	0.00287
14	74	-0.00114
15	74	0.00189
16	74	0.00007
17	74	-0.00112
18	74	-0.00133
19	74	-0.00090
20	74	0.00116
21	74	-0.00003
22	74	-0.00012
23	74	0.00008
24	74	-0.00044
25	74	-0.00040
26	74	-0.00040
27	74	-0.00146
28	74	0.00002
29	74	-0.00008
30	74	-0.00001
31	74	0.00028
32	74	-0.00002
33	74	-0.00036
34	74	-0.00026
35	74	0.00056
36	74	-0.00384
37	74	-0.00015
38	74	-0.00005
39	74	-0.00061
40	74	0.00025
41	74	-0.00025
42	74	-0.00130
43	74	-0.00017
44	74	0.00011
45	74	-0.00002
46	74	-0.00094
47	74	-0.00041
48	74	-0.00013
49	74	-0.00134
50	74	0.00189
51	74	0.00121
52	74	-0.00040
53	74	-0.01143
54	74	0.00100
55	74	-0.00028
56	74	0.00174
57	74	0.00672
58	74	-0.00567
59	74	0.00116
60	74	0.00040
61	74	0.00076
62	74	0.00061
63	74	0.00155
64	74	-0.00287
65	74	-0.00120
66	74	0.00838
67	74	-0.00606
68	74	-0.00474
69	74	0.01058
70	74	-0.00937
71	74	-0.08151
72	74	0.00477
73	74	-0.22182
74	74	-0.00069
75	74	0.96454
76	74	-0.08875
77	74	-0.05680
78	74	0.00673
79	74	-0.01692
80	74	-0.04149
81	74	0.00335
82	74	0.00375
83	74	0.00169
84	74	-0.00265
85	74	0.00056
86	74	0.00137
87	74	0.00020
88	74	0.00009
89	74	-0.00002
90	74	-0.00001
91	74	-0.00001
92	74	-0.00000
93	74	0.00001
94	74	0.00001
95	74	-0.00001
96	74	0.00000
97	74	-0.00006
98	74	0.00001
99	74	-0.00014
100	74	-0.00000
101	74	0.00007
102	74	0.00002
103	74	-0.00002
104	74	-0.00002
1	75	0.00095
2	75	-0.00101
3	75	0.00421
4	75	0.00233
5	75	-0.00140
6	75	0.00096
7	75	-0.00385
8	75	0.00328
9	75	-0.00178
10	75	-0.00260
11	75	0.00162
12	75	-0.00270
13	75	0.00942
14	75	0.00014
15	75	0.00270
16	75	-0.00023
17	75	0.00163
18	75	-0.00061
19	75	-0.00278
20	75	0.00179
21	75	-0.00172
22	75	-0.00263
23	75	0.00102
24	75	-0.00096
25	75	-0.00174
26	75	0.00076
27	75	-0.00636
28	75	0.00039
29	75	0.00042
30	75	-0.00019
31	75	0.00059
32	75	0.00018
33	75	-0.00490
34	75	-0.00121
35	75	0.00273
36	75	-0.01721
37	75	-0.00041
38	75	0.00021
39	75	-0.00008
40	75	0.00108
41	75	-0.00121
42	75	-0.00576
43	75	-0.00046
44	75	0.00041
45	75	-0.00046
46	75	-0.00224
47	75	-0.00046
48	75	0.00015
49	75	-0.00893
50	75	-0.00036
51	75	0.00545
52	75	-0.00064
53	75	-0.05133
54	75	0.00191
55	75	-0.00108
56	75	0.00837
57	75	0.03095
58	75	-0.02238
59	75	0.00476
60	75	0.00364
61	75	0.00075
62	75	-0.00380
63	75	0.00129
64	75	-0.00003
65	75	-0.00660
66	75	0.00176
67	75	-0.00296
68	75	-0.00182
69	75	0.00069
70	75	0.05826
71	75	-0.32735
72	75	0.00676
73	75	-0.88377
74	75	-0.00014
75	75	-0.24422
76	75	0.00523
77	75	-0.07410
78	75	-0.01515
79	75	-0.02739
80	75	-0.18869
81	75	0.02141
82	75	0.01684
83	75	0.00750
84	75	-0.01416
85	75	0.00226
86	75	0.00001
87	75	0.00003
88	75	0.00000
89	75	-0.00004
90	75	-0.00003
91	75	-0.00005
92	75	-0.00001
93	75	0.00002
94	75	-0.00002
95	75	0.00001
96	75	0.00000
97	75	-0.00027
98	75	0.00005
99	75	0.00004
100	75	0.00001
101	75	0.00035
102	75	0.00011
103	75	-0.00001
104	75	-0.00046
1	76	0.00091
2	76	0.00070
3	76	0.00251
4	76	0.00078
5	76	0.00037
6	76	0.00059
7	76	-0.00208
8	76	0.00034
9	76	-0.00185
10	76	-0.00099
11	76	0.00010
12	76	-0.00073
13	76	0.00082
14	76	-0.00174
15	76	-0.00021
16	76	0.00009
17	76	0.00067
18	76	0.00105
19	76	-0.00012
20	76	0.00001
21	76	-0.00006
22	76	-0.00001
23	76	0.00001
24	76	0.00040
25	76	-0.00015
26	76	0.00034
27	76	-0.00053
28	76	-0.00001
29	76	-0.00016
30	76	0.00005
31	76	0.00020
32	76	-0.00004
33	76	0.00027
34	76	0.00003
35	76	0.00003
36	76	-0.00045
37	76	-0.00004
38	76	-0.00000
39	76	-0.00011
40	76	-0.00022
41	76	0.00001
42	76	-0.00016
43	76	0.00001
44	76	0.00005
45	76	0.00005
46	76	-0.00123
47	76	-0.00088
48	76	-0.00014
49	76	0.00105
50	76	0.00079
51	76	0.00008
52	76	-0.00000
53	76	-0.00070
54	76	0.00210
55	76	-0.00010
56	76	-0.00007
57	76	0.00052
58	76	-0.00030
59	76	-0.00017
60	76	-0.00020
61	76	0.00016
62	76	0.00035
63	76	0.00101
64	76	-0.00101
65	76	-0.00030
66	76	0.00093
67	76	-0.00051
68	76	-0.00562
69	76	0.01192
70	76	-0.00846
71	76	-0.00247
72	76	0.00119
73	76	-0.00898
74	76	0.00042
75	76	0.08378
76	76	0.99280
77	76	-0.08297
78	76	-0.00694
79	76	-0.00207
80	76	-0.00297
81	76	-0.00121
82	76	0.00040
83	76	-0.00073
84	76	-0.00022
85	76	-0.00023
86	76	0.00125
87	76	-0.00011
88	76	-0.00003
89	76	-0.00001
90	76	0.00008
91	76	-0.00005
92	76	-0.00001
93	76	0.00000
94	76	0.00016
95	76	0.00001
96	76	0.00001
97	76	-0.00001
98	76	-0.00000
99	76	-0.00022
100	76	-0.00000
101	76	0.00001
102	76	0.00000
103	76	-0.00001
104	76	-0.00010
1	77	-0.00747
2	77	-0.00232
3	77	-0.00790
4	77	-0.00330
5	77	0.00107
6	77	0.00078
7	77	0.00494
8	77	0.00215
9	77	0.00300
10	77	0.00080
11	77	-0.00059
12	77	0.00148
13	77	-0.00244
14	77	0.00170
15	77	-0.00016
16	77	-0.00032
17	77	0.00126
18	77	0.00122
19	77	-0.00060
20	77	-0.00100
21	77	-0.00123
22	77	-0.00111
23	77	0.00010
24	77	0.00018
25	77	-0.00000
26	77	0.00042
27	77	0.00005
28	77	0.00011
29	77	0.00037
30	77	-0.00068
31	77	-0.00074
32	77	0.00031
33	77	-0.00178
34	77	-0.00029
35	77	0.00071
36	77	-0.00191
37	77	0.00009
38	77	0.00016
39	77	0.00120
40	77	-0.00005
41	77	-0.00030
42	77	-0.00103
43	77	0.00019
44	77	0.00001
45	77	-0.00013
46	77	-0.00063
47	77	-0.00091
48	77	0.00022
49	77	-0.00021
50	77	0.00055
51	77	0.00085
52	77	-0.00067
53	77	-0.00817
54	77	0.00008
55	77	-0.00006
56	77	0.00120
57	77	0.00389
58	77	-0.00279
59	77	0.00147
60	77	0.00009
61	77	0.00086
62	77	0.00057
63	77	-0.00012
64	77	-0.00041
65	77	-0.00166
66	77	-0.00074
67	77	-0.00058
68	77	-0.00168
69	77	0.00438
70	77	-0.01248
71	77	-0.02842
72	77	0.00084
73	77	-0.08017
74	77	0.00849
75	77	0.04336
76	77	0.07848
77	77	0.99150
78	77	0.02649
79	77	0.00564
80	77	-0.01971
81	77	0.00965
82	77	0.00191
83	77	0.00190
84	77	-0.00529
85	77	0.00067
86	77	0.00022
87	77	-0.00007
88	77	0.00004
89	77	0.00001
90	77	0.00012
91	77	0.00024
92	77	-0.00000
93	77	-0.00001
94	77	0.00002
95	77	0.00001
96	77	-0.00002
97	77	-0.00004
98	77	0.00001
99	77	-0.00007
100	77	0.00002
101	77	0.00007
102	77	0.00001
103	77	0.00003
104	77	-0.00019
1	78	0.00717
2	78	0.00252
3	78	0.00668
4	78	0.00519
5	78	0.00005
6	78	0.00059
7	78	-0.00481
8	78	-0.00185
9	78	-0.00396
10	78	0.00001
11	78	0.00077
12	78	-0.00103
13	78	0.00262
14	78	-0.00158
15	78	0.00115
16	78	0.00044
17	78	-0.00196
18	78	0.00206
19	78	0.00105
20	78	-0.00209
21	78	0.00026
22	78	-0.00049
23	78	0.00021
24	78	-0.00014
25	78	-0.00023
26	78	0.00016
27	78	-0.00109
28	78	0.00013
29	78	-0.00017
30	78	0.00074
31	78	0.00089
32	78	-0.00043
33	78	0.00095
34	78	0.00028
35	78	-0.00049
36	78	-0.00169
37	78	-0.00022
38	78	-0.00002
39	78	-0.00089
40	78	-0.00005
41	78	0.00003
42	78	-0.00081
43	78	-0.00078
44	78	0.00016
45	78	0.00003
46	78	-0.00007
47	78	-0.00001
48	78	-0.00019
49	78	-0.00074
50	78	-0.00094
51	78	0.00057
52	78	0.00004
53	78	-0.00240
54	78	0.00038
55	78	-0.00000
56	78	0.00113
57	78	0.00067
58	78	-0.00146
59	78	0.00022
60	78	0.00005
61	78	-0.00023
62	78	-0.00117
63	78	0.00234
64	78	0.00162
65	78	-0.00101
66	78	-0.00076
67	78	0.00040
68	78	0.00105
69	78	-0.00388
70	78	-0.01653
71	78	-0.00029
72	78	0.00096
73	78	-0.01688
74	78	-0.00629
75	78	-0.01136
76	78	0.00549
77	78	-0.02741
78	78	0.99862
79	78	0.00196
80	78	0.01792
81	78	-0.02352
82	78	0.00078
83	78	-0.01067
84	78	-0.00300
85	78	0.00149
86	78	0.00029
87	78	0.00008
88	78	-0.00000
89	78	-0.00001
90	78	0.00006
91	78	0.00011
92	78	0.00003
93	78	0.00003
94	78	0.00003
95	78	-0.00001
96	78	-0.00010
97	78	0.00001
98	78	0.00000
99	78	0.00004
100	78	0.00003
101	78	0.00001
102	78	-0.00002
103	78	0.00009
104	78	-0.00013
1	79	0.00419
2	79	0.00317
3	79	0.01010
4	79	0.00194
5	79	-0.00357
6	79	-0.00403
7	79	-0.00220
8	79	-0.00586
9	79	-0.00225
10	79	0.00171
11	79	0.00015
12	79	-0.00049
13	79	0.00321
14	79	0.00057
15	79	0.00082
16	79	0.00035
17	79	-0.00136
18	79	0.00084
19	79	-0.00048
20	79	-0.00007
21	79	0.00035
22	79	-0.00059
23	79	0.00012
24	79	0.00029
25	79	-0.00033
26	79	0.00063
27	79	-0.00097
28	79	0.00009
29	79	-0.00015
30	79	0.00046
31	79	-0.00017
32	79	-0.00039
33	79	0.00021
34	79	0.00016
35	79	-0.00027
36	79	-0.00227
37	79	-0.00027
38	79	-0.00005
39	79	-0.00088
40	79	0.00044
41	79	0.00020
42	79	0.00043
43	79	-0.00048
44	79	0.00008
45	79	-0.00023
46	79	-0.00081
47	79	0.00016
48	79	-0.00014
49	79	-0.00035
50	79	0.00128
51	79	0.00002
52	79	-0.00427
53	79	-0.00149
54	79	-0.00370
55	79	0.00000
56	79	-0.00004
57	79	0.00135
58	79	-0.00167
59	79	0.00100
60	79	-0.00151
61	79	-0.00053
62	79	-0.00093
63	79	-0.00050
64	79	0.00155
65	79	0.00026
66	79	-0.00130
67	79	0.00067
68	79	-0.00344
69	79	0.00107
70	79	0.00294
71	79	-0.00467
72	79	0.00006
73	79	-0.00528
74	79	-0.00260
75	79	0.01028
76	79	-0.00003
77	79	-0.00889
78	79	-0.00024
79	79	0.99247
80	79	-0.11915
81	79	-0.00482
82	79	0.00078
83	79	-0.00295
84	79	0.00398
85	79	-0.00044
86	79	0.00029
87	79	-0.00007
88	79	0.00004
89	79	-0.00001
90	79	-0.00006
91	79	-0.00015
92	79	-0.00003
93	79	0.00001
94	79	-0.00003
95	79	-0.00004
96	79	-0.00004
97	79	0.00001
98	79	-0.00000
99	79	0.00002
100	79	0.00001
101	79	-0.00001
102	79	-0.00001
103	79	0.00011
104	79	-0.00001
1	80	-0.02538
2	80	-0.00652
3	80	-0.03251
4	80	-0.01625
5	80	0.00367
6	80	0.00320
7	80	0.02314
8	80	0.00422
9	80	0.01387
10	80	0.00287
11	80	-0.00282
12	80	0.00761
13	80	-0.01756
14	80	0.00480
15	80	-0.00127
16	80	-0.00062
17	80	0.00191
18	80	0.00184
19	80	-0.00102
20	80	-0.00309
21	80	-0.00202
22	80	-0.00028
23	80	-0.00073
24	80	0.00155
25	80	0.00163
26	80	0.00003
27	80	0.00642
28	80	0.00060
29	80	0.00171
30	80	-0.00086
31	80	-0.00234
32	80	0.00070
33	80	-0.00098
34	80	0.00059
35	80	-0.00167
36	80	0.01207
37	80	0.00105
38	80	0.00048
39	80	0.00383
40	80	-0.00045
41	80	-0.00042
42	80	-0.00161
43	80	-0.00011
44	80	-0.00012
45	80	-0.00012
46	80	0.00423
47	80	-0.00150
48	80	0.00038
49	80	0.00450
50	80	-0.00006
51	80	-0.00051
52	80	0.00226
53	80	0.01238
54	80	0.00107
55	80	0.00066
56	80	-0.00095
57	80	-0.01211
58	80	0.01038
59	80	0.00219
60	80	-0.00314
61	80	0.00354
62	80	0.00259
63	80	-0.00228
64	80	-0.00102
65	80	-0.00130
66	80	-0.00110
67	80	-0.00026
68	80	-0.00093
69	80	-0.00107
70	80	0.00247
71	80	0.04005
72	80	-0.00047
73	80	0.04698
74	80	0.00374
75	80	0.00021
76	80	-0.00140
77	80	0.00655
78	80	-0.01267
79	80	-0.05087
80	80	-0.39751
81	80	-0.91251
82	80	-0.01869
83	80	-0.00625
84	80	-0.03206
85	80	0.00255
86	80	-0.00188
87	80	-0.00011
88	80	-0.00006
89	80	0.00004
90	80	0.00023
91	80	0.00014
92	80	0.00006
93	80	-0.00005
94	80	-0.00001
95	80	-0.00002
96	80	-0.00019
97	80	0.00013
98	80	0.00003
99	80	-0.00002
100	80	0.00013
101	80	-0.00005
102	80	-0.00008
103	80	0.00018
104	80	0.00028
1	81	0.00955
2	81	0.00827
3	81	0.00231
4	81	0.00051
5	81	0.00176
6	81	-0.00519
7	81	-0.00494
8	81	-0.00865
9	81	0.00289
10	81	-0.00076
11	81	-0.00814
12	81	0.00594
13	81	-0.01507
14	81	-0.00156
15	81	-0.00607
16	81	0.00040
17	81	-0.00505
18	81	0.00151
19	81	0.00723
20	81	-0.00242
21	81	0.00054
22	81	0.00829
23	81	-0.00057
24	81	0.00187
25	81	0.00181
26	81	-0.00122
27	81	0.00502
28	81	-0.00050
29	81	-0.00188
30	81	0.00216
31	81	-0.00073
32	81	0.00091
33	81	0.01331
34	81	0.00237
35	81	-0.00586
36	81	0.03746
37	81	0.00236
38	81	-0.00083
39	81	-0.00159
40	81	-0.00234
41	81	-0.00149
42	81	-0.01054
43	81	0.00070
44	81	0.00041
45	81	0.00069
46	81	0.00842
47	81	-0.00569
48	81	-0.00054
49	81	0.01140
50	81	0.00029
51	81	-0.00074
52	81	0.00047
53	81	0.04814
54	81	-0.00099
55	81	0.00094
56	81	-0.00169
57	81	-0.04866
58	81	0.02992
59	81	-0.00487
60	81	0.00263
61	81	0.00566
62	81	-0.00118
63	81	0.00450
64	81	0.00676
65	81	-0.00762
66	81	-0.00511
67	81	0.00579
68	81	0.00640
69	81	-0.00138
70	81	-0.02255
71	81	0.12619
72	81	-0.00302
73	81	0.14014
74	81	-0.00807
75	81	0.00349
76	81	-0.00139
77	81	-0.00593
78	81	0.02586
79	81	-0.09965
80	81	-0.86345
81	81	0.40387
82	81	-0.05902
83	81	-0.07462
84	81	-0.15293
85	81	-0.01415
86	81	0.00204
87	81	-0.00016
88	81	-0.00010
89	81	0.00012
90	81	-0.00013
91	81	-0.00008
92	81	0.00000
93	81	-0.00006
94	81	0.00001
95	81	-0.00001
96	81	-0.00026
97	81	0.00034
98	81	0.00011
99	81	0.00002
100	81	0.00011
101	81	-0.00023
102	81	-0.00023
103	81	-0.00012
104	81	0.00153
1	82	-0.00787
2	82	-0.00038
3	82	-0.01144
4	82	-0.00642
5	82	-0.00049
6	82	0.00084
7	82	0.00949
8	82	-0.00129
9	82	0.00420
10	82	0.00416
11	82	0.00004
12	82	0.00155
13	82	-0.00735
14	82	0.00197
15	82	-0.00168
16	82	0.00021
17	82	0.00006
18	82	0.00095
19	82	0.00243
20	82	0.00028
21	82	0.00114
22	82	0.00084
23	82	-0.00104
24	82	0.00133
25	82	0.00393
26	82	-0.00034
27	82	0.00069
28	82	-0.00009
29	82	-0.00006
30	82	-0.00024
31	82	-0.00056
32	82	0.00015
33	82	0.00004
34	82	0.00025
35	82	-0.00018
36	82	0.00354
37	82	0.00018
38	82	0.00011
39	82	0.00066
40	82	0.00026
41	82	0.00028
42	82	0.00232
43	82	0.00016
44	82	-0.00042
45	82	0.00022
46	82	0.00232
47	82	-0.00148
48	82	-0.00010
49	82	0.00209
50	82	0.00007
51	82	-0.00038
52	82	0.00042
53	82	0.00979
54	82	-0.00003
55	82	0.01149
56	82	-0.00277
57	82	-0.00383
58	82	0.00296
59	82	-0.00094
60	82	-0.00131
61	82	0.00064
62	82	0.00008
63	82	-0.00068
64	82	-0.00046
65	82	0.01881
66	82	-0.00037
67	82	0.00046
68	82	0.00090
69	82	0.00033
70	82	-0.00013
71	82	-0.03391
72	82	0.00052
73	82	0.03552
74	82	0.00090
75	82	0.00044
76	82	-0.00052
77	82	0.00010
78	82	-0.00229
79	82	-0.00604
80	82	-0.03775
81	82	-0.00034
82	82	0.95811
83	82	-0.27884
84	82	-0.00536
85	82	-0.00060
86	82	-0.00053
87	82	-0.00003
88	82	-0.00001
89	82	0.00001
90	82	0.00008
91	82	0.00002
92	82	0.00002
93	82	0.00000
94	82	0.00000
95	82	0.00004
96	82	-0.00006
97	82	0.00036
98	82	-0.00023
99	82	0.00001
100	82	-0.00032
101	82	-0.00034
102	82	0.00016
103	82	0.00003
104	82	0.00004
1	83	0.02324
2	83	0.00988
3	83	0.02626
4	83	0.01467
5	83	0.00144
6	83	-0.00342
7	83	-0.01889
8	83	-0.00192
9	83	-0.01229
10	83	-0.00224
11	83	-0.00100
12	83	-0.00210
13	83	0.00480
14	83	-0.00647
15	83	-0.00152
16	83	0.00055
17	83	-0.00300
18	83	-0.00049
19	83	0.00354
20	83	0.00271
21	83	0.00240
22	83	0.00514
23	83	0.00125
24	83	-0.00177
25	83	0.00102
26	83	-0.00012
27	83	-0.00256
28	83	-0.00073
29	83	-0.00164
30	83	0.00148
31	83	0.00083
32	83	0.00009
33	83	0.00595
34	83	0.00032
35	83	-0.00215
36	83	0.00655
37	83	0.00019
38	83	-0.00052
39	83	-0.00152
40	83	-0.00096
41	83	-0.00030
42	83	-0.00162
43	83	0.00008
44	83	-0.00008
45	83	-0.00010
46	83	0.00070
47	83	-0.00141
48	83	0.00005
49	83	0.00144
50	83	-0.00006
51	83	0.00011
52	83	-0.00056
53	83	0.01189
54	83	-0.00068
55	83	0.00452
56	83	-0.00053
57	83	-0.00893
58	83	0.00473
59	83	-0.00062
60	83	0.00418
61	83	0.00113
62	83	0.00074
63	83	0.00200
64	83	0.00318
65	83	0.00667
66	83	-0.00104
67	83	0.00091
68	83	0.00065
69	83	-0.00067
70	83	-0.00576
71	83	-0.00299
72	83	-0.00013
73	83	0.02659
74	83	-0.00129
75	83	0.00055
76	83	0.00041
77	83	-0.00233
78	83	0.01078
79	83	-0.00334
80	83	-0.05531
81	83	0.01964
82	83	0.27045
83	83	0.94780
84	83	-0.15433
85	83	-0.01760
86	83	0.00182
87	83	0.00000
88	83	-0.00002
89	83	0.00005
90	83	-0.00024
91	83	-0.00008
92	83	-0.00004
93	83	-0.00004
94	83	0.00000
95	83	-0.00011
96	83	0.00004
97	83	0.00022
98	83	0.00000
99	83	-0.00001
100	83	-0.00020
101	83	-0.00018
102	83	0.00006
103	83	-0.00010
104	83	0.00066
1	84	-0.00174
2	84	0.00243
3	84	-0.00411
4	84	-0.00224
5	84	0.00002
6	84	-0.00032
7	84	0.00062
8	84	-0.00022
9	84	0.00291
10	84	0.00001
11	84	-0.00320
12	84	0.00194
13	84	-0.00345
14	84	-0.00007
15	84	-0.00124
16	84	0.00031
17	84	-0.00106
18	84	0.00128
19	84	0.00179
20	84	-0.00008
21	84	-0.00191
22	84	0.00327
23	84	0.00077
24	84	0.00076
25	84	-0.00004
26	84	0.00006
27	84	-0.00127
28	84	0.00045
29	84	-0.00024
30	84	0.00108
31	84	-0.00047
32	84	0.00128
33	84	0.00141
34	84	-0.00003
35	84	-0.00007
36	84	0.00346
37	84	0.00171
38	84	0.00026
39	84	0.00073
40	84	0.00027
41	84	-0.00233
42	84	-0.01521
43	84	0.00006
44	84	0.00067
45	84	-0.00019
46	84	-0.00353
47	84	0.00717
48	84	-0.00013
49	84	0.00081
50	84	0.00025
51	84	0.00486
52	84	0.00031
53	84	-0.02145
54	84	0.00232
55	84	0.00207
56	84	0.00845
57	84	-0.00502
58	84	-0.00050
59	84	0.00242
60	84	0.00504
61	84	0.00407
62	84	-0.00154
63	84	0.00377
64	84	0.00404
65	84	-0.00060
66	84	-0.00201
67	84	0.00174
68	84	0.00285
69	84	0.00011
70	84	-0.00458
71	84	0.01774
72	84	-0.00071
73	84	0.01580
74	84	-0.00251
75	84	-0.00012
76	84	0.00024
77	84	0.00299
78	84	0.00838
79	84	-0.02258
80	84	-0.16143
81	84	0.03626
82	84	0.03886
83	84	0.13566
84	84	0.97450
85	84	-0.03483
86	84	0.00223
87	84	-0.00008
88	84	-0.00005
89	84	0.00003
90	84	-0.00001
91	84	0.00001
92	84	0.00001
93	84	-0.00004
94	84	-0.00000
95	84	0.00003
96	84	-0.00048
97	84	0.00009
98	84	0.00006
99	84	0.00000
100	84	0.00026
101	84	-0.00006
102	84	-0.00083
103	84	-0.00005
104	84	0.00063
1	85	0.00366
2	85	0.00201
3	85	0.00321
4	85	0.00211
5	85	0.00215
6	85	-0.00130
7	85	-0.00265
8	85	-0.00220
9	85	-0.00261
10	85	0.00182
11	85	-0.00005
12	85	0.00075
13	85	-0.00003
14	85	-0.00079
15	85	0.00037
16	85	0.00046
17	85	-0.00115
18	85	0.00149
19	85	-0.00023
20	85	0.00017
21	85	0.00071
22	85	0.00192
23	85	-0.00020
24	85	-0.00048
25	85	0.00029
26	85	0.00014
27	85	0.00061
28	85	0.00018
29	85	-0.00045
30	85	-0.00023
31	85	-0.00005
32	85	-0.00020
33	85	0.00096
34	85	0.00066
35	85	-0.00101
36	85	0.00277
37	85	-0.00017
38	85	-0.00014
39	85	-0.00106
40	85	-0.00102
41	85	0.00006
42	85	-0.00132
43	85	-0.00044
44	85	0.00025
45	85	0.00006
46	85	0.00015
47	85	0.00005
48	85	0.00022
49	85	0.00099
50	85	-0.00006
51	85	0.00022
52	85	-0.00048
53	85	0.00128
54	85	-0.00073
55	85	0.00026
56	85	-0.00067
57	85	-0.00154
58	85	0.00244
59	85	-0.00209
60	85	0.00051
61	85	-0.00004
62	85	-0.00083
63	85	-0.00019
64	85	-0.00059
65	85	0.00027
66	85	0.00052
67	85	-0.00053
68	85	-0.00023
69	85	-0.00004
70	85	-0.00021
71	85	0.00295
72	85	0.00005
73	85	0.00476
74	85	-0.00112
75	85	0.00014
76	85	0.00019
77	85	-0.00045
78	85	-0.00065
79	85	-0.00166
80	85	-0.01708
81	85	0.00959
82	85	0.00574
83	85	0.02022
84	85	0.02926
85	85	0.99899
86	85	0.00013
87	85	0.00002
88	85	0.00001
89	85	0.00001
90	85	-0.00002
91	85	-0.00003
92	85	-0.00001
93	85	0.00004
94	85	0.00000
95	85	0.00009
96	85	-0.00000
97	85	0.00001
98	85	0.00001
99	85	0.00000
100	85	-0.00001
101	85	-0.00001
102	85	-0.00006
103	85	0.00012
104	85	-0.00009
1	86	-0.00820
2	86	-0.00176
3	86	-0.00725
4	86	-0.00650
5	86	-0.00170
6	86	-0.00424
7	86	0.00796
8	86	-0.00152
9	86	0.00397
10	86	0.00266
11	86	-0.00059
12	86	0.00162
13	86	-0.00343
14	86	0.00433
15	86	-0.00039
16	86	-0.00012
17	86	0.00085
18	86	0.00043
19	86	-0.00111
20	86	-0.00019
21	86	-0.00050
22	86	-0.00138
23	86	0.00027
24	86	0.00084
25	86	0.00019
26	86	0.00121
27	86	0.00130
28	86	0.00022
29	86	0.00033
30	86	0.00014
31	86	-0.00100
32	86	-0.00009
33	86	-0.00159
34	86	0.00018
35	86	-0.00029
36	86	0.00033
37	86	0.00018
38	86	0.00027
39	86	0.00035
40	86	0.00081
41	86	0.00014
42	86	0.00050
43	86	-0.00019
44	86	0.00002
45	86	-0.00008
46	86	0.00045
47	86	0.00008
48	86	-0.00003
49	86	0.00078
50	86	0.00005
51	86	-0.00015
52	86	0.00092
53	86	-0.00002
54	86	0.00119
55	86	-0.00002
56	86	-0.00071
57	86	-0.00062
58	86	-0.00080
59	86	0.00032
60	86	-0.00029
61	86	-0.00013
62	86	-0.00038
63	86	-0.00119
64	86	-0.00019
65	86	0.00001
66	86	-0.00088
67	86	0.00055
68	86	-0.00009
69	86	-0.00030
70	86	-0.00035
71	86	-0.00021
72	86	0.00006
73	86	0.00005
74	86	0.00087
75	86	-0.00181
76	86	-0.00116
77	86	-0.00000
78	86	-0.00018
79	86	-0.00065
80	86	0.00155
81	86	-0.00315
82	86	0.00003
83	86	-0.00233
84	86	-0.00140
85	86	-0.00006
86	86	0.99951
87	86	-0.00020
88	86	-0.00005
89	86	-0.00000
90	86	0.00040
91	86	0.00023
92	86	-0.00004
93	86	-0.00001
94	86	-0.00008
95	86	-0.00002
96	86	0.00002
97	86	0.00000
98	86	0.00002
99	86	0.00009
100	86	-0.00000
101	86	0.00000
102	86	0.00002
103	86	0.00024
104	86	0.00013
1	87	-0.00060
2	87	-0.00010
3	87	-0.00051
4	87	-0.00092
5	87	-0.00010
6	87	0.00080
7	87	0.00092
8	87	-0.00045
9	87	0.00117
10	87	-0.00001
11	87	0.00014
12	87	-0.00001
13	87	-0.00017
14	87	0.00003
15	87	0.00085
16	87	0.00002
17	87	-0.00096
18	87	-0.00108
19	87	0.00009
20	87	0.00015
21	87	0.00013
22	87	0.00012
23	87	0.00005
24	87	-0.00021
25	87	0.00001
26	87	-0.00008
27	87	0.00000
28	87	0.00005
29	87	0.00013
30	87	0.00004
31	87	0.00012
32	87	-0.00000
33	87	-0.00005
34	87	-0.00000
35	87	-0.00002
36	87	-0.00006
37	87	0.00004
38	87	0.00004
39	87	0.00014
40	87	-0.00008
41	87	0.00000
42	87	0.00003
43	87	-0.00002
44	87	-0.00000
45	87	-0.00001
46	87	0.00018
47	87	0.00015
48	87	0.00001
49	87	-0.00018
50	87	0.00005
51	87	0.00000
52	87	0.00005
53	87	-0.00002
54	87	-0.00003
55	87	0.00000
56	87	0.00008
57	87	0.00010
58	87	0.00005
59	87	-0.00002
60	87	0.00005
61	87	0.00001
62	87	0.00009
63	87	0.00028
64	87	-0.00018
65	87	-0.00000
66	87	-0.00002
67	87	0.00001
68	87	0.00002
69	87	-0.00008
70	87	-0.00016
71	87	-0.00007
72	87	0.00000
73	87	-0.00008
74	87	-0.00002
75	87	0.00021
76	87	-0.00015
77	87	-0.00004
78	87	0.00010
79	87	-0.00011
80	87	0.00017
81	87	-0.00007
82	87	-0.00001
83	87	-0.00012
84	87	-0.00001
85	87	0.00001
86	87	-0.00003
87	87	-0.99963
88	87	0.01677
89	87	-0.00002
90	87	-0.02104
91	87	-0.00697
92	87	0.00000
93	87	-0.00003
94	87	0.00025
95	87	-0.00004
96	87	0.00005
97	87	-0.00000
98	87	0.00004
99	87	0.00027
100	87	-0.00004
101	87	0.00001
102	87	0.00005
103	87	-0.00005
104	87	0.00031
1	88	0.00083
2	88	-0.00002
3	88	0.00012
4	88	0.00063
5	88	0.00050
6	88	-0.00007
7	88	-0.00069
8	88	0.00045
9	88	-0.00069
10	88	0.00011
11	88	-0.00009
12	88	0.00007
13	88	0.00004
14	88	0.00018
15	88	-0.00041
16	88	-0.00002
17	88	0.00031
18	88	0.00036
19	88	0.00007
20	88	-0.00012
21	88	-0.00003
22	88	-0.00003
23	88	0.00000
24	88	-0.00012
25	88	0.00002
26	88	-0.00008
27	88	0.00002
28	88	-0.00003
29	88	-0.00006
30	88	0.00000
31	88	0.00004
32	88	0.00001
33	88	0.00005
34	88	-0.00000
35	88	0.00001
36	88	-0.00001
37	88	-0.00001
38	88	-0.00001
39	88	-0.00001
40	88	-0.00004
41	88	-0.00000
42	88	-0.00001
43	88	0.00000
44	88	0.00000
45	88	0.00002
46	88	-0.00005
47	88	-0.00003
48	88	-0.00000
49	88	-0.00001
50	88	-0.00002
51	88	0.00002
52	88	-0.00005
53	88	-0.00001
54	88	-0.00019
55	88	0.00001
56	88	0.00000
57	88	-0.00003
58	88	-0.00002
59	88	-0.00001
60	88	0.00003
61	88	0.00001
62	88	0.00004
63	88	-0.00001
64	88	0.00002
65	88	-0.00000
66	88	0.00000
67	88	-0.00000
68	88	0.00002
69	88	0.00004
70	88	-0.00001
71	88	0.00001
72	88	0.00000
73	88	0.00003
74	88	0.00001
75	88	-0.00006
76	88	0.00004
77	88	-0.00003
78	88	-0.00002
79	88	-0.00004
80	88	-0.00009
81	88	-0.00003
82	88	0.00001
83	88	0.00007
84	88	0.00002
85	88	-0.00001
86	88	0.00006
87	88	0.01668
88	88	0.99984
89	88	-0.00024
90	88	0.00334
91	88	0.00452
92	88	-0.00000
93	88	0.00006
94	88	-0.00062
95	88	0.00004
96	88	-0.00008
97	88	0.00001
98	88	-0.00002
99	88	0.00054
100	88	0.00004
101	88	-0.00001
102	88	-0.00004
103	88	0.00005
104	88	-0.00011
1	89	-0.00002
2	89	-0.00001
3	89	-0.00005
4	89	-0.00004
5	89	-0.00005
6	89	0.00002
7	89	0.00003
8	89	-0.00006
9	89	-0.00000
10	89	0.00002
11	89	-0.00001
12	89	0.00001
13	89	0.00000
14	89	0.00001
15	89	0.00003
16	89	0.00000
17	89	0.00003
18	89	-0.00000
19	89	0.00001
20	89	-0.00002
21	89	0.00001
22	89	0.00000
23	89	-0.00002
24	89	-0.00003
25	89	-0.00000
26	89	0.00001
27	89	-0.00001
28	89	0.00001
29	89	0.00001
30	89	0.00000
31	89	-0.00000
32	89	-0.00000
33	89	0.00001
34	89	0.00000
35	89	0.00000
36	89	-0.00004
37	89	-0.00001
38	89	0.00000
39	89	0.00000
40	89	0.00003
41	89	0.00000
42	89	0.00001
43	89	-0.00001
44	89	0.00000
45	89	-0.00001
46	89	0.00000
47	89	0.00001
48	89	-0.00008
49	89	0.00002
50	89	0.00000
51	89	0.00000
52	89	-0.00000
53	89	-0.00003
54	89	0.00000
55	89	-0.00001
56	89	-0.00000
57	89	0.00003
58	89	-0.00002
59	89	-0.00003
60	89	-0.00001
61	89	-0.00001
62	89	0.00000
63	89	0.00001
64	89	0.00002
65	89	-0.00001
66	89	-0.00003
67	89	-0.00005
68	89	0.00004
69	89	0.00002
70	89	0.00001
71	89	-0.00004
72	89	-0.00014
73	89	-0.00005
74	89	0.00009
75	89	0.00001
76	89	0.00001
77	89	-0.00001
78	89	0.00001
79	89	0.00002
80	89	0.00011
81	89	-0.00002
82	89	-0.00001
83	89	-0.00004
84	89	-0.00001
85	89	-0.00000
86	89	-0.00000
87	89	-0.00002
88	89	0.00024
89	89	0.99998
90	89	-0.00008
91	89	-0.00005
92	89	0.00053
93	89	0.00378
94	89	-0.00000
95	89	-0.00013
96	89	0.00002
97	89	0.00011
98	89	0.00028
99	89	-0.00000
100	89	-0.00005
101	89	0.00001
102	89	0.00004
103	89	0.00001
104	89	-0.00002
1	90	0.00096
2	90	0.00038
3	90	0.00130
4	90	-0.00094
5	90	-0.00126
6	90	-0.00116
7	90	0.00150
8	90	-0.00270
9	90	0.00241
10	90	0.00128
11	90	-0.00009
12	90	0.00026
13	90	-0.00031
14	90	0.00016
15	90	0.00277
16	90	0.00008
17	90	-0.00335
18	90	-0.00351
19	90	-0.00010
20	90	0.00102
21	90	0.00045
22	90	0.00044
23	90	0.00014
24	90	-0.00107
25	90	0.00005
26	90	0.00009
27	90	0.00009
28	90	0.00001
29	90	0.00004
30	90	-0.00002
31	90	0.00006
32	90	-0.00000
33	90	0.00004
34	90	-0.00001
35	90	-0.00002
36	90	0.00001
37	90	0.00001
38	90	0.00002
39	90	0.00007
40	90	-0.00014
41	90	-0.00000
42	90	-0.00001
43	90	-0.00001
44	90	-0.00000
45	90	0.00002
46	90	0.00019
47	90	0.00015
48	90	0.00002
49	90	-0.00035
50	90	0.00017
51	90	0.00004
52	90	-0.00016
53	90	0.00004
54	90	-0.00012
55	90	0.00001
56	90	0.00013
57	90	0.00016
58	90	0.00026
59	90	-0.00006
60	90	0.00016
61	90	0.00001
62	90	0.00014
63	90	0.00033
64	90	-0.00007
65	90	0.00001
66	90	-0.00032
67	90	0.00024
68	90	0.00009
69	90	-0.00008
70	90	-0.00020
71	90	-0.00004
72	90	0.00001
73	90	-0.00001
74	90	0.00004
75	90	0.00003
76	90	-0.00005
77	90	-0.00003
78	90	-0.00004
79	90	-0.00016
80	90	-0.00001
81	90	0.00000
82	90	0.00001
83	90	0.00008
84	90	0.00002
85	90	-0.00002
86	90	-0.00019
87	90	-0.02158
88	90	-0.00335
89	90	0.00008
90	90	0.99607
91	90	0.08296
92	90	0.00005
93	90	0.00001
94	90	-0.02052
95	90	-0.00000
96	90	-0.00005
97	90	0.00001
98	90	0.00003
99	90	-0.00033
100	90	0.00001
101	90	0.00000
102	90	-0.00003
103	90	-0.00001
104	90	0.00124
1	91	-0.00004
2	91	0.00024
3	91	0.00066
4	91	-0.00035
5	91	-0.00070
6	91	-0.00059
7	91	0.00059
8	91	-0.00146
9	91	0.00055
10	91	0.00079
11	91	-0.00036
12	91	0.00044
13	91	0.00041
14	91	0.00196
15	91	-0.00041
16	91	-0.00003
17	91	-0.00038
18	91	-0.00064
19	91	-0.00004
20	91	0.00017
21	91	0.00008
22	91	0.00007
23	91	0.00008
24	91	-0.00048
25	91	0.00001
26	91	-0.00043
27	91	0.00002
28	91	0.00005
29	91	0.00011
30	91	0.00007
31	91	0.00009
32	91	-0.00000
33	91	-0.00013
34	91	0.00000
35	91	-0.00003
36	91	0.00005
37	91	0.00003
38	91	0.00004
39	91	0.00012
40	91	-0.00000
41	91	-0.00000
42	91	0.00001
43	91	-0.00001
44	91	-0.00000
45	91	-0.00001
46	91	0.00007
47	91	0.00005
48	91	0.00000
49	91	-0.00003
50	91	0.00009
51	91	0.00001
52	91	0.00000
53	91	-0.00000
54	91	-0.00003
55	91	0.00000
56	91	0.00001
57	91	-0.00009
58	91	-0.00013
59	91	-0.00000
60	91	0.00001
61	91	0.00003
62	91	0.00009
63	91	0.00016
64	91	-0.00014
65	91	-0.00000
66	91	0.00005
67	91	-0.00003
68	91	-0.00004
69	91	0.00007
70	91	-0.00007
71	91	-0.00002
72	91	0.00000
73	91	-0.00002
74	91	-0.00002
75	91	0.00002
76	91	0.00001
77	91	-0.00016
78	91	-0.00007
79	91	0.00001
80	91	-0.00000
81	91	-0.00001
82	91	0.00000
83	91	-0.00003
84	91	0.00000
85	91	-0.00000
86	91	-0.00023
87	91	-0.00527
88	91	-0.00411
89	91	0.00004
90	91	-0.08312
91	91	0.99652
92	91	0.00002
93	91	-0.00000
94	91	-0.00034
95	91	-0.00002
96	91	0.00003
97	91	-0.00001
98	91	-0.00000
99	91	0.00209
100	91	-0.00001
101	91	0.00000
102	91	0.00001
103	91	0.00000
104	91	0.00031
1	92	-0.00018
2	92	0.00002
3	92	-0.00009
4	92	-0.00016
5	92	-0.00039
6	92	0.00012
7	92	0.00023
8	92	-0.00016
9	92	-0.00036
10	92	-0.00011
11	92	-0.00033
12	92	0.00002
13	92	0.00009
14	92	-0.00004
15	92	0.00018
16	92	0.00000
17	92	0.00017
18	92	-0.00010
19	92	0.00009
20	92	-0.00008
21	92	0.00005
22	92	0.00010
23	92	-0.00001
24	92	0.00007
25	92	-0.00001
26	92	-0.00004
27	92	-0.00004
28	92	0.00003
29	92	0.00008
30	92	-0.00000
31	92	0.00001
32	92	-0.00000
33	92	-0.00003
34	92	-0.00000
35	92	0.00003
36	92	0.00002
37	92	0.00002
38	92	0.00001
39	92	-0.00002
40	92	-0.00002
41	92	0.00000
42	92	-0.00000
43	92	-0.00002
44	92	0.00000
45	92	-0.00001
46	92	0.00000
47	92	-0.00000
48	92	-0.00009
49	92	0.00000
50	92	-0.00000
51	92	-0.00000
52	92	0.00000
53	92	0.00003
54	92	0.00000
55	92	0.00000
56	92	0.00003
57	92	-0.00001
58	92	-0.00000
59	92	0.00002
60	92	0.00001
61	92	0.00000
62	92	-0.00001
63	92	0.00000
64	92	-0.00000
65	92	0.00000
66	92	-0.00007
67	92	-0.00009
68	92	0.00000
69	92	0.00000
70	92	-0.00001
71	92	0.00001
72	92	-0.00002
73	92	0.00001
74	92	-0.00005
75	92	-0.00001
76	92	-0.00000
77	92	0.00002
78	92	-0.00002
79	92	-0.00001
80	92	-0.00001
81	92	-0.00002
82	92	-0.00000
83	92	0.00001
84	92	-0.00001
85	92	0.00003
86	92	-0.00000
87	92	-0.00000
88	92	0.00000
89	92	-0.00052
90	92	-0.00005
91	92	-0.00002
92	92	1.00000
93	92	-0.00372
94	92	-0.00002
95	92	0.00029
96	92	0.00005
97	92	0.00002
98	92	0.00003
99	92	-0.00000
100	92	0.00002
101	92	-0.00001
102	92	0.00001
103	92	-0.00001
104	92	0.00002
1	93	0.00007
2	93	-0.00012
3	93	-0.00026
4	93	-0.00007
5	93	-0.00000
6	93	0.00009
7	93	-0.00000
8	93	-0.00004
9	93	0.00014
10	93	0.00018
11	93	0.00007
12	93	0.00028
13	93	-0.00007
14	93	0.00006
15	93	-0.00002
16	93	-0.00001
17	93	0.00003
18	93	-0.00001
19	93	0.00001
20	93	-0.00003
21	93	-0.00002
22	93	-0.00007
23	93	0.00005
24	93	-0.00007
25	93	0.00001
26	93	0.00001
27	93	0.00006
28	93	0.00000
29	93	0.00002
30	93	-0.00003
31	93	-0.00000
32	93	0.00000
33	93	0.00001
34	93	-0.00000
35	93	-0.00000
36	93	-0.00000
37	93	0.00002
38	93	0.00001
39	93	-0.00002
40	93	0.00006
41	93	0.00000
42	93	0.00000
43	93	0.00000
44	93	-0.00000
45	93	-0.00004
46	93	-0.00002
47	93	-0.00002
48	93	-0.00009
49	93	-0.00000
50	93	0.00001
51	93	0.00000
52	93	0.00000
53	93	-0.00002
54	93	0.00000
55	93	0.00000
56	93	0.00001
57	93	0.00002
58	93	0.00002
59	93	-0.00006
60	93	-0.00004
61	93	-0.00000
62	93	-0.00001
63	93	-0.00002
64	93	0.00000
65	93	-0.00000
66	93	-0.00001
67	93	-0.00003
68	93	0.00007
69	93	0.00003
70	93	0.00001
71	93	0.00002
72	93	0.00002
73	93	0.00002
74	93	0.00002
75	93	-0.00000
76	93	-0.00000
77	93	0.00000
78	93	-0.00001
79	93	-0.00001
80	93	-0.00007
81	93	0.00000
82	93	0.00000
83	93	0.00007
84	93	0.00002
85	93	-0.00004
86	93	-0.00001
87	93	-0.00003
88	93	-0.00006
89	93	-0.00377
90	93	-0.00000
91	93	0.00000
92	93	0.00371
93	93	0.99999
94	93	0.00002
95	93	-0.00004
96	93	-0.00013
97	93	-0.00071
98	93	-0.00153
99	93	-0.00001
100	93	0.00015
101	93	-0.00005
102	93	-0.00008
103	93	0.00002
104	93	-0.00006
1	94	-0.00417
2	94	-0.00090
3	94	-0.00347
4	94	-0.00378
5	94	0.00053
6	94	0.00397
7	94	0.00261
8	94	0.00147
9	94	0.00228
10	94	-0.00197
11	94	0.00086
12	94	-0.00032
13	94	-0.00037
14	94	-0.00054
15	94	0.00034
16	94	-0.00001
17	94	0.00016
18	94	-0.00033
19	94	0.00027
20	94	-0.00045
21	94	0.00005
22	94	0.00011
23	94	-0.00006
24	94	0.00058
25	94	-0.00002
26	94	-0.00041
27	94	-0.00001
28	94	0.00020
29	94	0.00048
30	94	0.00011
31	94	0.00013
32	94	0.00000
33	94	-0.00018
34	94	0.00001
35	94	-0.00011
36	94	0.00007
37	94	0.00011
38	94	0.00015
39	94	0.00047
40	94	-0.00016
41	94	-0.00000
42	94	0.00003
43	94	-0.00004
44	94	-0.00001
45	94	-0.00004
46	94	0.00039
47	94	0.00026
48	94	0.00002
49	94	-0.00009
50	94	-0.00009
51	94	-0.00006
52	94	-0.00006
53	94	0.00006
54	94	0.00004
55	94	0.00001
56	94	0.00006
57	94	-0.00017
58	94	-0.00020
59	94	-0.00005
60	94	0.00007
61	94	-0.00002
62	94	-0.00004
63	94	0.00034
64	94	-0.00018
65	94	-0.00000
66	94	-0.00013
67	94	0.00009
68	94	-0.00010
69	94	-0.00004
70	94	0.00001
71	94	0.00007
72	94	-0.00000
73	94	0.00002
74	94	-0.00005
75	94	0.00008
76	94	-0.00025
77	94	-0.00004
78	94	0.00008
79	94	0.00012
80	94	-0.00010
81	94	0.00005
82	94	0.00003
83	94	-0.00026
84	94	0.00006
85	94	-0.00001
86	94	0.00037
87	94	-0.00022
88	94	0.00053
89	94	0.00000
90	94	0.02037
91	94	0.00201
92	94	0.00004
93	94	-0.00003
94	94	0.99981
95	94	0.00003
96	94	-0.00016
97	94	0.00007
98	94	0.00009
99	94	-0.00256
100	94	0.00005
101	94	0.00002
102	94	-0.00001
103	94	0.00001
104	94	-0.00019
1	95	0.00001
2	95	-0.00004
3	95	-0.00025
4	95	-0.00013
5	95	-0.00027
6	95	0.00020
7	95	0.00014
8	95	-0.00006
9	95	0.00011
10	95	-0.00007
11	95	0.00005
12	95	0.00017
13	95	0.00017
14	95	-0.00004
15	95	-0.00008
16	95	0.00001
17	95	0.00002
18	95	-0.00008
19	95	0.00008
20	95	-0.00001
21	95	-0.00002
22	95	-0.00003
23	95	-0.00009
24	95	0.00002
25	95	-0.00004
26	95	-0.00002
27	95	-0.00000
28	95	0.00001
29	95	-0.00001
30	95	0.00011
31	95	-0.00000
32	95	0.00000
33	95	-0.00002
34	95	-0.00001
35	95	0.00022
36	95	0.00002
37	95	-0.00006
38	95	-0.00002
39	95	0.00000
40	95	-0.00001
41	95	0.00001
42	95	-0.00002
43	95	-0.00020
44	95	-0.00000
45	95	-0.00002
46	95	-0.00002
47	95	0.00001
48	95	0.00006
49	95	-0.00001
50	95	0.00001
51	95	0.00002
52	95	0.00000
53	95	0.00000
54	95	0.00000
55	95	-0.00000
56	95	0.00004
57	95	0.00003
58	95	-0.00000
59	95	-0.00003
60	95	0.00002
61	95	0.00001
62	95	-0.00007
63	95	-0.00009
64	95	-0.00013
65	95	0.00000
66	95	-0.00001
67	95	-0.00000
68	95	-0.00003
69	95	-0.00001
70	95	0.00001
71	95	0.00002
72	95	0.00003
73	95	0.00002
74	95	0.00000
75	95	0.00000
76	95	-0.00001
77	95	-0.00001
78	95	0.00003
79	95	0.00004
80	95	-0.00007
81	95	-0.00004
82	95	-0.00002
83	95	0.00011
84	95	-0.00003
85	95	-0.00011
86	95	-0.00000
87	95	-0.00003
88	95	-0.00003
89	95	0.00012
90	95	0.00000
91	95	0.00001
92	95	-0.00029
93	95	0.00010
94	95	-0.00002
95	95	0.99279
96	95	0.11768
97	95	0.01227
98	95	0.01901
99	95	-0.00006
100	95	0.00073
101	95	-0.00110
102	95	-0.00067
103	95	-0.00042
104	95	-0.00008
1	96	-0.00014
2	96	-0.00060
3	96	0.00013
4	96	0.00008
5	96	0.00034
6	96	-0.00012
7	96	-0.00014
8	96	0.00014
9	96	0.00015
10	96	0.00041
11	96	0.00004
12	96	0.00003
13	96	0.00000
14	96	-0.00002
15	96	0.00014
16	96	-0.00010
17	96	0.00009
18	96	0.00010
19	96	-0.00000
20	96	0.00007
21	96	0.00012
22	96	-0.00001
23	96	-0.00001
24	96	-0.00005
25	96	0.00035
26	96	0.00005
27	96	-0.00008
28	96	-0.00012
29	96	0.00010
30	96	0.00002
31	96	-0.00002
32	96	-0.00006
33	96	0.00019
34	96	0.00000
35	96	-0.00011
36	96	0.00051
37	96	-0.00003
38	96	-0.00007
39	96	0.00003
40	96	-0.00005
41	96	-0.00003
42	96	0.00015
43	96	-0.00000
44	96	-0.00004
45	96	0.00003
46	96	0.00005
47	96	-0.00018
48	96	-0.00001
49	96	-0.00010
50	96	0.00001
51	96	-0.00028
52	96	0.00001
53	96	0.00009
54	96	0.00003
55	96	0.00003
56	96	0.00004
57	96	-0.00039
58	96	0.00017
59	96	0.00022
60	96	-0.00007
61	96	-0.00021
62	96	0.00012
63	96	0.00010
64	96	0.00012
65	96	-0.00008
66	96	-0.00005
67	96	0.00002
68	96	0.00011
69	96	0.00004
70	96	-0.00005
71	96	0.00019
72	96	-0.00001
73	96	-0.00002
74	96	-0.00006
75	96	0.00000
76	96	-0.00000
77	96	0.00001
78	96	0.00010
79	96	-0.00001
80	96	-0.00036
81	96	-0.00002
82	96	0.00022
83	96	0.00009
84	96	0.00069
85	96	0.00001
86	96	-0.00002
87	96	0.00005
88	96	0.00008
89	96	0.00001
90	96	0.00006
91	96	-0.00003
92	96	-0.00000
93	96	-0.00010
94	96	0.00017
95	96	-0.11367
96	96	0.98452
97	96	-0.06715
98	96	-0.11387
99	96	-0.00017
100	96	0.00117
101	96	0.01684
102	96	0.00566
103	96	-0.00011
104	96	0.00026
1	97	0.00012
2	97	-0.00009
3	97	-0.00014
4	97	-0.00013
5	97	-0.00082
6	97	0.00053
7	97	0.00038
8	97	0.00020
9	97	-0.00001
10	97	0.00004
11	97	0.00008
12	97	-0.00004
13	97	-0.00049
14	97	0.00018
15	97	-0.00027
16	97	-0.00004
17	97	-0.00021
18	97	-0.00024
19	97	0.00001
20	97	-0.00031
21	97	-0.00000
22	97	0.00010
23	97	-0.00036
24	97	0.00027
25	97	0.00002
26	97	-0.00012
27	97	0.00014
28	97	0.00001
29	97	-0.00001
30	97	0.00005
31	97	-0.00000
32	97	-0.00002
33	97	-0.00005
34	97	0.00006
35	97	0.00000
36	97	0.00001
37	97	-0.00017
38	97	-0.00006
39	97	0.00001
40	97	0.00005
41	97	0.00003
42	97	0.00007
43	97	-0.00005
44	97	0.00001
45	97	-0.00001
46	97	0.00017
47	97	0.00005
48	97	-0.00007
49	97	0.00022
50	97	0.00001
51	97	0.00004
52	97	0.00000
53	97	0.00001
54	97	0.00001
55	97	-0.00002
56	97	0.00011
57	97	0.00002
58	97	-0.00005
59	97	-0.00027
60	97	0.00010
61	97	-0.00008
62	97	-0.00010
63	97	-0.00005
64	97	-0.00010
65	97	-0.00009
66	97	0.00002
67	97	0.00004
68	97	-0.00009
69	97	-0.00004
70	97	-0.00001
71	97	-0.00005
72	97	0.00003
73	97	-0.00010
74	97	0.00002
75	97	-0.00000
76	97	0.00001
77	97	-0.00002
78	97	0.00004
79	97	0.00006
80	97	0.00019
81	97	0.00001
82	97	0.00001
83	97	-0.00017
84	97	0.00007
85	97	0.00005
86	97	-0.00004
87	97	0.00004
88	97	0.00002
89	97	-0.00031
90	97	-0.00002
91	97	-0.00000
92	97	-0.00004
93	97	0.00166
94	97	-0.00008
95	97	-0.03773
96	97	0.12803
97	97	0.56827
98	97	0.81174
99	97	0.00080
100	97	0.01194
101	97	0.01402
102	97	0.00039
103	97	-0.00023
104	97	0.00008
1	98	0.00008
2	98	-0.00016
3	98	0.00007
4	98	0.00013
5	98	0.00009
6	98	0.00011
7	98	-0.00020
8	98	0.00038
9	98	0.00013
10	98	0.00010
11	98	0.00008
12	98	0.00009
13	98	0.00002
14	98	0.00019
15	98	0.00025
16	98	0.00000
17	98	0.00004
18	98	0.00010
19	98	0.00001
20	98	0.00012
21	98	0.00005
22	98	-0.00010
23	98	-0.00014
24	98	-0.00003
25	98	0.00025
26	98	0.00004
27	98	-0.00007
28	98	-0.00002
29	98	0.00012
30	98	-0.00001
31	98	-0.00001
32	98	-0.00001
33	98	0.00007
34	98	0.00001
35	98	-0.00009
36	98	0.00041
37	98	-0.00009
38	98	-0.00003
39	98	-0.00001
40	98	-0.00005
41	98	0.00002
42	98	0.00006
43	98	-0.00001
44	98	-0.00005
45	98	0.00002
46	98	-0.00001
47	98	-0.00003
48	98	-0.00003
49	98	0.00003
50	98	0.00000
51	98	-0.00023
52	98	0.00001
53	98	0.00029
54	98	-0.00000
55	98	0.00015
56	98	-0.00000
57	98	-0.00027
58	98	0.00017
59	98	0.00001
60	98	-0.00001
61	98	-0.00021
62	98	0.00011
63	98	0.00001
64	98	0.00004
65	98	0.00008
66	98	-0.00001
67	98	0.00001
68	98	0.00004
69	98	0.00001
70	98	-0.00002
71	98	0.00006
72	98	0.00000
73	98	0.00013
74	98	-0.00002
75	98	0.00000
76	98	-0.00000
77	98	0.00000
78	98	0.00003
79	98	-0.00002
80	98	-0.00024
81	98	-0.00001
82	98	0.00046
83	98	0.00006
84	98	0.00012
85	98	0.00002
86	98	-0.00000
87	98	0.00003
88	98	0.00003
89	98	-0.00008
90	98	-0.00001
91	98	-0.00001
92	98	0.00000
93	98	0.00030
94	98	0.00001
95	98	-0.00233
96	98	0.01192
97	98	-0.81288
98	98	0.56978
99	98	-0.00007
100	98	-0.06653
101	98	-0.09963
102	98	0.00902
103	98	-0.00000
104	98	0.00008
1	99	0.00261
2	99	0.00009
3	99	0.00094
4	99	0.00094
5	99	0.00185
6	99	0.00036
7	99	-0.00188
8	99	0.00110
9	99	-0.00149
10	99	0.00022
11	99	-0.00005
12	99	0.00004
13	99	-0.00020
14	99	-0.00051
15	99	-0.00010
16	99	0.00000
17	99	0.00009
18	99	0.00020
19	99	0.00015
20	99	-0.00005
21	99	0.00003
22	99	0.00003
23	99	-0.00000
24	99	-0.00034
25	99	0.00005
26	99	0.00007
27	99	0.00002
28	99	-0.00010
29	99	-0.00024
30	99	-0.00002
31	99	0.00019
32	99	0.00000
33	99	0.00023
34	99	-0.00001
35	99	0.00006
36	99	-0.00016
37	99	-0.00004
38	99	-0.00004
39	99	-0.00010
40	99	-0.00017
41	99	0.00000
42	99	-0.00001
43	99	0.00002
44	99	0.00001
45	99	0.00007
46	99	-0.00029
47	99	-0.00019
48	99	-0.00001
49	99	0.00006
50	99	0.00005
51	99	0.00007
52	99	-0.00007
53	99	-0.00005
54	99	0.00003
55	99	0.00000
56	99	0.00003
57	99	0.00009
58	99	0.00005
59	99	-0.00001
60	99	0.00003
61	99	0.00000
62	99	0.00011
63	99	0.00003
64	99	0.00002
65	99	-0.00000
66	99	-0.00002
67	99	0.00002
68	99	0.00004
69	99	0.00014
70	99	-0.00002
71	99	-0.00008
72	99	0.00001
73	99	-0.00003
74	99	0.00002
75	99	0.00019
76	99	0.00021
77	99	0.00008
78	99	-0.00010
79	99	-0.00004
80	99	0.00008
81	99	-0.00010
82	99	-0.00001
83	99	0.00013
84	99	-0.00001
85	99	0.00002
86	99	0.00003
87	99	0.00026
88	99	-0.00054
89	99	0.00000
90	99	0.00056
91	99	-0.00201
92	99	0.00001
93	99	0.00001
94	99	0.00254
95	99	0.00006
96	99	0.00008
97	99	-0.00052
98	99	-0.00064
99	99	0.99999
100	99	-0.00007
101	99	-0.00005
102	99	0.00003
103	99	0.00010
104	99	0.00001
1	100	0.00000
2	100	0.00036
3	100	-0.00011
4	100	-0.00006
5	100	-0.00005
6	100	-0.00004
7	100	-0.00007
8	100	-0.00013
9	100	-0.00009
10	100	-0.00038
11	100	-0.00002
12	100	-0.00001
13	100	0.00018
14	100	-0.00001
15	100	-0.00000
16	100	0.00005
17	100	-0.00002
18	100	0.00004
19	100	0.00009
20	100	0.00013
21	100	-0.00016
22	100	0.00011
23	100	0.00008
24	100	-0.00001
25	100	0.00001
26	100	-0.00000
27	100	0.00021
28	100	0.00005
29	100	-0.00002
30	100	-0.00001
31	100	0.00001
32	100	-0.00002
33	100	-0.00017
34	100	0.00001
35	100	0.00012
36	100	-0.00052
37	100	0.00009
38	100	0.00001
39	100	0.00001
40	100	0.00006
41	100	-0.00002
42	100	0.00001
43	100	0.00001
44	100	-0.00001
45	100	-0.00001
46	100	-0.00004
47	100	0.00008
48	100	0.00002
49	100	0.00002
50	100	-0.00000
51	100	0.00009
52	100	-0.00001
53	100	-0.00020
54	100	-0.00000
55	100	0.00019
56	100	-0.00002
57	100	0.00038
58	100	-0.00022
59	100	-0.00006
60	100	0.00006
61	100	0.00028
62	100	-0.00013
63	100	-0.00001
64	100	-0.00004
65	100	0.00042
66	100	0.00002
67	100	-0.00001
68	100	-0.00004
69	100	-0.00002
70	100	0.00002
71	100	-0.00017
72	100	-0.00000
73	100	0.00012
74	100	0.00003
75	100	0.00000
76	100	-0.00000
77	100	-0.00001
78	100	-0.00004
79	100	-0.00000
80	100	0.00014
81	100	0.00001
82	100	0.00025
83	100	0.00000
84	100	-0.00036
85	100	-0.00001
86	100	0.00002
87	100	-0.00004
88	100	-0.00004
89	100	0.00005
90	100	-0.00001
91	100	0.00001
92	100	-0.00002
93	100	-0.00015
94	100	-0.00004
95	100	-0.00062
96	100	-0.00026
97	100	-0.05085
98	100	0.02297
99	100	0.00005
100	100	0.99162
101	100	-0.11360
102	100	0.02578
103	100	0.00006
104	100	-0.00016
1	101	0.00021
2	101	0.00004
3	101	0.00011
4	101	0.00024
5	101	0.00029
6	101	0.00007
7	101	-0.00035
8	101	0.00048
9	101	0.00018
10	101	-0.00009
11	101	0.00010
12	101	0.00017
13	101	0.00025
14	101	0.00026
15	101	0.00046
16	101	0.00011
17	101	0.00011
18	101	0.00025
19	101	0.00011
20	101	0.00037
21	101	-0.00003
22	101	-0.00008
23	101	-0.00008
24	101	-0.00009
25	101	-0.00009
26	101	0.00007
27	101	0.00019
28	101	0.00004
29	101	0.00017
30	101	-0.00003
31	101	-0.00000
32	101	0.00002
33	101	-0.00005
34	101	0.00004
35	101	-0.00002
36	101	0.00013
37	101	-0.00001
38	101	-0.00003
39	101	0.00001
40	101	-0.00002
41	101	0.00003
42	101	0.00010
43	101	0.00000
44	101	0.00003
45	101	0.00003
46	101	-0.00005
47	101	-0.00000
48	101	-0.00001
49	101	0.00002
50	101	-0.00000
51	101	0.00002
52	101	0.00000
53	101	0.00018
54	101	-0.00001
55	101	-0.00016
56	101	0.00003
57	101	-0.00008
58	101	0.00006
59	101	0.00003
60	101	0.00004
61	101	-0.00034
62	101	0.00018
63	101	0.00001
64	101	0.00005
65	101	-0.00015
66	101	-0.00001
67	101	0.00001
68	101	0.00005
69	101	0.00001
70	101	-0.00003
71	101	0.00011
72	101	-0.00000
73	101	0.00035
74	101	-0.00001
75	101	0.00001
76	101	-0.00001
77	101	-0.00002
78	101	0.00001
79	101	-0.00003
80	101	-0.00028
81	101	0.00003
82	101	0.00041
83	101	0.00011
84	101	0.00011
85	101	0.00003
86	101	0.00002
87	101	0.00001
88	101	0.00000
89	101	-0.00001
90	101	-0.00000
91	101	-0.00000
92	101	0.00001
93	101	0.00004
94	101	-0.00002
95	101	0.00334
96	101	-0.01755
97	101	-0.09409
98	101	0.05016
99	101	0.00004
100	101	0.10562
101	101	0.98694
102	101	0.05583
103	101	0.00003
104	101	0.00008
1	102	-0.00005
2	102	-0.00011
3	102	0.00002
4	102	-0.00004
5	102	-0.00006
6	102	-0.00001
7	102	0.00007
8	102	-0.00007
9	102	-0.00000
10	102	0.00013
11	102	-0.00003
12	102	-0.00003
13	102	-0.00010
14	102	-0.00008
15	102	-0.00012
16	102	-0.00000
17	102	-0.00004
18	102	-0.00004
19	102	-0.00002
20	102	-0.00010
21	102	0.00006
22	102	0.00006
23	102	-0.00001
24	102	0.00004
25	102	0.00005
26	102	-0.00002
27	102	0.00009
28	102	-0.00001
29	102	-0.00003
30	102	0.00001
31	102	-0.00001
32	102	-0.00005
33	102	0.00008
34	102	-0.00003
35	102	-0.00003
36	102	0.00014
37	102	0.00004
38	102	-0.00004
39	102	0.00003
40	102	0.00001
41	102	-0.00002
42	102	-0.00028
43	102	-0.00000
44	102	0.00006
45	102	-0.00000
46	102	-0.00011
47	102	0.00022
48	102	-0.00000
49	102	0.00006
50	102	0.00000
51	102	0.00004
52	102	0.00000
53	102	-0.00003
54	102	0.00002
55	102	-0.00007
56	102	0.00007
57	102	-0.00023
58	102	0.00010
59	102	0.00002
60	102	0.00003
61	102	-0.00001
62	102	0.00002
63	102	0.00003
64	102	0.00004
65	102	-0.00002
66	102	-0.00002
67	102	0.00002
68	102	0.00002
69	102	0.00000
70	102	-0.00004
71	102	0.00026
72	102	-0.00001
73	102	0.00005
74	102	-0.00002
75	102	0.00000
76	102	0.00000
77	102	-0.00001
78	102	0.00004
79	102	-0.00003
80	102	-0.00027
81	102	0.00005
82	102	-0.00013
83	102	0.00009
84	102	0.00079
85	102	0.00002
86	102	-0.00002
87	102	0.00005
88	102	0.00004
89	102	-0.00004
90	102	0.00003
91	102	-0.00000
92	102	-0.00001
93	102	0.00008
94	102	0.00001
95	102	0.00117
96	102	-0.00467
97	102	0.01409
98	102	-0.00821
99	102	-0.00003
100	102	-0.03093
101	102	-0.05148
102	102	0.99805
103	102	-0.00012
104	102	0.00027
1	103	0.00037
2	103	0.00017
3	103	0.00073
4	103	0.00031
5	103	-0.00012
6	103	-0.00012
7	103	-0.00053
8	103	0.00011
9	103	-0.00030
10	103	-0.00015
11	103	-0.00002
12	103	-0.00055
13	103	-0.00007
14	103	-0.00002
15	103	0.00010
16	103	0.00000
17	103	-0.00002
18	103	0.00004
19	103	-0.00008
20	103	0.00015
21	103	0.00003
22	103	0.00005
23	103	0.00021
24	103	-0.00012
25	103	-0.00001
26	103	-0.00006
27	103	-0.00007
28	103	-0.00004
29	103	-0.00010
30	103	-0.00005
31	103	-0.00001
32	103	0.00000
33	103	-0.00006
34	103	0.00002
35	103	-0.00026
36	103	-0.00002
37	103	0.00011
38	103	0.00004
39	103	-0.00005
40	103	0.00001
41	103	0.00000
42	103	-0.00003
43	103	-0.00022
44	103	-0.00001
45	103	0.00006
46	103	0.00001
47	103	0.00000
48	103	0.00001
49	103	0.00009
50	103	-0.00002
51	103	-0.00000
52	103	-0.00001
53	103	0.00004
54	103	-0.00003
55	103	0.00002
56	103	0.00028
57	103	0.00008
58	103	0.00004
59	103	0.00001
60	103	-0.00022
61	103	-0.00000
62	103	0.00004
63	103	0.00021
64	103	0.00022
65	103	0.00001
66	103	0.00012
67	103	-0.00006
68	103	-0.00018
69	103	-0.00008
70	103	0.00004
71	103	0.00003
72	103	0.00000
73	103	0.00001
74	103	0.00007
75	103	-0.00000
76	103	0.00000
77	103	0.00004
78	103	-0.00017
79	103	-0.00016
80	103	-0.00006
81	103	0.00003
82	103	0.00001
83	103	-0.00002
84	103	0.00004
85	103	-0.00016
86	103	-0.00017
87	103	-0.00005
88	103	-0.00005
89	103	-0.00001
90	103	0.00000
91	103	0.00000
92	103	0.00000
93	103	-0.00002
94	103	0.00001
95	103	0.00040
96	103	0.00019
97	103	0.00013
98	103	0.00018
99	103	-0.00012
100	103	-0.00006
101	103	-0.00002
102	103	0.00011
103	103	1.00000
104	103	-0.00006
1	104	-0.00655
2	104	0.00107
3	104	0.00018
4	104	-0.00120
5	104	-0.00167
6	104	0.00091
7	104	0.00455
8	104	0.00264
9	104	0.00244
10	104	-0.00170
11	104	0.00236
12	104	0.00354
13	104	-0.00038
14	104	-0.00136
15	104	0.00020
16	104	0.00001
17	104	0.00004
18	104	0.00047
19	104	0.00109
20	104	-0.00337
21	104	0.00034
22	104	0.00181
23	104	-0.00118
24	104	0.00052
25	104	-0.00011
26	104	-0.00056
27	104	-0.00027
28	104	0.00014
29	104	0.00029
30	104	-0.00070
31	104	0.00235
32	104	0.00002
33	104	-0.00040
34	104	-0.00008
35	104	0.00097
36	104	-0.00075
37	104	-0.00005
38	104	0.00019
39	104	0.00089
40	104	-0.00019
41	104	0.00004
42	104	0.00029
43	104	0.00024
44	104	0.00000
45	104	-0.00015
46	104	0.00054
47	104	0.00047
48	104	0.00005
49	104	-0.00034
50	104	-0.00004
51	104	-0.00001
52	104	-0.00009
53	104	-0.00056
54	104	0.00003
55	104	-0.00006
56	104	-0.00010
57	104	0.00013
58	104	-0.00072
59	104	0.00010
60	104	-0.00025
61	104	-0.00013
62	104	-0.00001
63	104	0.00039
64	104	-0.00029
65	104	-0.00007
66	104	-0.00004
67	104	-0.00000
68	104	-0.00049
69	104	-0.00018
70	104	0.00010
71	104	-0.00040
72	104	0.00003
73	104	-0.00051
74	104	0.00014
75	104	0.00002
76	104	0.00004
77	104	0.00012
78	104	0.00010
79	104	0.00016
80	104	0.00124
81	104	-0.00045
82	104	-0.00009
83	104	-0.00082
84	104	-0.00019
85	104	0.00009
86	104	0.00010
87	104	0.00034
88	104	0.00009
89	104	0.00002
90	104	-0.00119
91	104	-0.00040
92	104	0.00002
93	104	0.00006
94	104	0.00023
95	104	0.00012
96	104	-0.00026
97	104	0.00004
98	104	-0.00007
99	104	-0.00004
100	104	0.00016
101	104	-0.00008
102	104	-0.00028
103	104	0.00008
104	104	1.00001
