Row	Col.	Element
1	1	1.00983
2	1	0.03925
3	1	-0.06271
4	1	0.01069
5	1	-0.03426
6	1	0.00796
7	1	-0.00025
8	1	0.00837
9	1	-0.00225
10	1	-0.02774
11	1	-0.01374
12	1	0.01795
13	1	0.00464
14	1	-0.02622
15	1	0.00549
16	1	-0.00245
17	1	0.00353
18	1	0.00811
19	1	0.00692
20	1	0.01631
21	1	0.01935
22	1	0.00020
23	1	0.00008
24	1	0.02598
25	1	0.00642
26	1	-0.00212
27	1	-0.00702
28	1	-0.00475
29	1	0.01033
30	1	0.00695
31	1	-0.01210
32	1	0.00185
33	1	0.00298
34	1	0.00205
35	1	-0.00585
36	1	-0.01494
37	1	-0.00068
38	1	0.00008
39	1	0.01026
40	1	0.00119
41	1	0.00646
42	1	0.00251
43	1	-0.00354
44	1	0.00029
45	1	0.00100
46	1	-0.00021
47	1	0.00603
48	1	0.00412
49	1	-0.00012
50	1	0.00679
51	1	-0.00254
52	1	0.00168
53	1	-0.00469
54	1	0.00480
55	1	-0.00053
56	1	0.00469
57	1	0.00891
58	1	0.00259
59	1	0.00793
60	1	0.00443
61	1	-0.00015
62	1	-0.00772
63	1	0.00420
64	1	-0.00001
65	1	0.01219
66	1	-0.00091
67	1	0.00686
68	1	0.01032
69	1	-0.00308
70	1	0.00086
71	1	0.00144
72	1	-0.00340
73	1	0.00581
74	1	-0.00011
75	1	-0.00764
76	1	-0.00654
77	1	-0.01082
78	1	-0.01371
79	1	-0.00012
80	1	-0.00026
81	1	-0.00040
82	1	0.01326
83	1	-0.00925
84	1	0.01405
85	1	-0.00624
86	1	-0.00027
87	1	-0.00318
88	1	-0.00165
89	1	0.00548
90	1	0.00213
91	1	0.00006
92	1	0.00068
93	1	-0.00158
94	1	-0.00182
95	1	-0.00154
96	1	-0.00389
97	1	-0.00025
98	1	0.00320
99	1	-0.00312
100	1	-0.00106
101	1	0.00005
102	1	0.00004
103	1	-0.00011
104	1	-0.00006
105	1	0.00005
106	1	0.00006
107	1	0.00013
108	1	0.00045
1	2	-0.01055
2	2	0.85867
3	2	0.01373
4	2	0.00677
5	2	0.00101
6	2	-0.02264
7	2	0.00500
8	2	0.01733
9	2	0.02241
10	2	-0.01547
11	2	-0.01164
12	2	-0.01090
13	2	0.00936
14	2	0.00663
15	2	-0.00483
16	2	0.00775
17	2	0.01220
18	2	0.00774
19	2	0.01362
20	2	0.00113
21	2	-0.00249
22	2	0.00890
23	2	-0.00254
24	2	-0.01585
25	2	-0.00493
26	2	0.00399
27	2	-0.00124
28	2	-0.00054
29	2	-0.00693
30	2	-0.00524
31	2	0.01706
32	2	0.01031
33	2	0.00085
34	2	0.00267
35	2	-0.00689
36	2	0.00478
37	2	-0.00042
38	2	0.00005
39	2	-0.00538
40	2	0.00000
41	2	0.00421
42	2	-0.00061
43	2	0.01116
44	2	0.00062
45	2	-0.00144
46	2	0.00103
47	2	-0.01030
48	2	-0.00189
49	2	0.00482
50	2	-0.00126
51	2	-0.00181
52	2	-0.00116
53	2	0.00467
54	2	-0.00166
55	2	0.00253
56	2	0.00332
57	2	-0.00618
58	2	-0.00208
59	2	-0.00388
60	2	-0.00411
61	2	0.00220
62	2	-0.00032
63	2	-0.00289
64	2	0.00004
65	2	0.00173
66	2	0.00076
67	2	0.00235
68	2	-0.00088
69	2	-0.00253
70	2	0.00035
71	2	-0.00977
72	2	0.00277
73	2	0.00267
74	2	-0.00031
75	2	-0.00008
76	2	-0.00119
77	2	0.00213
78	2	0.00213
79	2	-0.00012
80	2	-0.00022
81	2	-0.00065
82	2	-0.00101
83	2	0.00107
84	2	0.00415
85	2	0.00017
86	2	0.00095
87	2	-0.00500
88	2	0.00251
89	2	-0.00596
90	2	-0.00114
91	2	0.00004
92	2	-0.00091
93	2	0.00059
94	2	0.00074
95	2	0.00035
96	2	0.00251
97	2	0.00025
98	2	-0.00244
99	2	0.00079
100	2	0.00062
101	2	0.00022
102	2	0.00014
103	2	0.00018
104	2	0.00003
105	2	0.00007
106	2	-0.00000
107	2	-0.00030
108	2	-0.00005
1	3	0.02004
2	3	-0.14451
3	3	-0.84068
4	3	0.14690
5	3	0.02915
6	3	-0.08763
7	3	-0.05693
8	3	0.01529
9	3	-0.09617
10	3	-0.01123
11	3	0.00163
12	3	-0.02747
13	3	-0.02101
14	3	0.00981
15	3	-0.01551
16	3	0.01545
17	3	0.01053
18	3	0.03610
19	3	-0.00184
20	3	0.02089
21	3	-0.01101
22	3	-0.01627
23	3	0.00001
24	3	-0.04490
25	3	-0.01977
26	3	-0.00483
27	3	-0.01490
28	3	-0.01070
29	3	-0.02350
30	3	-0.01896
31	3	0.01254
32	3	0.05491
33	3	0.00274
34	3	-0.00128
35	3	-0.05679
36	3	-0.00840
37	3	0.00055
38	3	-0.01338
39	3	-0.00971
40	3	0.00160
41	3	0.00316
42	3	0.00125
43	3	0.01948
44	3	-0.00232
45	3	0.01540
46	3	0.00726
47	3	-0.01372
48	3	0.00502
49	3	-0.01287
50	3	0.00962
51	3	-0.00292
52	3	-0.00315
53	3	0.00476
54	3	-0.00864
55	3	-0.00584
56	3	-0.02004
57	3	-0.02580
58	3	-0.00349
59	3	-0.00055
60	3	-0.00538
61	3	0.00207
62	3	0.00869
63	3	0.00035
64	3	0.00114
65	3	0.00611
66	3	0.00124
67	3	0.00132
68	3	-0.00386
69	3	0.00505
70	3	-0.00147
71	3	-0.00217
72	3	-0.00903
73	3	-0.00591
74	3	0.00214
75	3	0.00669
76	3	0.00521
77	3	0.00505
78	3	0.01243
79	3	-0.00167
80	3	-0.00326
81	3	-0.00509
82	3	-0.00859
83	3	0.00931
84	3	-0.01249
85	3	0.00792
86	3	-0.01426
87	3	-0.00682
88	3	-0.00201
89	3	-0.00686
90	3	0.00017
91	3	-0.00047
92	3	-0.00485
93	3	-0.00013
94	3	-0.00142
95	3	-0.00286
96	3	-0.00079
97	3	0.00009
98	3	-0.00834
99	3	-0.00070
100	3	-0.00221
101	3	0.00056
102	3	-0.00078
103	3	0.00070
104	3	-0.00003
105	3	0.00022
106	3	0.00057
107	3	0.00027
108	3	-0.00060
1	4	-0.00909
2	4	0.05389
3	4	0.06293
4	4	0.97139
5	4	-0.03459
6	4	0.02908
7	4	0.02952
8	4	-0.02609
9	4	0.03210
10	4	-0.03911
11	4	0.01172
12	4	0.01898
13	4	0.01654
14	4	-0.01005
15	4	-0.00098
16	4	0.00666
17	4	0.00260
18	4	-0.00573
19	4	0.01348
20	4	0.00854
21	4	-0.00431
22	4	0.00356
23	4	-0.00728
24	4	-0.00191
25	4	-0.00031
26	4	0.00233
27	4	0.01219
28	4	0.00377
29	4	0.01146
30	4	0.00603
31	4	-0.00816
32	4	-0.02343
33	4	-0.00250
34	4	-0.00193
35	4	0.01752
36	4	0.00333
37	4	0.00034
38	4	0.00086
39	4	0.00341
40	4	-0.00137
41	4	-0.00190
42	4	-0.00104
43	4	-0.00115
44	4	0.00355
45	4	-0.00249
46	4	0.00140
47	4	-0.00416
48	4	-0.00183
49	4	0.00363
50	4	0.00251
51	4	-0.00117
52	4	-0.00077
53	4	-0.00004
54	4	0.00170
55	4	0.00273
56	4	0.00662
57	4	0.00664
58	4	0.00070
59	4	-0.00344
60	4	-0.00073
61	4	-0.00234
62	4	-0.00406
63	4	-0.00168
64	4	-0.00002
65	4	0.00622
66	4	-0.00047
67	4	0.00194
68	4	0.00280
69	4	-0.00550
70	4	0.00052
71	4	-0.00151
72	4	-0.00122
73	4	0.00515
74	4	-0.00167
75	4	-0.00251
76	4	-0.00307
77	4	-0.00156
78	4	-0.00444
79	4	0.00083
80	4	0.00052
81	4	0.00109
82	4	0.00439
83	4	-0.00067
84	4	0.00591
85	4	-0.00469
86	4	0.00224
87	4	0.00440
88	4	-0.00225
89	4	-0.00209
90	4	-0.00007
91	4	0.00015
92	4	0.00140
93	4	0.00013
94	4	0.00048
95	4	0.00140
96	4	0.00061
97	4	-0.00017
98	4	0.00221
99	4	0.00047
100	4	0.00045
101	4	-0.00029
102	4	0.00010
103	4	-0.00028
104	4	0.00006
105	4	0.00022
106	4	0.00020
107	4	0.00005
108	4	0.00000
1	5	-0.01159
2	5	0.05705
3	5	0.07669
4	5	-0.01735
5	5	0.82646
6	5	-0.07292
7	5	-0.01097
8	5	-0.01433
9	5	0.08493
10	5	-0.09683
11	5	-0.06741
12	5	-0.00725
13	5	0.00526
14	5	-0.02036
15	5	-0.00288
16	5	0.01900
17	5	0.00702
18	5	-0.00176
19	5	0.01532
20	5	0.01246
21	5	-0.00186
22	5	0.01143
23	5	-0.00184
24	5	-0.02551
25	5	-0.02045
26	5	0.00033
27	5	0.03152
28	5	0.01940
29	5	-0.00805
30	5	-0.02184
31	5	-0.01273
32	5	-0.01843
33	5	0.00029
34	5	-0.00039
35	5	-0.01523
36	5	-0.00590
37	5	0.00008
38	5	0.00095
39	5	0.00574
40	5	0.00019
41	5	-0.00301
42	5	0.00104
43	5	-0.01936
44	5	0.00283
45	5	0.01009
46	5	0.00171
47	5	0.00349
48	5	0.00732
49	5	0.00864
50	5	0.00881
51	5	0.00102
52	5	-0.00998
53	5	-0.00780
54	5	0.00381
55	5	0.00289
56	5	0.01186
57	5	0.01228
58	5	0.00680
59	5	-0.00450
60	5	0.00016
61	5	-0.00594
62	5	-0.00166
63	5	-0.00254
64	5	0.00164
65	5	0.00693
66	5	-0.00220
67	5	-0.00443
68	5	0.00478
69	5	-0.00041
70	5	0.00155
71	5	-0.00461
72	5	-0.00558
73	5	0.00501
74	5	-0.00153
75	5	-0.00558
76	5	-0.00613
77	5	-0.00528
78	5	-0.00650
79	5	0.00439
80	5	0.00371
81	5	-0.00019
82	5	0.01559
83	5	-0.00510
84	5	0.01440
85	5	-0.01313
86	5	-0.01225
87	5	0.01427
88	5	-0.00637
89	5	0.00717
90	5	0.00039
91	5	0.00035
92	5	-0.00057
93	5	-0.00104
94	5	-0.00042
95	5	0.00077
96	5	-0.00110
97	5	-0.00019
98	5	-0.00064
99	5	-0.00144
100	5	-0.00016
101	5	-0.00031
102	5	0.00051
103	5	-0.00053
104	5	0.00003
105	5	0.00104
106	5	0.00056
107	5	-0.00097
108	5	0.00031
1	6	-0.00140
2	6	-0.03162
3	6	-0.14670
4	6	0.07518
5	6	0.28983
6	6	0.85307
7	6	-0.10064
8	6	-0.01921
9	6	-0.05031
10	6	0.13998
11	6	0.03822
12	6	-0.02300
13	6	-0.01329
14	6	0.00631
15	6	-0.01141
16	6	-0.00326
17	6	-0.01913
18	6	-0.01916
19	6	-0.02578
20	6	-0.02241
21	6	0.01442
22	6	-0.00691
23	6	0.00680
24	6	0.02601
25	6	0.01716
26	6	-0.00574
27	6	-0.03107
28	6	-0.02481
29	6	-0.01497
30	6	0.00130
31	6	0.02103
32	6	0.04494
33	6	0.00365
34	6	0.00046
35	6	-0.01346
36	6	-0.00127
37	6	0.00298
38	6	0.00155
39	6	-0.00688
40	6	0.00301
41	6	-0.00073
42	6	0.00170
43	6	0.00250
44	6	-0.00319
45	6	-0.00468
46	6	-0.01067
47	6	0.00768
48	6	-0.00032
49	6	-0.01570
50	6	-0.01432
51	6	0.00052
52	6	0.00453
53	6	-0.00298
54	6	-0.00169
55	6	-0.00412
56	6	-0.01921
57	6	-0.01606
58	6	-0.00523
59	6	0.01010
60	6	0.00576
61	6	0.00981
62	6	0.00730
63	6	0.00619
64	6	-0.00060
65	6	-0.02387
66	6	0.00077
67	6	-0.00796
68	6	-0.00808
69	6	0.01116
70	6	0.00037
71	6	0.01641
72	6	0.00145
73	6	-0.01104
74	6	0.00186
75	6	0.00494
76	6	0.00813
77	6	0.00185
78	6	0.00719
79	6	0.00216
80	6	0.00088
81	6	-0.00108
82	6	-0.01325
83	6	-0.00309
84	6	-0.01501
85	6	0.01359
86	6	-0.00029
87	6	-0.01204
88	6	0.00753
89	6	0.00703
90	6	0.00014
91	6	-0.00054
92	6	-0.00125
93	6	-0.00019
94	6	-0.00035
95	6	-0.00150
96	6	-0.00056
97	6	0.00001
98	6	-0.00203
99	6	-0.00041
100	6	-0.00019
101	6	0.00060
102	6	-0.00083
103	6	0.00075
104	6	-0.00009
105	6	-0.00094
106	6	-0.00077
107	6	0.00041
108	6	-0.00015
1	7	0.01682
2	7	-0.07396
3	7	-0.22093
4	7	0.05642
5	7	0.22845
6	7	-0.14550
7	7	0.87159
8	7	-0.37040
9	7	-0.12157
10	7	0.19528
11	7	0.10520
12	7	0.03162
13	7	0.00489
14	7	0.01980
15	7	0.01808
16	7	-0.01106
17	7	-0.02069
18	7	-0.00049
19	7	-0.04446
20	7	-0.03158
21	7	0.02496
22	7	-0.02193
23	7	0.00817
24	7	0.04890
25	7	0.03001
26	7	-0.00509
27	7	-0.06730
28	7	-0.04493
29	7	0.01903
30	7	0.02407
31	7	0.03043
32	7	0.05291
33	7	-0.00478
34	7	0.00103
35	7	-0.01488
36	7	0.00138
37	7	0.00327
38	7	-0.00062
39	7	-0.00802
40	7	-0.00462
41	7	0.00745
42	7	-0.00324
43	7	0.03964
44	7	-0.00352
45	7	-0.01544
46	7	-0.00844
47	7	-0.00548
48	7	-0.00186
49	7	-0.02219
50	7	-0.01846
51	7	-0.00484
52	7	0.01753
53	7	0.00881
54	7	-0.00572
55	7	-0.00610
56	7	-0.02838
57	7	-0.02672
58	7	-0.00734
59	7	0.00757
60	7	0.00408
61	7	0.01215
62	7	-0.00335
63	7	0.01185
64	7	-0.00222
65	7	-0.02407
66	7	0.00235
67	7	0.00266
68	7	-0.00628
69	7	0.00809
70	7	-0.00208
71	7	0.01571
72	7	-0.00467
73	7	0.00083
74	7	0.00201
75	7	0.00971
76	7	0.01258
77	7	0.00506
78	7	0.01212
79	7	-0.00411
80	7	-0.00786
81	7	-0.00202
82	7	-0.02310
83	7	0.00417
84	7	-0.03181
85	7	0.03353
86	7	0.01047
87	7	-0.02103
88	7	0.01008
89	7	0.00316
90	7	0.00007
91	7	-0.00082
92	7	-0.00133
93	7	-0.00003
94	7	-0.00051
95	7	-0.00027
96	7	-0.00061
97	7	0.00016
98	7	-0.00246
99	7	-0.00003
100	7	-0.00042
101	7	0.00050
102	7	-0.00134
103	7	0.00112
104	7	-0.00006
105	7	-0.00192
106	7	-0.00125
107	7	0.00144
108	7	-0.00062
1	8	-0.00249
2	8	0.06261
3	8	0.23324
4	8	-0.04237
5	8	-0.18294
6	8	0.25148
7	8	0.42894
8	8	0.91875
9	8	0.10638
10	8	-0.20856
11	8	-0.15240
12	8	-0.03210
13	8	-0.01123
14	8	-0.00249
15	8	-0.00932
16	8	0.02133
17	8	0.01800
18	8	0.00319
19	8	0.03994
20	8	0.04538
21	8	-0.03845
22	8	0.02309
23	8	-0.00601
24	8	-0.05494
25	8	-0.04074
26	8	0.00323
27	8	0.06901
28	8	0.04505
29	8	-0.03289
30	8	-0.03316
31	8	-0.03200
32	8	-0.05485
33	8	-0.00090
34	8	-0.00460
35	8	0.01914
36	8	-0.00115
37	8	-0.00661
38	8	0.00346
39	8	0.00764
40	8	-0.00023
41	8	-0.00629
42	8	0.00135
43	8	-0.05537
44	8	0.00335
45	8	0.01789
46	8	0.00855
47	8	0.01800
48	8	0.00284
49	8	0.02441
50	8	0.01972
51	8	0.01176
52	8	-0.02013
53	8	-0.00650
54	8	0.00511
55	8	0.00652
56	8	0.03813
57	8	0.03506
58	8	0.00930
59	8	-0.01539
60	8	-0.00375
61	8	-0.02092
62	8	0.00832
63	8	-0.00559
64	8	0.00272
65	8	0.02275
66	8	-0.00186
67	8	-0.00366
68	8	0.00507
69	8	-0.00818
70	8	0.00430
71	8	-0.01487
72	8	0.00891
73	8	-0.00435
74	8	-0.00249
75	8	-0.01143
76	8	-0.01401
77	8	-0.00697
78	8	-0.01508
79	8	0.00977
80	8	0.01370
81	8	0.00212
82	8	0.02193
83	8	-0.01139
84	8	0.03760
85	8	-0.03482
86	8	-0.01471
87	8	0.02458
88	8	-0.00889
89	8	-0.00163
90	8	-0.00031
91	8	0.00073
92	8	0.00165
93	8	0.00009
94	8	0.00064
95	8	0.00060
96	8	0.00074
97	8	-0.00034
98	8	0.00315
99	8	-0.00004
100	8	0.00055
101	8	-0.00034
102	8	0.00132
103	8	-0.00114
104	8	-0.00001
105	8	0.00217
106	8	0.00130
107	8	-0.00189
108	8	0.00076
1	9	0.00508
2	9	-0.00887
3	9	0.01619
4	9	-0.01120
5	9	-0.06685
6	9	-0.00364
7	9	0.00330
8	9	0.05589
9	9	1.01804
10	9	0.06103
11	9	-0.02678
12	9	-0.01266
13	9	-0.02115
14	9	0.01811
15	9	0.02445
16	9	-0.04725
17	9	0.00729
18	9	0.02391
19	9	-0.00859
20	9	-0.02966
21	9	-0.01505
22	9	-0.00397
23	9	0.01654
24	9	-0.01189
25	9	-0.00724
26	9	0.00559
27	9	0.01473
28	9	0.01078
29	9	0.00633
30	9	0.00126
31	9	-0.00973
32	9	-0.01056
33	9	0.00139
34	9	-0.00339
35	9	0.00949
36	9	0.00174
37	9	0.00138
38	9	0.00014
39	9	0.00186
40	9	0.00006
41	9	-0.00256
42	9	-0.00132
43	9	-0.00770
44	9	0.00111
45	9	0.00291
46	9	0.00784
47	9	0.00432
48	9	-0.00100
49	9	0.00274
50	9	0.00224
51	9	0.00220
52	9	0.00023
53	9	0.00434
54	9	-0.00049
55	9	0.00012
56	9	0.00532
57	9	0.00643
58	9	0.00046
59	9	-0.00016
60	9	-0.00053
61	9	-0.00381
62	9	0.00140
63	9	-0.00134
64	9	0.00079
65	9	0.01349
66	9	0.00016
67	9	0.00353
68	9	0.00249
69	9	-0.00537
70	9	0.00024
71	9	-0.00494
72	9	0.00457
73	9	-0.00423
74	9	-0.00039
75	9	-0.00139
76	9	-0.00171
77	9	-0.00052
78	9	-0.00309
79	9	-0.00295
80	9	-0.00142
81	9	0.00031
82	9	0.00050
83	9	0.00067
84	9	0.00200
85	9	-0.00314
86	9	0.00394
87	9	0.00193
88	9	-0.00162
89	9	-0.00462
90	9	-0.00009
91	9	0.00013
92	9	0.00063
93	9	0.00033
94	9	0.00023
95	9	-0.00016
96	9	0.00037
97	9	-0.00004
98	9	0.00112
99	9	0.00045
100	9	0.00003
101	9	-0.00034
102	9	0.00027
103	9	-0.00036
104	9	-0.00001
105	9	0.00025
106	9	0.00022
107	9	-0.00003
108	9	0.00005
1	10	-0.01287
2	10	0.01131
3	10	0.06236
4	10	-0.00233
5	10	-0.01464
6	10	0.01996
7	10	0.02877
8	10	-0.03793
9	10	-0.07916
10	10	0.93802
11	10	0.02285
12	10	-0.04678
13	10	-0.03586
14	10	0.02130
15	10	-0.00844
16	10	-0.00973
17	10	0.00230
18	10	-0.00184
19	10	0.01620
20	10	0.01303
21	10	-0.00592
22	10	-0.00642
23	10	-0.00549
24	10	-0.01658
25	10	0.00138
26	10	-0.00141
27	10	0.01229
28	10	0.00901
29	10	-0.00782
30	10	-0.00385
31	10	-0.01176
32	10	-0.01115
33	10	-0.00012
34	10	0.00087
35	10	0.00514
36	10	-0.00077
37	10	-0.00117
38	10	-0.00047
39	10	0.00032
40	10	-0.00020
41	10	-0.00302
42	10	-0.00012
43	10	-0.01343
44	10	0.00024
45	10	0.00409
46	10	0.00010
47	10	0.00426
48	10	-0.00028
49	10	0.00235
50	10	0.00618
51	10	0.00245
52	10	-0.00249
53	10	-0.00020
54	10	0.00071
55	10	-0.00030
56	10	0.00376
57	10	0.00460
58	10	0.00061
59	10	-0.00224
60	10	-0.00075
61	10	-0.00302
62	10	0.00250
63	10	-0.00227
64	10	0.00066
65	10	0.00566
66	10	-0.00069
67	10	-0.00233
68	10	0.00096
69	10	-0.00200
70	10	0.00013
71	10	-0.00223
72	10	0.00113
73	10	0.00010
74	10	-0.00007
75	10	-0.00160
76	10	-0.00225
77	10	-0.00131
78	10	-0.00283
79	10	-0.00002
80	10	0.00031
81	10	0.00015
82	10	0.00359
83	10	-0.00106
84	10	0.00579
85	10	-0.00613
86	10	-0.00196
87	10	0.00220
88	10	-0.00341
89	10	-0.00066
90	10	0.00028
91	10	0.00014
92	10	0.00046
93	10	-0.00028
94	10	-0.00004
95	10	-0.00041
96	10	-0.00019
97	10	-0.00005
98	10	0.00100
99	10	-0.00031
100	10	-0.00021
101	10	-0.00006
102	10	0.00024
103	10	-0.00023
104	10	-0.00001
105	10	0.00040
106	10	0.00033
107	10	-0.00009
108	10	-0.00004
1	11	-0.01143
2	11	-0.02276
3	11	-0.06603
4	11	0.03046
5	11	0.09476
6	11	-0.03568
7	11	-0.00920
8	11	0.01532
9	11	-0.06484
10	11	0.04024
11	11	0.97472
12	11	0.30072
13	11	0.15127
14	11	-0.06606
15	11	-0.04939
16	11	0.08660
17	11	0.01125
18	11	0.01058
19	11	0.01595
20	11	0.05264
21	11	-0.00020
22	11	-0.00984
23	11	-0.02158
24	11	0.01875
25	11	-0.00463
26	11	0.00091
27	11	-0.04505
28	11	-0.02925
29	11	-0.01074
30	11	0.00397
31	11	0.01648
32	11	0.02635
33	11	-0.00326
34	11	0.00444
35	11	0.00301
36	11	0.00599
37	11	-0.00275
38	11	-0.00116
39	11	-0.00057
40	11	-0.00240
41	11	0.01069
42	11	-0.00286
43	11	-0.00515
44	11	-0.00011
45	11	-0.00519
46	11	-0.00667
47	11	0.00681
48	11	-0.00333
49	11	-0.00793
50	11	-0.00746
51	11	0.00615
52	11	0.00426
53	11	0.00443
54	11	0.00044
55	11	-0.00027
56	11	0.00508
57	11	0.00053
58	11	-0.00331
59	11	-0.00586
60	11	0.00379
61	11	-0.00448
62	11	0.00287
63	11	0.01147
64	11	0.00084
65	11	-0.00756
66	11	0.00159
67	11	0.00282
68	11	-0.00107
69	11	0.00185
70	11	0.00225
71	11	0.00650
72	11	0.00482
73	11	-0.00597
74	11	0.00039
75	11	-0.00044
76	11	0.00197
77	11	-0.00259
78	11	0.00002
79	11	0.00658
80	11	0.00403
81	11	0.00099
82	11	-0.00879
83	11	-0.00921
84	11	-0.00285
85	11	0.00688
86	11	0.00083
87	11	-0.01002
88	11	0.00790
89	11	0.00135
90	11	-0.00028
91	11	-0.00047
92	11	0.00003
93	11	0.00000
94	11	0.00034
95	11	0.00015
96	11	0.00057
97	11	-0.00008
98	11	-0.00068
99	11	0.00043
100	11	0.00009
101	11	0.00052
102	11	-0.00074
103	11	0.00050
104	11	0.00001
105	11	-0.00042
106	11	-0.00043
107	11	0.00004
108	11	-0.00013
1	12	-0.01428
2	12	0.05933
3	12	0.00579
4	12	-0.02525
5	12	-0.04611
6	12	0.04379
7	12	-0.00612
8	12	-0.02017
9	12	0.01699
10	12	-0.00082
11	12	-0.22779
12	12	0.87795
13	12	-0.35063
14	12	0.20897
15	12	0.12132
16	12	-0.04844
17	12	0.01086
18	12	0.03545
19	12	0.01520
20	12	-0.05737
21	12	0.00179
22	12	0.02638
23	12	0.01025
24	12	-0.00865
25	12	0.01127
26	12	0.00308
27	12	0.01043
28	12	0.01754
29	12	0.00807
30	12	0.00676
31	12	-0.00789
32	12	-0.01532
33	12	-0.00209
34	12	-0.00361
35	12	0.00393
36	12	0.00637
37	12	-0.00077
38	12	-0.00197
39	12	0.00437
40	12	-0.00013
41	12	-0.00084
42	12	-0.00046
43	12	0.00499
44	12	-0.00011
45	12	0.00196
46	12	0.00636
47	12	-0.00112
48	12	-0.00128
49	12	0.00364
50	12	0.00187
51	12	-0.00013
52	12	0.00059
53	12	0.00344
54	12	0.00103
55	12	-0.00121
56	12	0.00486
57	12	0.00529
58	12	0.00325
59	12	0.00123
60	12	0.00011
61	12	0.00044
62	12	-0.00674
63	12	-0.00249
64	12	0.00060
65	12	0.00852
66	12	-0.00106
67	12	0.00192
68	12	0.00299
69	12	-0.00633
70	12	-0.00046
71	12	-0.00505
72	12	0.00155
73	12	0.00289
74	12	-0.00017
75	12	-0.00197
76	12	-0.00297
77	12	-0.00065
78	12	-0.00248
79	12	-0.00154
80	12	-0.00147
81	12	0.00070
82	12	0.00372
83	12	0.00351
84	12	0.00637
85	12	-0.00460
86	12	0.00179
87	12	0.00140
88	12	-0.00141
89	12	-0.00141
90	12	-0.00030
91	12	0.00024
92	12	0.00065
93	12	-0.00019
94	12	0.00055
95	12	-0.00010
96	12	0.00108
97	12	-0.00000
98	12	0.00035
99	12	0.00040
100	12	0.00023
101	12	-0.00040
102	12	0.00024
103	12	-0.00023
104	12	-0.00007
105	12	0.00011
106	12	0.00021
107	12	0.00013
108	12	0.00015
1	13	-0.02153
2	13	0.04158
3	13	0.02401
4	13	-0.00261
5	13	-0.01846
6	13	0.04545
7	13	0.00524
8	13	-0.03199
9	13	-0.00511
10	13	0.00274
11	13	-0.18447
12	13	0.21725
13	13	0.88037
14	13	0.33141
15	13	-0.01085
16	13	-0.06837
17	13	-0.00182
18	13	0.02685
19	13	0.06688
20	13	-0.04758
21	13	0.01267
22	13	0.01896
23	13	-0.01170
24	13	-0.00471
25	13	0.01293
26	13	-0.00052
27	13	-0.00819
28	13	0.00279
29	13	0.00952
30	13	0.00308
31	13	-0.00588
32	13	-0.00350
33	13	0.00057
34	13	0.00257
35	13	-0.00007
36	13	0.00227
37	13	-0.00378
38	13	-0.00673
39	13	0.00132
40	13	-0.00108
41	13	0.00335
42	13	-0.00084
43	13	0.00006
44	13	-0.00031
45	13	0.00672
46	13	-0.00225
47	13	-0.00016
48	13	0.00011
49	13	0.00182
50	13	0.00385
51	13	-0.00365
52	13	-0.00043
53	13	0.00146
54	13	0.00005
55	13	-0.00124
56	13	0.00323
57	13	0.00550
58	13	0.00084
59	13	-0.00141
60	13	0.00137
61	13	-0.00289
62	13	-0.00130
63	13	0.00185
64	13	0.00076
65	13	0.00745
66	13	0.00151
67	13	0.00131
68	13	0.00203
69	13	-0.00312
70	13	0.00009
71	13	0.00093
72	13	0.00037
73	13	0.00299
74	13	0.00013
75	13	-0.00097
76	13	-0.00046
77	13	-0.00161
78	13	-0.00205
79	13	-0.00152
80	13	0.00158
81	13	-0.00023
82	13	0.00173
83	13	-0.00140
84	13	0.00022
85	13	-0.00149
86	13	0.00159
87	13	0.00158
88	13	-0.00180
89	13	-0.00385
90	13	0.00024
91	13	-0.00007
92	13	0.00001
93	13	-0.00006
94	13	0.00014
95	13	-0.00054
96	13	-0.00063
97	13	-0.00013
98	13	-0.00096
99	13	0.00106
100	13	-0.00062
101	13	0.00005
102	13	0.00011
103	13	-0.00010
104	13	-0.00000
105	13	0.00018
106	13	0.00012
107	13	-0.00022
108	13	-0.00001
1	14	0.03150
2	14	-0.02454
3	14	0.00570
4	14	0.00051
5	14	0.02363
6	14	-0.03653
7	14	-0.01550
8	14	0.02933
9	14	0.01070
10	14	-0.03482
11	14	0.15559
12	14	-0.23082
13	14	-0.21329
14	14	0.90024
15	14	-0.17210
16	14	0.02929
17	14	0.00261
18	14	-0.04115
19	14	-0.07692
20	14	0.05716
21	14	-0.01654
22	14	-0.03890
23	14	0.01163
24	14	-0.00651
25	14	-0.01957
26	14	-0.00119
27	14	0.02102
28	14	0.00195
29	14	-0.01386
30	14	-0.01235
31	14	0.00034
32	14	-0.00156
33	14	-0.00225
34	14	-0.00387
35	14	0.00386
36	14	-0.00107
37	14	0.00465
38	14	0.00413
39	14	-0.00234
40	14	0.00058
41	14	-0.00787
42	14	0.00047
43	14	-0.00532
44	14	0.00015
45	14	-0.00032
46	14	0.00250
47	14	0.00446
48	14	-0.00206
49	14	-0.00185
50	14	-0.00401
51	14	0.00745
52	14	-0.00192
53	14	-0.00084
54	14	-0.00207
55	14	0.00055
56	14	-0.00226
57	14	-0.00442
58	14	-0.00410
59	14	-0.00180
60	14	-0.00051
61	14	0.00247
62	14	0.00503
63	14	-0.00538
64	14	-0.00057
65	14	-0.00634
66	14	0.00111
67	14	-0.00475
68	14	-0.00361
69	14	0.00326
70	14	-0.00017
71	14	-0.00198
72	14	0.00283
73	14	-0.00699
74	14	-0.00002
75	14	0.00149
76	14	0.00076
77	14	0.00438
78	14	0.00365
79	14	-0.00096
80	14	0.00188
81	14	-0.00092
82	14	-0.00315
83	14	0.00466
84	14	0.00184
85	14	-0.00255
86	14	-0.00293
87	14	-0.00063
88	14	0.00152
89	14	0.00393
90	14	0.00015
91	14	0.00016
92	14	-0.00018
93	14	0.00014
94	14	-0.00005
95	14	0.00032
96	14	-0.00016
97	14	0.00014
98	14	0.00024
99	14	-0.00024
100	14	0.00025
101	14	-0.00014
102	14	-0.00002
103	14	0.00005
104	14	-0.00000
105	14	-0.00002
106	14	0.00004
107	14	0.00028
108	14	-0.00010
1	15	0.01165
2	15	0.00374
3	15	-0.02963
4	15	-0.03090
5	15	-0.00081
6	15	-0.02665
7	15	-0.00663
8	15	0.02273
9	15	-0.00725
10	15	0.00150
11	15	0.10575
12	15	-0.09375
13	15	0.01731
14	15	0.05772
15	15	0.63115
16	15	-0.73999
17	15	-0.01740
18	15	-0.06005
19	15	-0.07895
20	15	-0.00521
21	15	-0.00203
22	15	0.01164
23	15	0.03059
24	15	-0.00809
25	15	-0.02020
26	15	0.00155
27	15	0.01984
28	15	0.00571
29	15	-0.00347
30	15	-0.00147
31	15	-0.00033
32	15	-0.01635
33	15	0.00001
34	15	-0.00272
35	15	0.00370
36	15	0.00522
37	15	0.00378
38	15	0.00291
39	15	-0.00212
40	15	0.00164
41	15	-0.00386
42	15	0.00185
43	15	0.00682
44	15	0.00073
45	15	-0.00366
46	15	0.00108
47	15	-0.00244
48	15	-0.00212
49	15	0.00510
50	15	-0.00442
51	15	0.00277
52	15	-0.00154
53	15	-0.00431
54	15	0.00039
55	15	0.00033
56	15	0.00433
57	15	0.00169
58	15	0.00221
59	15	-0.00067
60	15	-0.00071
61	15	0.00220
62	15	-0.00043
63	15	-0.00443
64	15	-0.00080
65	15	-0.00682
66	15	-0.00034
67	15	-0.00166
68	15	-0.00153
69	15	0.00296
70	15	-0.00059
71	15	-0.00544
72	15	0.00064
73	15	-0.00292
74	15	-0.00019
75	15	-0.00001
76	15	-0.00096
77	15	0.00322
78	15	0.00214
79	15	-0.00045
80	15	0.00093
81	15	-0.00011
82	15	0.00150
83	15	0.00516
84	15	0.00197
85	15	-0.00313
86	15	-0.00093
87	15	0.00427
88	15	0.00083
89	15	0.00444
90	15	-0.00021
91	15	0.00020
92	15	-0.00004
93	15	0.00049
94	15	0.00033
95	15	0.00033
96	15	0.00083
97	15	0.00021
98	15	0.00017
99	15	0.00016
100	15	0.00082
101	15	-0.00011
102	15	0.00035
103	15	-0.00004
104	15	-0.00002
105	15	-0.00001
106	15	-0.00013
107	15	-0.00018
108	15	0.00013
1	16	0.00344
2	16	0.00246
3	16	-0.01006
4	16	-0.00442
5	16	0.00541
6	16	0.00218
7	16	-0.01379
8	16	0.00603
9	16	0.00569
10	16	0.00467
11	16	0.00788
12	16	-0.08030
13	16	0.03359
14	16	0.11320
15	16	0.74574
16	16	0.64746
17	16	-0.01169
18	16	0.00987
19	16	0.02400
20	16	-0.03007
21	16	-0.00248
22	16	-0.02082
23	16	0.00188
24	16	-0.00349
25	16	-0.00095
26	16	-0.00369
27	16	0.00288
28	16	0.00147
29	16	0.01297
30	16	0.01187
31	16	-0.00250
32	16	-0.00310
33	16	-0.00604
34	16	-0.00001
35	16	0.00735
36	16	0.00102
37	16	-0.00066
38	16	-0.00372
39	16	-0.00120
40	16	-0.00350
41	16	-0.00019
42	16	-0.00110
43	16	0.00383
44	16	0.00036
45	16	-0.00343
46	16	0.00278
47	16	-0.00679
48	16	-0.00357
49	16	0.00078
50	16	0.00159
51	16	-0.00461
52	16	-0.00178
53	16	-0.00021
54	16	0.00196
55	16	0.00139
56	16	-0.00469
57	16	-0.00214
58	16	-0.00392
59	16	0.00040
60	16	-0.00228
61	16	-0.00126
62	16	0.00365
63	16	-0.00097
64	16	0.00125
65	16	0.00610
66	16	-0.00041
67	16	0.00191
68	16	0.00333
69	16	-0.00115
70	16	-0.00056
71	16	-0.00010
72	16	-0.00308
73	16	-0.00495
74	16	-0.00011
75	16	-0.00011
76	16	0.00043
77	16	0.00006
78	16	0.00013
79	16	-0.00021
80	16	-0.00179
81	16	0.00015
82	16	-0.00254
83	16	-0.00032
84	16	0.00000
85	16	-0.00134
86	16	0.00256
87	16	-0.00254
88	16	0.00038
89	16	-0.00405
90	16	0.00032
91	16	0.00002
92	16	0.00033
93	16	0.00030
94	16	0.00013
95	16	0.00015
96	16	0.00038
97	16	0.00001
98	16	0.00053
99	16	0.00037
100	16	0.00019
101	16	-0.00005
102	16	-0.00004
103	16	0.00002
104	16	0.00002
105	16	-0.00006
106	16	-0.00000
107	16	0.00013
108	16	-0.00042
1	17	0.00027
2	17	0.00296
3	17	-0.00559
4	17	-0.00561
5	17	0.00153
6	17	0.00130
7	17	0.00214
8	17	0.00345
9	17	0.00066
10	17	0.00274
11	17	-0.01668
12	17	-0.01839
13	17	-0.00098
14	17	0.00489
15	17	0.02355
16	17	-0.01233
17	17	0.99795
18	17	-0.04255
19	17	0.03337
20	17	-0.01497
21	17	0.00098
22	17	0.00930
23	17	-0.00667
24	17	0.00382
25	17	0.00074
26	17	0.00280
27	17	0.01215
28	17	-0.00330
29	17	-0.00098
30	17	-0.00220
31	17	-0.00025
32	17	-0.00026
33	17	-0.00005
34	17	0.00071
35	17	-0.00065
36	17	-0.00004
37	17	0.00258
38	17	0.00005
39	17	-0.00149
40	17	-0.00011
41	17	-0.00212
42	17	-0.00022
43	17	-0.00149
44	17	0.00143
45	17	0.00101
46	17	-0.00198
47	17	0.00015
48	17	0.00043
49	17	-0.00299
50	17	-0.00064
51	17	-0.00217
52	17	-0.00177
53	17	-0.00376
54	17	0.00033
55	17	0.00061
56	17	-0.00241
57	17	-0.00300
58	17	-0.00083
59	17	0.00112
60	17	0.00031
61	17	0.00180
62	17	0.00262
63	17	-0.00216
64	17	0.00033
65	17	-0.00355
66	17	-0.00003
67	17	-0.00196
68	17	-0.00064
69	17	0.00030
70	17	0.00058
71	17	0.00282
72	17	-0.00078
73	17	-0.00101
74	17	0.00006
75	17	-0.00027
76	17	0.00032
77	17	-0.00065
78	17	-0.00073
79	17	0.00083
80	17	0.00071
81	17	-0.00013
82	17	0.00068
83	17	-0.00146
84	17	0.00044
85	17	0.00008
86	17	-0.00177
87	17	-0.00118
88	17	0.00017
89	17	0.00007
90	17	-0.00001
91	17	-0.00001
92	17	0.00007
93	17	-0.00002
94	17	0.00005
95	17	-0.00001
96	17	-0.00002
97	17	-0.00001
98	17	0.00002
99	17	0.00008
100	17	0.00009
101	17	-0.00006
102	17	-0.00002
103	17	0.00007
104	17	-0.00002
105	17	0.00002
106	17	-0.00001
107	17	-0.00006
108	17	0.00003
1	18	0.00297
2	18	-0.00099
3	18	-0.00650
4	18	-0.00198
5	18	0.02281
6	18	-0.00758
7	18	0.00150
8	18	-0.00029
9	18	-0.02496
10	18	0.01536
11	18	0.02183
12	18	-0.05511
13	18	-0.01643
14	18	0.02414
15	18	0.01749
16	18	-0.03930
17	18	0.03934
18	18	0.99075
19	18	0.06146
20	18	0.02847
21	18	0.00770
22	18	0.01134
23	18	-0.01462
24	18	0.01154
25	18	-0.01246
26	18	0.00480
27	18	0.00959
28	18	0.00866
29	18	0.00624
30	18	0.00201
31	18	0.00218
32	18	-0.00433
33	18	-0.00096
34	18	-0.00125
35	18	-0.00232
36	18	-0.00051
37	18	-0.00062
38	18	0.00169
39	18	-0.00135
40	18	-0.00107
41	18	-0.00943
42	18	0.00000
43	18	0.00947
44	18	-0.00121
45	18	-0.00110
46	18	-0.00428
47	18	-0.00855
48	18	0.00021
49	18	0.00107
50	18	0.00075
51	18	-0.00497
52	18	-0.00105
53	18	-0.00741
54	18	0.00080
55	18	0.00109
56	18	-0.01158
57	18	-0.01024
58	18	-0.00385
59	18	0.00437
60	18	0.00012
61	18	0.00891
62	18	0.00169
63	18	-0.00517
64	18	-0.00067
65	18	-0.00934
66	18	-0.00021
67	18	-0.00331
68	18	-0.00144
69	18	0.00298
70	18	-0.00015
71	18	0.00237
72	18	-0.00366
73	18	0.00227
74	18	-0.00006
75	18	0.00077
76	18	0.00045
77	18	0.00154
78	18	0.00238
79	18	-0.00077
80	18	-0.00151
81	18	0.00030
82	18	0.00212
83	18	0.00237
84	18	0.00396
85	18	0.00073
86	18	-0.00200
87	18	-0.00088
88	18	0.00019
89	18	0.00069
90	18	-0.00008
91	18	0.00008
92	18	-0.00026
93	18	0.00034
94	18	-0.00009
95	18	0.00027
96	18	-0.00002
97	18	0.00009
98	18	-0.00031
99	18	0.00017
100	18	0.00016
101	18	-0.00002
102	18	-0.00003
103	18	0.00012
104	18	-0.00001
105	18	-0.00003
106	18	-0.00008
107	18	-0.00004
108	18	0.00001
1	19	-0.01050
2	19	-0.01256
3	19	-0.00772
4	19	0.02172
5	19	0.00609
6	19	0.01679
7	19	-0.00273
8	19	-0.00178
9	19	0.00712
10	19	0.00496
11	19	-0.00121
12	19	-0.00956
13	19	-0.05191
14	19	0.04054
15	19	0.03128
16	19	-0.05054
17	19	-0.03787
18	19	-0.07302
19	19	0.78832
20	19	0.59606
21	19	0.02222
22	19	-0.00345
23	19	-0.08578
24	19	0.02723
25	19	0.01470
26	19	-0.00248
27	19	-0.01337
28	19	-0.01508
29	19	0.00262
30	19	-0.00351
31	19	0.01084
32	19	0.03236
33	19	-0.00438
34	19	0.00345
35	19	-0.00283
36	19	-0.00003
37	19	-0.00163
38	19	-0.00182
39	19	0.00008
40	19	-0.00088
41	19	0.00396
42	19	-0.00082
43	19	-0.00590
44	19	-0.00030
45	19	-0.00414
46	19	-0.00370
47	19	-0.00256
48	19	0.00624
49	19	-0.00466
50	19	0.00223
51	19	-0.00358
52	19	0.00138
53	19	-0.00029
54	19	0.00011
55	19	0.00313
56	19	-0.00482
57	19	-0.00258
58	19	-0.00012
59	19	0.00196
60	19	0.00468
61	19	0.00314
62	19	-0.00014
63	19	0.00413
64	19	0.00066
65	19	-0.00286
66	19	0.00071
67	19	0.00387
68	19	0.00120
69	19	-0.00029
70	19	0.00040
71	19	0.00703
72	19	-0.00312
73	19	0.00161
74	19	0.00022
75	19	0.00077
76	19	0.00282
77	19	-0.00223
78	19	-0.00022
79	19	0.00054
80	19	-0.00002
81	19	0.00031
82	19	-0.00096
83	19	-0.00604
84	19	-0.00654
85	19	0.00333
86	19	0.00085
87	19	-0.00136
88	19	0.00018
89	19	-0.00263
90	19	-0.00009
91	19	-0.00024
92	19	-0.00036
93	19	-0.00028
94	19	-0.00008
95	19	-0.00015
96	19	0.00006
97	19	-0.00016
98	19	-0.00048
99	19	-0.00045
100	19	-0.00031
101	19	0.00012
102	19	-0.00037
103	19	0.00006
104	19	0.00008
105	19	-0.00011
106	19	-0.00012
107	19	-0.00017
108	19	0.00008
1	20	0.01942
2	20	-0.03986
3	20	-0.04003
4	20	0.00225
5	20	0.01466
6	20	-0.05840
7	20	-0.01493
8	20	0.02415
9	20	-0.03493
10	20	0.02753
11	20	0.05524
12	20	-0.04518
13	20	-0.05208
14	20	0.03399
15	20	-0.01087
16	20	-0.05933
17	20	-0.02366
18	20	-0.01428
19	20	0.54925
20	20	-0.73852
21	20	-0.25144
22	20	-0.26709
23	20	0.08005
24	20	-0.00622
25	20	-0.03213
26	20	-0.00298
27	20	-0.00624
28	20	-0.01742
29	20	0.02060
30	20	0.00393
31	20	-0.00654
32	20	-0.01621
33	20	-0.01529
34	20	-0.00502
35	20	0.00466
36	20	0.00104
37	20	0.00478
38	20	0.00604
39	20	-0.00013
40	20	-0.00600
41	20	-0.00138
42	20	-0.00010
43	20	0.02104
44	20	0.00092
45	20	-0.00465
46	20	0.01140
47	20	-0.00300
48	20	-0.00141
49	20	-0.00476
50	20	-0.00005
51	20	0.00008
52	20	0.00579
53	20	-0.00066
54	20	-0.00036
55	20	0.00221
56	20	-0.00022
57	20	-0.00500
58	20	-0.00312
59	20	-0.00201
60	20	0.00156
61	20	0.00398
62	20	-0.00489
63	20	0.00011
64	20	-0.00195
65	20	-0.00025
66	20	0.00133
67	20	0.00470
68	20	-0.00029
69	20	-0.00216
70	20	-0.00085
71	20	-0.00512
72	20	-0.00367
73	20	0.00132
74	20	-0.00016
75	20	0.00133
76	20	0.00049
77	20	0.00225
78	20	0.00066
79	20	-0.00286
80	20	-0.00295
81	20	-0.00104
82	20	-0.00202
83	20	0.00371
84	20	-0.00311
85	20	0.00408
86	20	0.00167
87	20	-0.00613
88	20	0.00087
89	20	0.00279
90	20	-0.00014
91	20	0.00002
92	20	0.00004
93	20	0.00009
94	20	-0.00007
95	20	0.00067
96	20	0.00001
97	20	0.00017
98	20	0.00060
99	20	-0.00027
100	20	0.00031
101	20	-0.00024
102	20	-0.00007
103	20	0.00010
104	20	0.00002
105	20	-0.00032
106	20	-0.00013
107	20	0.00048
108	20	0.00000
1	21	0.01280
2	21	0.01255
3	21	0.02076
4	21	0.01007
5	21	-0.02243
6	21	-0.00607
7	21	-0.00761
8	21	-0.00377
9	21	0.00564
10	21	-0.01287
11	21	-0.03204
12	21	0.02208
13	21	0.02264
14	21	-0.01168
15	21	0.00547
16	21	0.01493
17	21	0.00504
18	21	0.00919
19	21	-0.07560
20	21	0.14685
21	21	-0.92527
22	21	0.33005
23	21	-0.00069
24	21	-0.01284
25	21	0.00297
26	21	-0.00906
27	21	0.00031
28	21	0.00351
29	21	0.00735
30	21	-0.00487
31	21	-0.01201
32	21	-0.00290
33	21	0.00634
34	21	0.00104
35	21	0.00542
36	21	-0.00586
37	21	-0.00135
38	21	-0.00220
39	21	-0.00011
40	21	0.00334
41	21	-0.00094
42	21	0.00101
43	21	-0.00870
44	21	-0.00001
45	21	-0.00172
46	21	-0.00100
47	21	0.00242
48	21	-0.00121
49	21	-0.00134
50	21	0.00102
51	21	0.00130
52	21	-0.00163
53	21	0.00319
54	21	-0.00132
55	21	0.00135
56	21	0.00158
57	21	0.00212
58	21	-0.00133
59	21	-0.00110
60	21	-0.00064
61	21	-0.00265
62	21	0.00188
63	21	-0.00027
64	21	0.00058
65	21	0.00261
66	21	0.00122
67	21	0.00001
68	21	-0.00012
69	21	0.00115
70	21	-0.00021
71	21	-0.00010
72	21	-0.00218
73	21	-0.00068
74	21	-0.00003
75	21	0.00131
76	21	-0.00005
77	21	0.00152
78	21	-0.00209
79	21	-0.00031
80	21	0.00079
81	21	-0.00229
82	21	0.00122
83	21	0.00040
84	21	0.00018
85	21	-0.00047
86	21	-0.00183
87	21	0.00123
88	21	-0.00106
89	21	-0.00001
90	21	0.00073
91	21	-0.00000
92	21	0.00025
93	21	-0.00040
94	21	-0.00031
95	21	-0.00012
96	21	-0.00082
97	21	-0.00006
98	21	0.00064
99	21	-0.00024
100	21	-0.00046
101	21	0.00006
102	21	0.00007
103	21	-0.00004
104	21	-0.00006
105	21	0.00013
106	21	0.00012
107	21	-0.00012
108	21	-0.00018
1	22	-0.00707
2	22	-0.03487
3	22	-0.05773
4	22	0.00392
5	22	-0.00355
6	22	-0.04178
7	22	-0.01436
8	22	0.01318
9	22	-0.02451
10	22	0.03730
11	22	0.05608
12	22	-0.04792
13	22	-0.05172
14	22	0.05710
15	22	0.01151
16	22	-0.02159
17	22	-0.01937
18	22	-0.00888
19	22	0.16612
20	22	-0.29479
21	22	0.26525
22	22	0.89813
23	22	0.03013
24	22	0.04325
25	22	0.03496
26	22	-0.03697
27	22	-0.00737
28	22	-0.01644
29	22	0.04208
30	22	0.02676
31	22	-0.00151
32	22	-0.00502
33	22	0.01634
34	22	-0.00368
35	22	0.00617
36	22	0.00464
37	22	0.00351
38	22	0.00145
39	22	0.00313
40	22	0.01073
41	22	-0.00147
42	22	0.00820
43	22	0.03494
44	22	0.00080
45	22	-0.00877
46	22	0.00916
47	22	-0.01298
48	22	0.00138
49	22	-0.00807
50	22	0.00854
51	22	-0.01306
52	22	0.00636
53	22	-0.00217
54	22	0.00398
55	22	0.00194
56	22	-0.01124
57	22	-0.01036
58	22	-0.00476
59	22	0.00437
60	22	0.00294
61	22	0.00967
62	22	-0.00845
63	22	0.00002
64	22	-0.00144
65	22	0.00893
66	22	0.00013
67	22	0.00778
68	22	0.00638
69	22	-0.00820
70	22	-0.00197
71	22	-0.00314
72	22	-0.01245
73	22	0.00762
74	22	-0.00009
75	22	-0.00027
76	22	0.00086
77	22	-0.00174
78	22	-0.00168
79	22	-0.00560
80	22	-0.00789
81	22	-0.00027
82	22	0.00201
83	22	0.00095
84	22	-0.00574
85	22	0.00686
86	22	0.00300
87	22	-0.00856
88	22	0.00081
89	22	-0.00231
90	22	-0.00030
91	22	-0.00000
92	22	0.00011
93	22	-0.00000
94	22	0.00017
95	22	0.00056
96	22	0.00060
97	22	0.00012
98	22	0.00023
99	22	0.00001
100	22	0.00037
101	22	-0.00039
102	22	-0.00015
103	22	0.00003
104	22	0.00000
105	22	-0.00050
106	22	-0.00022
107	22	0.00038
108	22	-0.00016
1	23	0.00341
2	23	0.00776
3	23	0.00418
4	23	-0.00836
5	23	-0.01165
6	23	0.00276
7	23	-0.00045
8	23	0.00032
9	23	0.00190
10	23	-0.00262
11	23	-0.00826
12	23	0.00980
13	23	0.02197
14	23	-0.01406
15	23	-0.01601
16	23	0.02419
17	23	0.01342
18	23	0.01032
19	23	0.02859
20	23	0.11430
21	23	0.01783
22	23	0.00550
23	23	0.99218
24	23	-0.04063
25	23	0.00576
26	23	0.00785
27	23	0.02029
28	23	-0.00448
29	23	-0.00162
30	23	0.00008
31	23	-0.00263
32	23	-0.00471
33	23	-0.00203
34	23	-0.00489
35	23	-0.00122
36	23	-0.00268
37	23	0.01062
38	23	-0.00193
39	23	0.00530
40	23	-0.00208
41	23	-0.00790
42	23	-0.00128
43	23	0.00387
44	23	0.00745
45	23	0.00110
46	23	0.00164
47	23	0.00015
48	23	-0.00035
49	23	-0.00390
50	23	-0.00086
51	23	-0.00169
52	23	-0.00243
53	23	-0.00008
54	23	-0.00088
55	23	-0.00115
56	23	-0.00460
57	23	-0.00473
58	23	-0.00044
59	23	0.00280
60	23	-0.00106
61	23	0.00173
62	23	0.00257
63	23	-0.00283
64	23	0.00008
65	23	-0.00223
66	23	-0.00060
67	23	-0.00364
68	23	-0.00087
69	23	-0.00024
70	23	0.00080
71	23	0.00014
72	23	-0.00099
73	23	-0.00083
74	23	-0.00002
75	23	0.00028
76	23	-0.00044
77	23	0.00131
78	23	0.00033
79	23	0.00005
80	23	0.00104
81	23	-0.00061
82	23	0.00122
83	23	0.00130
84	23	0.00121
85	23	-0.00125
86	23	-0.00124
87	23	0.00208
88	23	-0.00027
89	23	0.00023
90	23	0.00000
91	23	0.00004
92	23	-0.00003
93	23	0.00005
94	23	0.00001
95	23	-0.00006
96	23	0.00004
97	23	0.00003
98	23	0.00002
99	23	0.00006
100	23	0.00005
101	23	-0.00027
102	23	0.00008
103	23	-0.00012
104	23	0.00001
105	23	0.00011
106	23	0.00002
107	23	-0.00007
108	23	0.00000
1	24	-0.00924
2	24	0.00123
3	24	-0.01277
4	24	-0.00704
5	24	-0.00408
6	24	0.00491
7	24	-0.00101
8	24	-0.00189
9	24	-0.00235
10	24	0.01256
11	24	-0.00325
12	24	0.01302
13	24	0.00322
14	24	0.00658
15	24	0.00990
16	24	-0.01106
17	24	-0.00288
18	24	-0.00643
19	24	-0.03203
20	24	-0.02460
21	24	-0.02211
22	24	-0.02770
23	24	0.04637
24	24	0.98544
25	24	-0.15350
26	24	0.05951
27	24	-0.01960
28	24	0.00726
29	24	0.01554
30	24	0.00736
31	24	-0.00397
32	24	-0.00042
33	24	-0.00081
34	24	0.00147
35	24	0.00139
36	24	0.00437
37	24	-0.00375
38	24	-0.00300
39	24	-0.00164
40	24	-0.00319
41	24	-0.00341
42	24	-0.00269
43	24	0.00859
44	24	-0.00056
45	24	-0.00537
46	24	-0.00211
47	24	-0.00932
48	24	0.00168
49	24	0.00166
50	24	0.00051
51	24	-0.00365
52	24	0.00356
53	24	0.00153
54	24	0.00101
55	24	-0.00030
56	24	-0.00366
57	24	-0.00325
58	24	0.00120
59	24	-0.00097
60	24	-0.00015
61	24	0.00262
62	24	-0.00497
63	24	-0.00039
64	24	0.00000
65	24	0.00138
66	24	-0.00098
67	24	-0.00065
68	24	0.00174
69	24	-0.00059
70	24	-0.00097
71	24	0.00127
72	24	-0.00614
73	24	0.00775
74	24	-0.00007
75	24	0.00119
76	24	0.00112
77	24	0.00031
78	24	0.00037
79	24	-0.00280
80	24	-0.00315
81	24	-0.00025
82	24	0.00180
83	24	0.00070
84	24	-0.00270
85	24	-0.00018
86	24	0.00269
87	24	0.00177
88	24	-0.00081
89	24	0.00000
90	24	0.00004
91	24	0.00000
92	24	-0.00011
93	24	-0.00012
94	24	0.00013
95	24	0.00005
96	24	0.00048
97	24	0.00001
98	24	-0.00028
99	24	-0.00006
100	24	0.00004
101	24	-0.00005
102	24	0.00009
103	24	-0.00001
104	24	0.00014
105	24	0.00007
106	24	-0.00004
107	24	0.00005
108	24	0.00004
1	25	0.00547
2	25	-0.00754
3	25	-0.00080
4	25	-0.00882
5	25	0.00941
6	25	-0.00638
7	25	0.00571
8	25	0.00728
9	25	0.00797
10	25	0.00005
11	25	0.01794
12	25	-0.01819
13	25	0.00251
14	25	0.00115
15	25	0.00373
16	25	-0.00770
17	25	0.00204
18	25	0.00974
19	25	-0.00058
20	25	-0.02368
21	25	-0.01561
22	25	-0.04468
23	25	0.00238
24	25	0.15652
25	25	0.98042
26	25	-0.07406
27	25	-0.01432
28	25	-0.01189
29	25	-0.02437
30	25	-0.01910
31	25	0.00248
32	25	-0.00150
33	25	0.00691
34	25	-0.00106
35	25	0.00300
36	25	0.00465
37	25	0.00091
38	25	-0.00073
39	25	-0.00118
40	25	0.00602
41	25	-0.00076
42	25	0.00489
43	25	-0.00995
44	25	0.00036
45	25	-0.00299
46	25	-0.00013
47	25	0.00318
48	25	-0.00304
49	25	0.00405
50	25	-0.01117
51	25	0.01302
52	25	0.00095
53	25	0.00275
54	25	-0.00231
55	25	-0.00088
56	25	0.00974
57	25	0.00426
58	25	0.00169
59	25	-0.00491
60	25	-0.00097
61	25	-0.00351
62	25	0.00187
63	25	-0.00004
64	25	0.00025
65	25	-0.00511
66	25	0.00063
67	25	-0.00046
68	25	-0.00249
69	25	0.00510
70	25	0.00077
71	25	-0.00112
72	25	0.00504
73	25	-0.00380
74	25	-0.00004
75	25	0.00129
76	25	0.00056
77	25	0.00297
78	25	0.00213
79	25	-0.00036
80	25	0.00133
81	25	-0.00017
82	25	-0.00105
83	25	0.00294
84	25	-0.00161
85	25	-0.00090
86	25	0.00194
87	25	0.00462
88	25	-0.00031
89	25	0.00420
90	25	0.00006
91	25	-0.00005
92	25	-0.00015
93	25	0.00029
94	25	0.00002
95	25	0.00007
96	25	0.00029
97	25	0.00005
98	25	0.00004
99	25	-0.00008
100	25	0.00022
101	25	0.00004
102	25	0.00007
103	25	-0.00001
104	25	-0.00010
105	25	-0.00014
106	25	-0.00011
107	25	-0.00034
108	25	0.00006
1	26	-0.00137
2	26	-0.00665
3	26	-0.00966
4	26	0.00050
5	26	0.00298
6	26	-0.00419
7	26	-0.00389
8	26	0.00344
9	26	-0.01172
10	26	0.01235
11	26	0.00492
12	26	-0.00199
13	26	-0.00376
14	26	0.00769
15	26	0.00531
16	26	-0.00440
17	26	-0.00421
18	26	-0.00215
19	26	0.00086
20	26	-0.01799
21	26	0.00270
22	26	0.03294
23	26	-0.00622
24	26	-0.04590
25	26	0.08618
26	26	0.99161
27	26	-0.05121
28	26	-0.01813
29	26	0.01283
30	26	0.00584
31	26	-0.00262
32	26	-0.00423
33	26	-0.05259
34	26	-0.00179
35	26	0.00053
36	26	-0.00004
37	26	0.00003
38	26	0.00041
39	26	-0.00186
40	26	-0.02329
41	26	0.00219
42	26	-0.01741
43	26	0.00862
44	26	0.00005
45	26	0.00075
46	26	0.00757
47	26	-0.00260
48	26	-0.00039
49	26	-0.00061
50	26	-0.00023
51	26	-0.00187
52	26	0.00390
53	26	0.00091
54	26	0.00072
55	26	-0.00043
56	26	0.00026
57	26	-0.00083
58	26	0.00012
59	26	-0.00068
60	26	-0.00026
61	26	0.00096
62	26	-0.00607
63	26	0.00196
64	26	-0.00027
65	26	0.00315
66	26	-0.00007
67	26	0.00197
68	26	0.00165
69	26	-0.00168
70	26	-0.00064
71	26	-0.00084
72	26	-0.00187
73	26	0.00301
74	26	-0.00003
75	26	-0.00034
76	26	-0.00013
77	26	-0.00092
78	26	-0.00131
79	26	-0.00191
80	26	-0.00271
81	26	-0.00040
82	26	-0.00077
83	26	0.00021
84	26	-0.00204
85	26	0.00321
86	26	0.00117
87	26	-0.00190
88	26	-0.00039
89	26	-0.00020
90	26	0.00003
91	26	-0.00000
92	26	0.00004
93	26	-0.00002
94	26	-0.00001
95	26	0.00014
96	26	0.00005
97	26	0.00003
98	26	0.00005
99	26	-0.00001
100	26	0.00004
101	26	-0.00003
102	26	-0.00004
103	26	0.00004
104	26	0.00017
105	26	0.00000
106	26	-0.00010
107	26	0.00055
108	26	-0.00006
1	27	0.00097
2	27	-0.00037
3	27	0.00893
4	27	0.00351
5	27	-0.00638
6	27	-0.00564
7	27	0.00049
8	27	0.00148
9	27	-0.00108
10	27	-0.00722
11	27	0.00509
12	27	0.01865
13	27	0.01687
14	27	-0.01818
15	27	-0.00392
16	27	0.00599
17	27	-0.01234
18	27	-0.00685
19	27	0.00197
20	27	0.00472
21	27	-0.00105
22	27	-0.00196
23	27	-0.01742
24	27	0.02276
25	27	0.01624
26	27	0.04711
27	27	0.99040
28	27	-0.11905
29	27	-0.03054
30	27	0.01516
31	27	0.01244
32	27	-0.00708
33	27	0.00359
34	27	0.00218
35	27	-0.00080
36	27	-0.00428
37	27	-0.00329
38	27	0.00044
39	27	0.00893
40	27	0.00130
41	27	0.00966
42	27	0.00164
43	27	0.00103
44	27	0.00295
45	27	-0.00107
46	27	0.00357
47	27	0.00667
48	27	-0.00184
49	27	0.00246
50	27	0.00002
51	27	0.00556
52	27	0.00114
53	27	0.00616
54	27	0.00128
55	27	-0.00195
56	27	0.01943
57	27	0.01047
58	27	0.00449
59	27	-0.00327
60	27	-0.00021
61	27	-0.01137
62	27	-0.00675
63	27	0.00671
64	27	-0.00096
65	27	0.00684
66	27	0.00022
67	27	0.00553
68	27	0.00077
69	27	0.00113
70	27	0.00187
71	27	-0.00478
72	27	0.00591
73	27	0.00116
74	27	-0.00018
75	27	-0.00064
76	27	-0.00074
77	27	-0.00155
78	27	0.00093
79	27	0.00190
80	27	0.00117
81	27	0.00193
82	27	-0.00115
83	27	-0.00188
84	27	-0.00300
85	27	-0.00350
86	27	0.00445
87	27	0.00701
88	27	-0.00014
89	27	0.00012
90	27	0.00005
91	27	-0.00007
92	27	-0.00008
93	27	0.00009
94	27	-0.00018
95	27	-0.00004
96	27	-0.00061
97	27	-0.00005
98	27	0.00008
99	27	-0.00005
100	27	-0.00012
101	27	-0.00043
102	27	-0.00008
103	27	-0.00006
104	27	0.00004
105	27	0.00004
106	27	0.00001
107	27	0.00002
108	27	-0.00001
1	28	0.00944
2	28	-0.00268
3	28	0.01196
4	28	0.00275
5	28	-0.00849
6	28	-0.00033
7	28	0.00293
8	28	0.00070
9	28	0.00747
10	28	-0.00790
11	28	0.00566
12	28	0.00220
13	28	0.00894
14	28	-0.00865
15	28	-0.00157
16	28	0.00056
17	28	0.00594
18	28	-0.01033
19	28	0.01805
20	28	-0.00719
21	28	0.00400
22	28	0.00771
23	28	0.00555
24	28	-0.00177
25	28	0.01564
26	28	0.02137
27	28	0.11801
28	28	0.99225
29	28	-0.04483
30	28	0.00894
31	28	0.00403
32	28	-0.00401
33	28	0.00015
34	28	-0.00989
35	28	-0.00258
36	28	-0.00899
37	28	-0.01049
38	28	0.00083
39	28	0.00073
40	28	0.00066
41	28	0.00699
42	28	0.00163
43	28	0.00472
44	28	-0.00419
45	28	0.00092
46	28	0.00200
47	28	0.00165
48	28	-0.00064
49	28	0.01329
50	28	0.00447
51	28	0.00508
52	28	-0.00053
53	28	0.00464
54	28	-0.00134
55	28	-0.00129
56	28	0.00146
57	28	0.00801
58	28	0.00280
59	28	-0.00136
60	28	-0.00287
61	28	-0.00554
62	28	-0.00026
63	28	0.00214
64	28	-0.00082
65	28	0.00310
66	28	0.00007
67	28	0.00242
68	28	-0.00020
69	28	-0.00086
70	28	-0.00130
71	28	0.00017
72	28	-0.00017
73	28	-0.00160
74	28	-0.00048
75	28	0.00101
76	28	0.00067
77	28	0.00156
78	28	0.00125
79	28	-0.00080
80	28	0.00011
81	28	-0.00053
82	28	0.00032
83	28	0.00050
84	28	0.00376
85	28	-0.00044
86	28	-0.00027
87	28	0.00386
88	28	0.00009
89	28	0.00127
90	28	0.00013
91	28	0.00005
92	28	-0.00001
93	28	0.00002
94	28	-0.00014
95	28	0.00011
96	28	-0.00037
97	28	0.00000
98	28	0.00039
99	28	-0.00028
100	28	0.00010
101	28	0.00071
102	28	0.00016
103	28	0.00009
104	28	0.00002
105	28	0.00006
106	28	0.00001
107	28	-0.00007
108	28	-0.00010
1	29	-0.01319
2	29	0.01508
3	29	-0.01700
4	29	-0.01417
5	29	0.00955
6	29	0.00197
7	29	0.00141
8	29	-0.00253
9	29	-0.01128
10	29	0.01093
11	29	0.01313
12	29	-0.01292
13	29	-0.00244
14	29	0.00712
15	29	-0.00301
16	29	-0.00485
17	29	0.00499
18	29	-0.00920
19	29	-0.01447
20	29	0.00454
21	29	-0.00392
22	29	-0.01242
23	29	-0.00000
24	29	0.00050
25	29	0.02203
26	29	-0.00323
27	29	0.04006
28	29	0.04632
29	29	0.99345
30	29	-0.04705
31	29	-0.04186
32	29	-0.01739
33	29	-0.00629
34	29	-0.00229
35	29	0.00403
36	29	0.03171
37	29	0.00051
38	29	-0.01633
39	29	-0.00024
40	29	-0.00081
41	29	0.00328
42	29	0.00121
43	29	0.01509
44	29	-0.00014
45	29	-0.00199
46	29	0.00554
47	29	-0.00452
48	29	-0.00153
49	29	0.00274
50	29	-0.00851
51	29	0.00022
52	29	-0.00266
53	29	0.00544
54	29	-0.00111
55	29	0.00442
56	29	0.00812
57	29	0.00551
58	29	-0.00240
59	29	-0.00217
60	29	0.00490
61	29	0.00464
62	29	-0.00879
63	29	0.00106
64	29	0.00322
65	29	0.00447
66	29	0.00206
67	29	0.00179
68	29	0.00219
69	29	-0.00461
70	29	-0.00014
71	29	-0.00337
72	29	-0.00069
73	29	-0.00130
74	29	-0.00006
75	29	0.00065
76	29	-0.00129
77	29	0.00282
78	29	-0.00513
79	29	-0.00158
80	29	0.00169
81	29	-0.00348
82	29	-0.00086
83	29	0.00055
84	29	0.00455
85	29	-0.00155
86	29	0.00099
87	29	-0.00194
88	29	0.00131
89	29	-0.00189
90	29	-0.00036
91	29	0.00002
92	29	0.00033
93	29	-0.00005
94	29	0.00071
95	29	0.00007
96	29	0.00175
97	29	0.00008
98	29	-0.00141
99	29	0.00150
100	29	-0.00010
101	29	-0.00010
102	29	0.00008
103	29	0.00004
104	29	0.00013
105	29	-0.00005
106	29	-0.00013
107	29	0.00002
108	29	0.00036
1	30	-0.00098
2	30	0.00748
3	30	0.00489
4	30	-0.00444
5	30	0.00751
6	30	-0.00612
7	30	-0.00022
8	30	0.00111
9	30	-0.00331
10	30	0.00146
11	30	0.00240
12	30	-0.00501
13	30	0.00420
14	30	0.00399
15	30	-0.00579
16	30	-0.00296
17	30	0.00749
18	30	-0.00079
19	30	-0.00250
20	30	0.00147
21	30	-0.01145
22	30	-0.01127
23	30	-0.00194
24	30	-0.00136
25	30	0.01551
26	30	-0.00459
27	30	-0.01431
28	30	-0.00374
29	30	0.05383
30	30	0.98561
31	30	0.11892
32	30	-0.08934
33	30	-0.02405
34	30	-0.00264
35	30	-0.01521
36	30	-0.02590
37	30	0.00196
38	30	0.01123
39	30	0.00389
40	30	-0.00146
41	30	0.00152
42	30	0.00077
43	30	0.02219
44	30	0.00017
45	30	-0.00109
46	30	0.00723
47	30	-0.00708
48	30	-0.00579
49	30	0.00133
50	30	0.00069
51	30	-0.00458
52	30	-0.00440
53	30	-0.00018
54	30	0.00309
55	30	-0.00566
56	30	-0.00267
57	30	-0.00511
58	30	0.00461
59	30	0.00821
60	30	-0.00926
61	30	0.00074
62	30	-0.00483
63	30	-0.00128
64	30	-0.00559
65	30	0.00097
66	30	-0.00196
67	30	0.00452
68	30	-0.00132
69	30	0.00090
70	30	-0.00086
71	30	-0.00147
72	30	-0.00391
73	30	0.00531
74	30	-0.00002
75	30	-0.00242
76	30	-0.00194
77	30	-0.00353
78	30	0.00318
79	30	0.00111
80	30	-0.00588
81	30	0.00289
82	30	0.00326
83	30	0.00433
84	30	0.00109
85	30	-0.00020
86	30	-0.00193
87	30	-0.00090
88	30	-0.00112
89	30	0.00080
90	30	0.00019
91	30	0.00005
92	30	-0.00063
93	30	0.00067
94	30	-0.00033
95	30	0.00011
96	30	-0.00032
97	30	0.00005
98	30	0.00001
99	30	-0.00040
100	30	0.00044
101	30	-0.00000
102	30	0.00007
103	30	0.00007
104	30	0.00011
105	30	0.00001
106	30	-0.00006
107	30	-0.00016
108	30	-0.00039
1	31	0.00250
2	31	0.00285
3	31	0.00217
4	31	-0.00198
5	31	-0.00359
6	31	0.00277
7	31	0.00049
8	31	0.00061
9	31	0.00564
10	31	0.00228
11	31	-0.00098
12	31	0.00866
13	31	0.00021
14	31	-0.00040
15	31	0.00477
16	31	-0.00165
17	31	-0.00055
18	31	0.00135
19	31	-0.00363
20	31	-0.01162
21	31	-0.00383
22	31	0.00031
23	31	0.00368
24	31	0.00208
25	31	-0.00126
26	31	0.00255
27	31	-0.01141
28	31	-0.00169
29	31	0.04534
30	31	-0.12508
31	31	0.98324
32	31	-0.08410
33	31	0.00923
34	31	0.00138
35	31	0.00809
36	31	0.00693
37	31	0.00111
38	31	-0.00757
39	31	-0.00551
40	31	0.00230
41	31	-0.00774
42	31	0.00095
43	31	-0.00178
44	31	-0.00003
45	31	0.00092
46	31	-0.00161
47	31	0.00375
48	31	0.00683
49	31	-0.00386
50	31	0.00317
51	31	0.00384
52	31	0.00504
53	31	-0.00135
54	31	-0.00284
55	31	-0.00368
56	31	-0.00126
57	31	-0.00134
58	31	0.00179
59	31	-0.00003
60	31	-0.00193
61	31	-0.00018
62	31	0.00132
63	31	-0.00079
64	31	0.00180
65	31	-0.00214
66	31	-0.00157
67	31	-0.00016
68	31	-0.00055
69	31	0.00318
70	31	-0.00043
71	31	0.00088
72	31	0.00118
73	31	0.00092
74	31	0.00012
75	31	0.00205
76	31	0.00059
77	31	0.00089
78	31	0.00203
79	31	0.00072
80	31	-0.00181
81	31	0.00073
82	31	-0.00006
83	31	0.00175
84	31	-0.00224
85	31	-0.00020
86	31	0.00023
87	31	-0.00052
88	31	0.00017
89	31	0.00048
90	31	0.00018
91	31	-0.00000
92	31	0.00009
93	31	0.00021
94	31	-0.00006
95	31	-0.00006
96	31	-0.00029
97	31	-0.00001
98	31	0.00025
99	31	-0.00005
100	31	-0.00011
101	31	0.00000
102	31	0.00008
103	31	-0.00003
104	31	0.00002
105	31	0.00001
106	31	-0.00001
107	31	-0.00006
108	31	0.00020
1	32	-0.00150
2	32	-0.00196
3	32	0.00144
4	32	0.00005
5	32	-0.00049
6	32	-0.00029
7	32	0.00767
8	32	-0.00253
9	32	0.00054
10	32	-0.00282
11	32	0.00190
12	32	-0.00069
13	32	-0.00067
14	32	0.00131
15	32	0.00297
16	32	0.00546
17	32	0.00046
18	32	-0.00140
19	32	0.01451
20	32	0.00085
21	32	-0.00196
22	32	-0.02068
23	32	0.00061
24	32	-0.00523
25	32	-0.00474
26	32	0.05708
27	32	-0.00493
28	32	0.00020
29	32	0.00451
30	32	0.02095
31	32	-0.01020
32	32	-0.03759
33	32	0.99034
34	32	0.00221
35	32	0.00340
36	32	0.00443
37	32	0.00151
38	32	-0.00208
39	32	0.00777
40	32	0.09558
41	32	-0.00492
42	32	0.05210
43	32	-0.01190
44	32	-0.00015
45	32	-0.00248
46	32	-0.00977
47	32	0.00262
48	32	0.00024
49	32	0.00003
50	32	-0.00174
51	32	-0.00134
52	32	0.00037
53	32	0.00133
54	32	-0.00104
55	32	0.00020
56	32	-0.00053
57	32	0.00023
58	32	-0.00065
59	32	0.00177
60	32	0.00094
61	32	0.00089
62	32	0.00413
63	32	-0.00173
64	32	0.00003
65	32	-0.00217
66	32	0.00042
67	32	-0.00024
68	32	-0.00077
69	32	0.00116
70	32	0.00041
71	32	-0.00015
72	32	0.00048
73	32	-0.00201
74	32	0.00006
75	32	0.00082
76	32	0.00075
77	32	0.00152
78	32	0.00203
79	32	0.00133
80	32	0.00182
81	32	0.00037
82	32	0.00268
83	32	0.00085
84	32	0.00005
85	32	0.00023
86	32	-0.00095
87	32	0.00184
88	32	0.00158
89	32	0.00048
90	32	0.00002
91	32	-0.00003
92	32	-0.00003
93	32	0.00008
94	32	-0.00002
95	32	-0.00007
96	32	-0.00004
97	32	0.00001
98	32	0.00010
99	32	-0.00004
100	32	0.00003
101	32	-0.00002
102	32	0.00001
103	32	-0.00005
104	32	-0.00007
105	32	0.00009
106	32	-0.00014
107	32	-0.00097
108	32	0.00002
1	33	0.00787
2	33	-0.00033
3	33	-0.00449
4	33	-0.00699
5	33	-0.01061
6	33	-0.00867
7	33	0.00072
8	33	0.00505
9	33	0.00854
10	33	0.00716
11	33	-0.00026
12	33	0.01953
13	33	0.01268
14	33	-0.00669
15	33	0.00739
16	33	-0.00591
17	33	0.00337
18	33	0.00952
19	33	-0.01491
20	33	-0.03377
21	33	-0.00059
22	33	-0.00753
23	33	0.00500
24	33	-0.00045
25	33	0.00698
26	33	0.00609
27	33	0.00548
28	33	-0.00092
29	33	0.04151
30	33	0.08634
31	33	0.08507
32	33	0.98189
33	33	0.03705
34	33	0.01631
35	33	-0.00776
36	33	-0.04619
37	33	-0.00170
38	33	0.00039
39	33	-0.00667
40	33	0.00492
41	33	-0.01138
42	33	0.00522
43	33	0.00754
44	33	0.00052
45	33	-0.00053
46	33	0.00598
47	33	0.01826
48	33	-0.00610
49	33	-0.00731
50	33	-0.00191
51	33	0.01316
52	33	0.00168
53	33	0.01486
54	33	-0.00480
55	33	-0.00203
56	33	0.01063
57	33	0.00355
58	33	0.00157
59	33	-0.00714
60	33	-0.00533
61	33	-0.00435
62	33	-0.00174
63	33	0.00164
64	33	0.00084
65	33	-0.00154
66	33	0.00039
67	33	0.00148
68	33	0.00185
69	33	-0.00010
70	33	-0.00092
71	33	-0.00169
72	33	0.00254
73	33	0.00111
74	33	0.00010
75	33	0.00223
76	33	0.00178
77	33	0.00365
78	33	0.00385
79	33	-0.00135
80	33	-0.00081
81	33	0.00004
82	33	-0.00161
83	33	0.00475
84	33	-0.00318
85	33	0.00060
86	33	-0.00104
87	33	-0.00281
88	33	0.00146
89	33	0.00211
90	33	0.00028
91	33	-0.00001
92	33	0.00030
93	33	-0.00038
94	33	-0.00011
95	33	0.00006
96	33	-0.00094
97	33	-0.00002
98	33	0.00073
99	33	-0.00030
100	33	0.00018
101	33	0.00017
102	33	0.00027
103	33	-0.00002
104	33	0.00015
105	33	0.00001
106	33	-0.00014
107	33	-0.00022
108	33	-0.00014
1	34	-0.00060
2	34	-0.00344
3	34	0.00240
4	34	0.00458
5	34	-0.00306
6	34	0.00263
7	34	0.00238
8	34	0.00421
9	34	0.00153
10	34	-0.00282
11	34	-0.00004
12	34	0.00046
13	34	-0.00401
14	34	0.00307
15	34	0.00110
16	34	-0.00232
17	34	-0.00216
18	34	0.00208
19	34	0.00156
20	34	-0.00390
21	34	0.00094
22	34	0.00083
23	34	0.00454
24	34	-0.00218
25	34	0.00141
26	34	0.00118
27	34	-0.00115
28	34	0.00891
29	34	0.00464
30	34	-0.00033
31	34	-0.00346
32	34	-0.01989
33	34	-0.00311
34	34	0.99215
35	34	0.09038
36	34	-0.09248
37	34	-0.00196
38	34	0.00749
39	34	-0.00608
40	34	0.00127
41	34	-0.00070
42	34	0.00122
43	34	-0.00273
44	34	0.00277
45	34	-0.00173
46	34	0.00054
47	34	-0.00095
48	34	0.00108
49	34	0.00724
50	34	0.00244
51	34	0.00202
52	34	0.00208
53	34	-0.00180
54	34	0.00165
55	34	0.00005
56	34	0.00670
57	34	0.00043
58	34	0.00085
59	34	-0.00143
60	34	-0.00294
61	34	0.00334
62	34	-0.00033
63	34	0.00710
64	34	-0.00073
65	34	0.00204
66	34	-0.00004
67	34	0.00266
68	34	0.00072
69	34	0.00134
70	34	0.00157
71	34	-0.00215
72	34	0.00148
73	34	0.00097
74	34	0.00008
75	34	-0.00234
76	34	-0.00287
77	34	-0.00155
78	34	-0.00125
79	34	0.00313
80	34	0.00020
81	34	0.00054
82	34	0.00009
83	34	0.00273
84	34	0.00027
85	34	-0.00133
86	34	0.00150
87	34	0.00175
88	34	-0.00054
89	34	0.00030
90	34	-0.00003
91	34	0.00002
92	34	0.00004
93	34	-0.00008
94	34	-0.00001
95	34	0.00010
96	34	0.00005
97	34	0.00001
98	34	0.00030
99	34	-0.00025
100	34	0.00009
101	34	0.00014
102	34	-0.00073
103	34	0.00001
104	34	-0.00001
105	34	0.00000
106	34	0.00002
107	34	-0.00002
108	34	0.00008
1	35	0.00297
2	35	-0.00790
3	35	0.00964
4	35	0.00395
5	35	-0.00433
6	35	-0.00184
7	35	0.00033
8	35	-0.00083
9	35	0.00053
10	35	-0.00304
11	35	-0.00098
12	35	0.00536
13	35	0.00418
14	35	-0.00174
15	35	-0.00273
16	35	0.00038
17	35	0.00159
18	35	0.00077
19	35	0.00119
20	35	0.00194
21	35	0.00377
22	35	-0.00099
23	35	-0.00198
24	35	-0.00191
25	35	-0.00148
26	35	-0.00053
27	35	-0.00129
28	35	-0.00348
29	35	0.01573
30	35	-0.01134
31	35	-0.00352
32	35	-0.01534
33	35	-0.00020
34	35	-0.12807
35	35	0.80430
36	35	-0.56980
37	35	0.00005
38	35	0.03452
39	35	0.01297
40	35	0.00043
41	35	0.00584
42	35	-0.00004
43	35	0.01116
44	35	-0.00041
45	35	-0.00710
46	35	0.00501
47	35	-0.00615
48	35	0.00218
49	35	-0.00004
50	35	0.00827
51	35	-0.00386
52	35	0.00246
53	35	-0.00695
54	35	0.00243
55	35	-0.00276
56	35	-0.00568
57	35	-0.00404
58	35	0.00204
59	35	0.00641
60	35	-0.00513
61	35	-0.00196
62	35	0.00052
63	35	-0.00207
64	35	-0.00339
65	35	0.00076
66	35	-0.00199
67	35	0.00179
68	35	-0.00147
69	35	0.00589
70	35	-0.00016
71	35	0.00045
72	35	-0.00047
73	35	0.00213
74	35	-0.00003
75	35	-0.00136
76	35	0.00031
77	35	-0.00154
78	35	0.00225
79	35	0.00371
80	35	-0.00472
81	35	0.00189
82	35	0.00196
83	35	-0.00013
84	35	0.00010
85	35	-0.00087
86	35	-0.00050
87	35	0.00036
88	35	-0.00016
89	35	0.00027
90	35	-0.00024
91	35	0.00001
92	35	-0.00074
93	35	0.00060
94	35	-0.00042
95	35	-0.00002
96	35	-0.00007
97	35	-0.00001
98	35	0.00056
99	35	-0.00073
100	35	0.00007
101	35	-0.00002
102	35	0.00010
103	35	0.00001
104	35	-0.00002
105	35	0.00003
106	35	0.00004
107	35	-0.00002
108	35	0.00013
1	36	0.00068
2	36	0.00403
3	36	0.00499
4	36	-0.00391
5	36	0.00359
6	36	0.00093
7	36	0.00151
8	36	-0.00103
9	36	0.00244
10	36	-0.00430
11	36	-0.00420
12	36	-0.00167
13	36	-0.00148
14	36	-0.00206
15	36	-0.00195
16	36	0.00092
17	36	0.00139
18	36	0.00021
19	36	0.00133
20	36	-0.00383
21	36	-0.00287
22	36	0.00372
23	36	0.00319
24	36	-0.00479
25	36	-0.00586
26	36	0.00229
27	36	0.00510
28	36	0.00830
29	36	-0.02132
30	36	0.03234
31	36	-0.00133
32	36	0.03984
33	36	-0.00565
34	36	0.02390
35	36	0.57771
36	36	0.81318
37	36	0.00140
38	36	0.03919
39	36	0.00388
40	36	0.00337
41	36	-0.00987
42	36	0.00182
43	36	-0.00235
44	36	-0.00013
45	36	0.00226
46	36	0.00146
47	36	0.00757
48	36	0.00104
49	36	-0.00162
50	36	0.00040
51	36	0.00253
52	36	-0.00042
53	36	0.00203
54	36	-0.00003
55	36	0.00173
56	36	0.00292
57	36	0.00262
58	36	-0.00781
59	36	-0.00338
60	36	0.00102
61	36	0.00087
62	36	0.00153
63	36	-0.00120
64	36	-0.00335
65	36	0.00112
66	36	0.00235
67	36	0.00072
68	36	-0.00561
69	36	0.00186
70	36	-0.00016
71	36	-0.00027
72	36	0.00261
73	36	0.00244
74	36	0.00012
75	36	0.00149
76	36	0.00079
77	36	0.00285
78	36	-0.00014
79	36	-0.00543
80	36	0.00563
81	36	-0.00008
82	36	0.00013
83	36	0.00198
84	36	-0.00095
85	36	-0.00073
86	36	-0.00006
87	36	0.00003
88	36	0.00011
89	36	-0.00014
90	36	-0.00006
91	36	0.00000
92	36	-0.00001
93	36	0.00045
94	36	-0.00009
95	36	-0.00011
96	36	-0.00081
97	36	0.00001
98	36	0.00008
99	36	0.00027
100	36	-0.00016
101	36	-0.00003
102	36	0.00004
103	36	-0.00003
104	36	0.00002
105	36	0.00002
106	36	-0.00000
107	36	-0.00003
108	36	-0.00035
1	37	-0.00131
2	37	0.00115
3	37	-0.00371
4	37	0.00177
5	37	0.00116
6	37	-0.00247
7	37	-0.00090
8	37	0.00433
9	37	-0.00255
10	37	0.00270
11	37	0.00047
12	37	0.00317
13	37	0.00478
14	37	-0.00364
15	37	-0.00094
16	37	0.00267
17	37	-0.00456
18	37	0.00025
19	37	-0.00193
20	37	0.00458
21	37	-0.00058
22	37	-0.00168
23	37	-0.01047
24	37	0.00440
25	37	-0.00075
26	37	0.00052
27	37	0.00330
28	37	0.01056
29	37	-0.00194
30	37	-0.00175
31	37	-0.00086
32	37	0.00231
33	37	-0.00141
34	37	0.00198
35	37	-0.00039
36	37	-0.00161
37	37	1.00038
38	37	-0.00410
39	37	0.00551
40	37	0.00072
41	37	-0.01100
42	37	-0.00044
43	37	0.00560
44	37	-0.01158
45	37	-0.00177
46	37	0.00402
47	37	0.00311
48	37	-0.00122
49	37	-0.01934
50	37	-0.00582
51	37	-0.00265
52	37	0.00011
53	37	-0.00029
54	37	0.00034
55	37	-0.00061
56	37	0.00779
57	37	-0.00632
58	37	-0.00034
59	37	0.00128
60	37	0.00292
61	37	-0.00313
62	37	-0.00222
63	37	-0.00200
64	37	0.00048
65	37	-0.00006
66	37	0.00004
67	37	-0.00036
68	37	0.00009
69	37	0.00043
70	37	0.00082
71	37	0.00027
72	37	0.00136
73	37	0.00095
74	37	-0.00040
75	37	-0.00017
76	37	0.00051
77	37	-0.00136
78	37	-0.00040
79	37	0.00112
80	37	0.00107
81	37	0.00049
82	37	-0.00035
83	37	-0.00081
84	37	-0.00371
85	37	-0.00063
86	37	0.00058
87	37	-0.00093
88	37	0.00039
89	37	-0.00036
90	37	-0.00004
91	37	-0.00002
92	37	-0.00002
93	37	0.00002
94	37	-0.00002
95	37	-0.00005
96	37	-0.00007
97	37	-0.00003
98	37	-0.00007
99	37	0.00008
100	37	-0.00006
101	37	-0.00051
102	37	0.00002
103	37	-0.00056
104	37	0.00000
105	37	-0.00001
106	37	-0.00001
107	37	0.00005
108	37	0.00001
1	38	0.00209
2	38	0.00032
3	38	0.00125
4	38	0.00061
5	38	-0.00196
6	38	-0.00103
7	38	0.00606
8	38	-0.00209
9	38	0.00038
10	38	-0.00163
11	38	0.00053
12	38	-0.00134
13	38	0.00192
14	38	-0.00111
15	38	0.00063
16	38	0.00382
17	38	0.00066
18	38	0.00111
19	38	0.00286
20	38	-0.00039
21	38	-0.00076
22	38	-0.01115
23	38	0.00091
24	38	0.00090
25	38	-0.00527
26	38	0.02102
27	38	-0.00270
28	38	-0.00052
29	38	-0.00179
30	38	-0.00042
31	38	-0.00161
32	38	-0.00019
33	38	-0.10425
34	38	-0.00062
35	38	0.00022
36	38	-0.00171
37	38	-0.00182
38	38	-0.08726
39	38	0.11241
40	38	0.97691
41	38	-0.01263
42	38	0.10841
43	38	-0.01813
44	38	-0.00097
45	38	-0.00175
46	38	-0.01523
47	38	-0.00818
48	38	0.00005
49	38	-0.00199
50	38	0.00068
51	38	0.00100
52	38	-0.00146
53	38	0.00166
54	38	-0.00054
55	38	0.00050
56	38	0.00083
57	38	0.00097
58	38	-0.00038
59	38	0.00314
60	38	0.00080
61	38	0.00159
62	38	0.00599
63	38	-0.00192
64	38	0.00019
65	38	-0.00255
66	38	0.00103
67	38	0.00310
68	38	0.00057
69	38	0.00012
70	38	0.00010
71	38	0.00030
72	38	0.00052
73	38	-0.00236
74	38	-0.00000
75	38	0.00031
76	38	0.00044
77	38	0.00069
78	38	0.00083
79	38	-0.00034
80	38	0.00050
81	38	0.00044
82	38	0.00265
83	38	0.00108
84	38	-0.00104
85	38	-0.00061
86	38	0.00018
87	38	0.00089
88	38	0.00052
89	38	0.00086
90	38	-0.00002
91	38	-0.00002
92	38	0.00002
93	38	-0.00005
94	38	0.00002
95	38	-0.00002
96	38	-0.00004
97	38	0.00001
98	38	-0.00003
99	38	0.00001
100	38	-0.00000
101	38	-0.00001
102	38	0.00001
103	38	-0.00005
104	38	0.00032
105	38	0.00032
106	38	-0.00036
107	38	-0.00071
108	38	-0.00001
1	39	0.00061
2	39	0.01065
3	39	0.01266
4	39	-0.00510
5	39	0.01124
6	39	0.00744
7	39	0.00313
8	39	-0.00269
9	39	0.00512
10	39	-0.00400
11	39	0.00194
12	39	0.00450
13	39	-0.00011
14	39	-0.00027
15	39	0.00224
16	39	0.00302
17	39	-0.00118
18	39	-0.00455
19	39	0.00144
20	39	0.00439
21	39	-0.00219
22	39	0.00213
23	39	0.00280
24	39	-0.00073
25	39	-0.00076
26	39	0.00211
27	39	0.00201
28	39	0.00025
29	39	0.01356
30	39	-0.01631
31	39	0.00132
32	39	-0.00492
33	39	-0.00664
34	39	-0.00445
35	39	-0.05164
36	39	-0.01399
37	39	0.00487
38	39	0.98585
39	39	-0.07799
40	39	0.09575
41	39	0.00469
42	39	0.00746
43	39	-0.00203
44	39	0.00175
45	39	-0.03950
46	39	0.01540
47	39	-0.00752
48	39	-0.00133
49	39	0.00252
50	39	0.00810
51	39	0.00114
52	39	0.00283
53	39	-0.00466
54	39	0.00077
55	39	-0.01022
56	39	-0.00323
57	39	-0.00225
58	39	0.00841
59	39	0.00156
60	39	-0.00511
61	39	-0.00659
62	39	0.00300
63	39	-0.00254
64	39	-0.00314
65	39	-0.00061
66	39	-0.00163
67	39	0.00318
68	39	-0.00640
69	39	0.01268
70	39	0.00023
71	39	-0.00061
72	39	-0.00228
73	39	0.00151
74	39	0.00042
75	39	0.00056
76	39	0.00071
77	39	0.00093
78	39	0.00513
79	39	0.00327
80	39	-0.00444
81	39	-0.00034
82	39	0.00103
83	39	0.00481
84	39	-0.00214
85	39	-0.00062
86	39	0.00034
87	39	0.00307
88	39	-0.00008
89	39	-0.00067
90	39	0.00043
91	39	-0.00013
92	39	-0.00082
93	39	0.00132
94	39	-0.00035
95	39	-0.00027
96	39	0.00050
97	39	-0.00012
98	39	0.00069
99	39	-0.00028
100	39	0.00003
101	39	-0.00006
102	39	0.00011
103	39	0.00002
104	39	0.00001
105	39	0.00004
106	39	0.00000
107	39	-0.00008
108	39	0.00022
1	40	-0.00087
2	40	0.01117
3	40	0.00997
4	40	-0.00529
5	40	-0.00665
6	40	0.01054
7	40	0.00383
8	40	0.00196
9	40	0.00569
10	40	-0.00413
11	40	-0.00408
12	40	0.00178
13	40	0.00140
14	40	-0.00051
15	40	0.00238
16	40	-0.00133
17	40	0.00255
18	40	-0.00094
19	40	-0.00410
20	40	0.00168
21	40	-0.00205
22	40	-0.00295
23	40	-0.00757
24	40	-0.00025
25	40	0.00007
26	40	-0.00120
27	40	-0.00511
28	40	0.00382
29	40	0.00408
30	40	-0.00460
31	40	0.00286
32	40	0.00175
33	40	0.00320
34	40	0.00781
35	40	-0.01583
36	40	0.00177
37	40	-0.00661
38	40	0.08470
39	40	0.98907
40	40	-0.10548
41	40	-0.04168
42	40	-0.00457
43	40	0.00164
44	40	-0.01001
45	40	-0.01155
46	40	0.00772
47	40	-0.00095
48	40	-0.00068
49	40	-0.00903
50	40	0.00245
51	40	-0.00366
52	40	0.00116
53	40	-0.00257
54	40	-0.00214
55	40	-0.00328
56	40	-0.00516
57	40	-0.00774
58	40	0.00135
59	40	0.00217
60	40	-0.00407
61	40	0.00610
62	40	0.00218
63	40	-0.00093
64	40	-0.00088
65	40	-0.00043
66	40	-0.00099
67	40	-0.00085
68	40	-0.00234
69	40	0.00404
70	40	-0.00256
71	40	0.00103
72	40	-0.00279
73	40	0.00189
74	40	-0.00078
75	40	0.00009
76	40	0.00120
77	40	-0.00126
78	40	0.00064
79	40	0.00099
80	40	-0.00266
81	40	-0.00019
82	40	0.00117
83	40	-0.00222
84	40	-0.00476
85	40	0.00057
86	40	-0.00111
87	40	-0.00014
88	40	-0.00113
89	40	-0.00039
90	40	0.00025
91	40	0.00038
92	40	-0.00023
93	40	0.00048
94	40	-0.00015
95	40	0.00041
96	40	0.00003
97	40	0.00033
98	40	0.00046
99	40	-0.00010
100	40	0.00003
101	40	-0.00012
102	40	0.00012
103	40	-0.00028
104	40	0.00003
105	40	0.00004
106	40	0.00002
107	40	-0.00004
108	40	0.00006
1	41	0.00018
2	41	0.00704
3	41	-0.00244
4	41	-0.00059
5	41	-0.00375
6	41	0.00159
7	41	-0.00185
8	41	-0.00177
9	41	0.00153
10	41	0.00235
11	41	-0.00839
12	41	-0.00386
13	41	-0.00502
14	41	0.00535
15	41	0.00180
16	41	-0.00267
17	41	0.00272
18	41	0.00887
19	41	-0.00271
20	41	-0.00370
21	41	0.00045
22	41	0.00120
23	41	0.00991
24	41	0.00414
25	41	-0.00089
26	41	-0.00201
27	41	-0.00891
28	41	-0.00418
29	41	-0.00019
30	41	0.00101
31	41	0.00725
32	41	0.01083
33	41	0.00579
34	41	0.00203
35	41	0.00147
36	41	0.01057
37	41	0.01037
38	41	-0.00184
39	41	0.04337
40	41	0.01269
41	41	0.99636
42	41	-0.04064
43	41	-0.01832
44	41	0.01078
45	41	0.01864
46	41	-0.01216
47	41	0.00277
48	41	0.00338
49	41	0.00404
50	41	0.00872
51	41	-0.00823
52	41	-0.00079
53	41	-0.00734
54	41	-0.00309
55	41	0.00187
56	41	-0.00321
57	41	-0.00892
58	41	0.00013
59	41	0.00083
60	41	-0.00369
61	41	0.00911
62	41	0.00645
63	41	0.00281
64	41	0.00110
65	41	-0.00037
66	41	-0.00106
67	41	-0.00229
68	41	0.00065
69	41	-0.00160
70	41	-0.00111
71	41	0.00634
72	41	-0.00492
73	41	-0.00051
74	41	-0.00030
75	41	-0.00033
76	41	-0.00037
77	41	0.00039
78	41	-0.00040
79	41	-0.00192
80	41	-0.00378
81	41	-0.00084
82	41	-0.00047
83	41	0.00186
84	41	0.00461
85	41	0.00291
86	41	-0.00076
87	41	-0.00047
88	41	-0.00219
89	41	-0.00029
90	41	0.00014
91	41	0.00008
92	41	0.00022
93	41	-0.00020
94	41	0.00004
95	41	-0.00000
96	41	-0.00017
97	41	0.00005
98	41	0.00027
99	41	-0.00007
100	41	0.00007
101	41	0.00011
102	41	-0.00024
103	41	0.00041
104	41	0.00001
105	41	-0.00001
106	41	0.00001
107	41	-0.00011
108	41	-0.00000
1	42	-0.00246
2	42	0.00252
3	42	0.00162
4	42	0.00025
5	42	-0.00268
6	42	0.00037
7	42	0.00285
8	42	-0.00178
9	42	0.00334
10	42	-0.00301
11	42	0.00047
12	42	0.00174
13	42	0.00042
14	42	-0.00033
15	42	0.00022
16	42	0.00079
17	42	0.00052
18	42	0.00073
19	42	-0.00017
20	42	0.00223
21	42	-0.00157
22	42	-0.00430
23	42	0.00132
24	42	-0.00011
25	42	-0.00331
26	42	0.01305
27	42	-0.00163
28	42	-0.00101
29	42	-0.00180
30	42	-0.00187
31	42	-0.00100
32	42	-0.00263
33	42	-0.04394
34	42	-0.00139
35	42	-0.00072
36	42	-0.00124
37	42	0.00126
38	42	0.00239
39	42	-0.00596
40	42	-0.11631
41	42	0.04122
42	42	0.98980
43	42	-0.04349
44	42	-0.00127
45	42	-0.01103
46	42	-0.02945
47	42	0.00060
48	42	0.00206
49	42	-0.00140
50	42	0.00393
51	42	-0.00484
52	42	-0.00234
53	42	0.00190
54	42	-0.00034
55	42	-0.00009
56	42	-0.00264
57	42	-0.00177
58	42	-0.00051
59	42	0.00155
60	42	-0.00010
61	42	0.00145
62	42	0.00167
63	42	-0.00107
64	42	0.00006
65	42	-0.00171
66	42	0.00024
67	42	0.00027
68	42	0.00006
69	42	0.00016
70	42	0.00003
71	42	0.00087
72	42	-0.00066
73	42	-0.00021
74	42	0.00002
75	42	0.00038
76	42	0.00043
77	42	0.00053
78	42	0.00081
79	42	0.00022
80	42	0.00029
81	42	0.00018
82	42	0.00215
83	42	0.00053
84	42	-0.00020
85	42	0.00006
86	42	-0.00063
87	42	0.00118
88	42	0.00115
89	42	-0.00024
90	42	0.00001
91	42	-0.00001
92	42	0.00001
93	42	-0.00003
94	42	0.00001
95	42	-0.00005
96	42	-0.00001
97	42	-0.00001
98	42	-0.00003
99	42	0.00002
100	42	-0.00002
101	42	-0.00001
102	42	0.00000
103	42	-0.00002
104	42	0.00042
105	42	0.00039
106	42	-0.00009
107	42	-0.00047
108	42	0.00000
1	43	-0.00029
2	43	0.02117
3	43	-0.00841
4	43	-0.00126
5	43	-0.00670
6	43	-0.00965
7	43	-0.00716
8	43	0.00110
9	43	-0.00819
10	43	0.00998
11	43	-0.00277
12	43	-0.00219
13	43	0.00230
14	43	-0.00116
15	43	-0.00192
16	43	0.00141
17	43	0.00745
18	43	-0.00542
19	43	-0.00725
20	43	0.01469
21	43	-0.00070
22	43	-0.01212
23	43	-0.00554
24	43	0.00732
25	43	0.00646
26	43	-0.00259
27	43	-0.00289
28	43	-0.00389
29	43	-0.01120
30	43	-0.01194
31	43	0.00229
32	43	0.00404
33	43	0.00627
34	43	0.00409
35	43	-0.00559
36	43	0.00926
37	43	-0.00576
38	43	0.00521
39	43	0.00131
40	43	0.01366
41	43	0.01703
42	43	0.04271
43	43	0.99123
44	43	-0.00125
45	43	0.01670
46	43	-0.03558
47	43	-0.00984
48	43	0.01053
49	43	-0.00527
50	43	0.00749
51	43	-0.01990
52	43	0.00844
53	43	-0.01140
54	43	-0.01024
55	43	0.00536
56	43	-0.01911
57	43	-0.00750
58	43	0.00338
59	43	0.01790
60	43	0.01034
61	43	0.01728
62	43	-0.00421
63	43	-0.00980
64	43	0.00298
65	43	0.00627
66	43	-0.00214
67	43	-0.00120
68	43	-0.00032
69	43	0.00373
70	43	0.00012
71	43	0.00251
72	43	-0.00214
73	43	-0.00183
74	43	0.00009
75	43	-0.00197
76	43	-0.00229
77	43	-0.00203
78	43	-0.00454
79	43	-0.00491
80	43	-0.00382
81	43	-0.00187
82	43	-0.00285
83	43	0.00193
84	43	0.00387
85	43	0.00315
86	43	0.00244
87	43	-0.00184
88	43	-0.00713
89	43	0.00077
90	43	0.00018
91	43	-0.00007
92	43	0.00007
93	43	0.00009
94	43	-0.00009
95	43	0.00002
96	43	-0.00034
97	43	-0.00001
98	43	0.00038
99	43	-0.00002
100	43	-0.00010
101	43	-0.00004
102	43	0.00013
103	43	0.00002
104	43	0.00002
105	43	-0.00003
106	43	0.00000
107	43	-0.00004
108	43	0.00033
1	44	-0.00075
2	44	0.00179
3	44	0.00711
4	44	-0.01223
5	44	-0.00776
6	44	0.00260
7	44	0.00086
8	44	0.00117
9	44	0.00035
10	44	-0.00451
11	44	-0.00240
12	44	-0.00082
13	44	-0.00094
14	44	0.00025
15	44	-0.00030
16	44	-0.00000
17	44	-0.00221
18	44	0.00111
19	44	-0.00036
20	44	0.00027
21	44	-0.00073
22	44	-0.00020
23	44	-0.00776
24	44	-0.00058
25	44	-0.00123
26	44	0.00004
27	44	-0.00136
28	44	0.00623
29	44	-0.00033
30	44	-0.00079
31	44	-0.00101
32	44	-0.00204
33	44	-0.00012
34	44	-0.00275
35	44	0.00024
36	44	-0.00008
37	44	0.01153
38	44	-0.00176
39	44	0.01356
40	44	-0.00095
41	44	-0.01186
42	44	0.00168
43	44	0.00027
44	44	0.99984
45	44	0.00239
46	44	-0.00337
47	44	0.00024
48	44	0.00027
49	44	-0.00148
50	44	-0.00075
51	44	-0.00079
52	44	-0.00079
53	44	0.00004
54	44	0.00018
55	44	-0.00016
56	44	0.00531
57	44	-0.00047
58	44	0.00120
59	44	-0.00279
60	44	-0.00571
61	44	0.00402
62	44	0.00042
63	44	-0.00168
64	44	0.00026
65	44	0.00019
66	44	-0.00018
67	44	-0.00036
68	44	0.00038
69	44	-0.00037
70	44	0.00187
71	44	0.00004
72	44	-0.00028
73	44	0.00023
74	44	0.00282
75	44	0.00015
76	44	0.00029
77	44	0.00012
78	44	-0.00006
79	44	-0.00058
80	44	-0.00025
81	44	-0.00010
82	44	0.00081
83	44	-0.00293
84	44	-0.00061
85	44	-0.00046
86	44	-0.00045
87	44	0.00060
88	44	-0.00039
89	44	0.00008
90	44	0.00001
91	44	-0.00003
92	44	0.00002
93	44	-0.00002
94	44	-0.00000
95	44	0.00056
96	44	-0.00002
97	44	0.00008
98	44	0.00001
99	44	0.00000
100	44	-0.00002
101	44	-0.00000
102	44	0.00012
103	44	-0.00011
104	44	0.00000
105	44	0.00005
106	44	0.00003
107	44	-0.00003
108	44	0.00002
1	45	0.00591
2	45	-0.00216
3	45	0.01116
4	45	0.00457
5	45	-0.00268
6	45	-0.00623
7	45	-0.00145
8	45	0.00069
9	45	0.00213
10	45	-0.00357
11	45	-0.00488
12	45	0.00413
13	45	0.00056
14	45	-0.00063
15	45	-0.00147
16	45	0.00013
17	45	0.00261
18	45	0.00148
19	45	0.00163
20	45	-0.00125
21	45	0.00257
22	45	0.00138
23	45	-0.00023
24	45	-0.00265
25	45	-0.00321
26	45	0.00254
27	45	-0.00222
28	45	-0.00029
29	45	0.00026
30	45	0.00034
31	45	-0.00276
32	45	0.00212
33	45	-0.00299
34	45	-0.00026
35	45	-0.00457
36	45	0.00486
37	45	-0.00144
38	45	-0.04467
39	45	-0.00934
40	45	-0.00372
41	45	0.01658
42	45	-0.01518
43	45	0.01165
44	45	0.00199
45	45	-0.99340
46	45	-0.08069
47	45	0.01978
48	45	0.01643
49	45	-0.00692
50	45	0.01967
51	45	-0.01865
52	45	0.00296
53	45	-0.00185
54	45	-0.00224
55	45	-0.00507
56	45	-0.01035
57	45	-0.00491
58	45	-0.00517
59	45	0.01091
60	45	-0.00035
61	45	0.00780
62	45	0.00178
63	45	-0.00564
64	45	-0.00649
65	45	0.00391
66	45	0.00116
67	45	0.00055
68	45	-0.00257
69	45	0.00573
70	45	-0.00054
71	45	0.00195
72	45	0.00200
73	45	0.00180
74	45	0.00005
75	45	0.00039
76	45	0.00022
77	45	-0.00005
78	45	0.00129
79	45	-0.00273
80	45	-0.00100
81	45	0.00161
82	45	0.00032
83	45	0.00191
84	45	-0.00012
85	45	0.00053
86	45	0.00108
87	45	-0.00205
88	45	-0.00382
89	45	0.00005
90	45	-0.00013
91	45	0.00001
92	45	-0.00037
93	45	0.00049
94	45	-0.00056
95	45	-0.00002
96	45	-0.00102
97	45	0.00000
98	45	0.00093
99	45	-0.00054
100	45	0.00018
101	45	0.00003
102	45	0.00003
103	45	-0.00000
104	45	-0.00009
105	45	-0.00001
106	45	0.00017
107	45	0.00022
108	45	-0.00016
1	46	0.00432
2	46	0.00896
3	46	0.00259
4	46	-0.00067
5	46	-0.00441
6	46	-0.00351
7	46	-0.00267
8	46	-0.00127
9	46	-0.00617
10	46	0.00186
11	46	-0.00646
12	46	0.00010
13	46	0.00389
14	46	-0.00362
15	46	-0.00277
16	46	-0.00111
17	46	0.00542
18	46	-0.00026
19	46	-0.00408
20	46	0.01571
21	46	0.00140
22	46	-0.00901
23	46	-0.00288
24	46	0.00419
25	46	-0.00059
26	46	-0.00592
27	46	-0.00304
28	46	-0.00093
29	46	-0.00787
30	46	-0.00629
31	46	-0.00088
32	46	-0.00023
33	46	0.00837
34	46	0.00070
35	46	-0.00423
36	46	0.00346
37	46	-0.00423
38	46	-0.02245
39	46	-0.00684
40	46	0.01166
41	46	0.01286
42	46	0.03097
43	46	0.02257
44	46	0.00379
45	46	-0.07743
46	46	0.98783
47	46	-0.07148
48	46	0.02426
49	46	-0.00191
50	46	0.01141
51	46	-0.02169
52	46	0.00841
53	46	-0.04441
54	46	0.00171
55	46	0.00007
56	46	-0.02973
57	46	-0.01469
58	46	-0.00512
59	46	0.01301
60	46	0.00780
61	46	0.01197
62	46	0.00598
63	46	-0.01136
64	46	-0.00304
65	46	-0.00251
66	46	0.00005
67	46	-0.00377
68	46	-0.00268
69	46	0.00678
70	46	0.00073
71	46	0.00539
72	46	-0.00184
73	46	0.00324
74	46	0.00016
75	46	-0.00136
76	46	-0.00137
77	46	-0.00272
78	46	-0.00313
79	46	-0.00344
80	46	-0.00172
81	46	0.00038
82	46	0.00102
83	46	-0.00149
84	46	0.00318
85	46	0.00135
86	46	0.00102
87	46	0.00184
88	46	-0.00184
89	46	0.00048
90	46	-0.00005
91	46	-0.00008
92	46	-0.00025
93	46	0.00044
94	46	-0.00038
95	46	-0.00007
96	46	-0.00076
97	46	-0.00001
98	46	0.00085
99	46	-0.00037
100	46	0.00014
101	46	-0.00018
102	46	0.00015
103	46	-0.00003
104	46	0.00021
105	46	0.00006
106	46	-0.00026
107	46	-0.00068
108	46	0.00012
1	47	-0.00474
2	47	-0.00309
3	47	-0.00113
4	47	-0.00317
5	47	0.00932
6	47	0.00705
7	47	0.00294
8	47	-0.00051
9	47	0.00206
10	47	0.00090
11	47	-0.00092
12	47	-0.00428
13	47	-0.00297
14	47	-0.00031
15	47	-0.00162
16	47	-0.00174
17	47	-0.00475
18	47	0.00312
19	47	-0.00244
20	47	0.00877
21	47	-0.00030
22	47	-0.00081
23	47	-0.00043
24	47	-0.00160
25	47	-0.00156
26	47	-0.00122
27	47	-0.00598
28	47	-0.00148
29	47	-0.00279
30	47	-0.00355
31	47	-0.00634
32	47	-0.02382
33	47	-0.00129
34	47	-0.00007
35	47	0.00023
36	47	-0.00803
37	47	-0.00278
38	47	0.00673
39	47	-0.00113
40	47	0.01169
41	47	-0.00266
42	47	0.00320
43	47	0.01215
44	47	0.00007
45	47	0.01372
46	47	0.07280
47	47	0.99643
48	47	0.00361
49	47	0.00846
50	47	-0.01272
51	47	-0.04833
52	47	-0.00536
53	47	-0.01784
54	47	0.01009
55	47	0.00202
56	47	-0.02136
57	47	-0.01218
58	47	-0.00563
59	47	0.00794
60	47	0.00510
61	47	0.00231
62	47	0.00913
63	47	-0.00853
64	47	0.00068
65	47	-0.01703
66	47	0.00117
67	47	-0.00356
68	47	-0.00076
69	47	-0.00248
70	47	0.00048
71	47	0.00373
72	47	-0.00815
73	47	-0.00084
74	47	0.00021
75	47	0.00141
76	47	0.00241
77	47	0.00068
78	47	0.00247
79	47	0.00330
80	47	0.00058
81	47	0.00040
82	47	0.00444
83	47	-0.00288
84	47	-0.00303
85	47	0.00246
86	47	0.00137
87	47	0.00510
88	47	0.00000
89	47	-0.00042
90	47	-0.00006
91	47	-0.00008
92	47	-0.00006
93	47	0.00001
94	47	0.00023
95	47	-0.00006
96	47	0.00068
97	47	-0.00003
98	47	-0.00040
99	47	0.00019
100	47	-0.00004
101	47	-0.00021
102	47	0.00006
103	47	-0.00010
104	47	0.00005
105	47	-0.00002
106	47	-0.00010
107	47	-0.00039
108	47	-0.00009
1	48	-0.00105
2	48	-0.00131
3	48	-0.00155
4	48	0.00154
5	48	-0.01100
6	48	0.00278
7	48	-0.00010
8	48	-0.00018
9	48	-0.00200
10	48	0.00580
11	48	0.00619
12	48	0.00324
13	48	-0.00004
14	48	0.00375
15	48	0.00296
16	48	-0.00034
17	48	-0.00132
18	48	-0.00066
19	48	-0.00547
20	48	-0.00789
21	48	-0.00227
22	48	0.00150
23	48	0.00161
24	48	-0.00091
25	48	0.00171
26	48	0.00061
27	48	0.00279
28	48	0.00116
29	48	0.00066
30	48	0.00911
31	48	-0.00439
32	48	0.00506
33	48	-0.00081
34	48	-0.00100
35	48	0.00125
36	48	0.00088
37	48	0.00117
38	48	0.00341
39	48	0.00076
40	48	-0.00030
41	48	-0.00427
42	48	-0.00267
43	48	-0.01196
44	48	-0.00045
45	48	0.01574
46	48	-0.02039
47	48	-0.00090
48	48	0.99789
49	48	0.00137
50	48	-0.03776
51	48	0.00619
52	48	-0.01762
53	48	0.02041
54	48	-0.02291
55	48	0.00820
56	48	0.01288
57	48	0.00614
58	48	0.00073
59	48	-0.01150
60	48	0.00172
61	48	-0.00380
62	48	-0.00072
63	48	0.00353
64	48	-0.00225
65	48	0.00044
66	48	0.00227
67	48	0.00167
68	48	-0.00443
69	48	-0.00586
70	48	-0.00057
71	48	-0.00076
72	48	0.00090
73	48	0.00109
74	48	-0.00004
75	48	0.00315
76	48	0.00177
77	48	0.00543
78	48	-0.00355
79	48	-0.00208
80	48	0.00521
81	48	-0.00645
82	48	0.00027
83	48	-0.00017
84	48	-0.00123
85	48	0.00103
86	48	-0.00129
87	48	-0.00077
88	48	0.00105
89	48	-0.00042
90	48	-0.00046
91	48	0.00004
92	48	0.00046
93	48	0.00025
94	48	0.00029
95	48	-0.00004
96	48	0.00034
97	48	0.00001
98	48	0.00037
99	48	0.00039
100	48	0.00032
101	48	0.00006
102	48	-0.00003
103	48	0.00001
104	48	-0.00000
105	48	-0.00001
106	48	0.00002
107	48	0.00011
108	48	0.00043
1	49	0.00143
2	49	-0.00478
3	49	-0.00607
4	49	-0.00395
5	49	0.00243
6	49	-0.00320
7	49	0.00051
8	49	0.00401
9	49	0.00264
10	49	0.00612
11	49	0.00274
12	49	0.00711
13	49	0.00545
14	49	-0.00274
15	49	0.00035
16	49	0.00232
17	49	-0.00486
18	49	0.00005
19	49	-0.00381
20	49	0.00425
21	49	0.00083
22	49	-0.00668
23	49	-0.00529
24	49	-0.00001
25	49	0.00318
26	49	-0.00043
27	49	0.00162
28	49	0.01193
29	49	-0.00029
30	49	-0.00042
31	49	-0.00423
32	49	-0.01104
33	49	-0.00036
34	49	0.00755
35	49	0.00030
36	49	-0.00266
37	49	-0.02125
38	49	0.00258
39	49	-0.01065
40	49	-0.00032
41	49	0.00580
42	49	-0.00156
43	49	-0.00137
44	49	-0.00170
45	49	0.00368
46	49	0.00124
47	49	0.00409
48	49	-0.00439
49	49	-0.98610
50	49	-0.14431
51	49	-0.04386
52	49	-0.03618
53	49	0.00524
54	49	0.01176
55	49	-0.00393
56	49	0.03106
57	49	-0.02161
58	49	-0.00441
59	49	0.00564
60	49	0.00345
61	49	-0.01078
62	49	-0.00386
63	49	-0.01258
64	49	-0.00074
65	49	-0.00062
66	49	0.00159
67	49	0.00026
68	49	-0.00144
69	49	-0.00245
70	49	0.00355
71	49	-0.00115
72	49	-0.00002
73	49	-0.00182
74	49	0.00104
75	49	-0.00029
76	49	-0.00166
77	49	0.00172
78	49	-0.00061
79	49	0.00179
80	49	0.00245
81	49	-0.00161
82	49	-0.00198
83	49	0.00164
84	49	0.00299
85	49	0.00104
86	49	0.00300
87	49	0.00617
88	49	0.00073
89	49	-0.00074
90	49	0.00003
91	49	-0.00028
92	49	-0.00019
93	49	0.00027
94	49	-0.00003
95	49	-0.00002
96	49	0.00006
97	49	-0.00005
98	49	-0.00011
99	49	0.00016
100	49	0.00001
101	49	-0.00080
102	49	0.00013
103	49	0.00008
104	49	0.00000
105	49	-0.00006
106	49	-0.00005
107	49	0.00024
108	49	-0.00013
1	50	0.00120
2	50	0.01066
3	50	0.00592
4	50	-0.00440
5	50	0.01000
6	50	-0.00116
7	50	0.00039
8	50	-0.00003
9	50	0.00242
10	50	-0.00265
11	50	-0.00431
12	50	0.00287
13	50	-0.00028
14	50	-0.00063
15	50	-0.00024
16	50	-0.00250
17	50	0.00087
18	50	-0.00290
19	50	-0.00256
20	50	0.00245
21	50	-0.00300
22	50	-0.00643
23	50	0.00008
24	50	0.00278
25	50	0.00380
26	50	-0.00197
27	50	0.00146
28	50	-0.00178
29	50	0.00579
30	50	0.00063
31	50	-0.00651
32	50	-0.00160
33	50	0.00018
34	50	-0.00012
35	50	-0.00368
36	50	0.00325
37	50	0.00290
38	50	-0.00798
39	50	-0.00312
40	50	-0.00135
41	50	-0.00886
42	50	-0.00383
43	50	-0.00659
44	50	0.00066
45	50	0.02249
46	50	-0.00680
47	50	0.01570
48	50	0.03563
49	50	-0.14208
50	50	0.98521
51	50	0.02115
52	50	-0.06258
53	50	0.02683
54	50	-0.02591
55	50	-0.00714
56	50	0.01304
57	50	0.00525
58	50	0.01250
59	50	0.00567
60	50	-0.01010
61	50	-0.00466
62	50	-0.00382
63	50	-0.00113
64	50	-0.00766
65	50	-0.00064
66	50	-0.00211
67	50	0.00223
68	50	-0.00562
69	50	0.01070
70	50	-0.00036
71	50	-0.00214
72	50	-0.00122
73	50	0.00267
74	50	-0.00002
75	50	0.00220
76	50	0.00088
77	50	0.00141
78	50	0.00593
79	50	-0.00123
80	50	-0.00262
81	50	0.00229
82	50	-0.00091
83	50	0.00699
84	50	-0.00742
85	50	0.00111
86	50	0.00178
87	50	0.00518
88	50	-0.00184
89	50	0.00080
90	50	-0.00019
91	50	-0.00003
92	50	-0.00017
93	50	0.00050
94	50	-0.00020
95	50	0.00004
96	50	-0.00040
97	50	0.00001
98	50	0.00073
99	50	-0.00037
100	50	0.00027
101	50	0.00007
102	50	0.00007
103	50	-0.00006
104	50	0.00001
105	50	-0.00003
106	50	0.00003
107	50	0.00033
108	50	0.00019
1	51	-0.00361
2	51	0.00958
3	51	-0.00027
4	51	0.00083
5	51	0.00360
6	51	-0.00515
7	51	-0.00285
8	51	0.00141
9	51	-0.00652
10	51	-0.00114
11	51	0.00267
12	51	-0.00052
13	51	0.00023
14	51	0.00100
15	51	0.00064
16	51	-0.00238
17	51	0.00348
18	51	0.00016
19	51	-0.00129
20	51	-0.00306
21	51	-0.00102
22	51	-0.00153
23	51	0.00004
24	51	0.00361
25	51	0.00474
26	51	-0.00173
27	51	0.00273
28	51	0.00315
29	51	0.00450
30	51	0.00442
31	51	0.00237
32	51	0.01181
33	51	-0.00301
34	51	0.00081
35	51	-0.00069
36	51	0.00349
37	51	-0.00212
38	51	0.00019
39	51	-0.00136
40	51	0.00032
41	51	-0.00629
42	51	-0.00390
43	51	-0.02001
44	51	-0.00066
45	51	0.01805
46	51	-0.01674
47	51	-0.03255
48	51	0.01081
49	51	0.01078
50	51	0.04667
51	51	-0.82658
52	51	0.53855
53	51	0.12369
54	51	-0.04588
55	51	-0.00505
56	51	0.06203
57	51	0.02239
58	51	0.02014
59	51	-0.01273
60	51	-0.00588
61	51	-0.01499
62	51	-0.00033
63	51	0.00893
64	51	-0.00167
65	51	0.00838
66	51	-0.00102
67	51	0.00882
68	51	-0.00058
69	51	0.00567
70	51	-0.00059
71	51	-0.00582
72	51	0.00296
73	51	-0.00449
74	51	0.00010
75	51	0.00252
76	51	0.00049
77	51	0.00487
78	51	0.00716
79	51	0.00248
80	51	0.00378
81	51	0.00119
82	51	-0.00118
83	51	0.01021
84	51	-0.00301
85	51	-0.00326
86	51	-0.00457
87	51	0.00159
88	51	-0.00002
89	51	0.00298
90	51	-0.00009
91	51	0.00006
92	51	-0.00002
93	51	0.00020
94	51	-0.00016
95	51	0.00007
96	51	-0.00028
97	51	0.00002
98	51	0.00052
99	51	-0.00028
100	51	0.00018
101	51	0.00016
102	51	-0.00006
103	51	0.00020
104	51	0.00010
105	51	0.00012
106	51	0.00018
107	51	0.00080
108	51	0.00024
1	52	0.00396
2	52	0.00869
3	52	0.02046
4	52	-0.00078
5	52	0.01444
6	52	0.00592
7	52	0.00068
8	52	-0.00169
9	52	0.00416
10	52	-0.00762
11	52	0.00032
12	52	-0.00030
13	52	-0.00329
14	52	0.00135
15	52	0.00406
16	52	0.00344
17	52	0.00070
18	52	-0.00113
19	52	0.00149
20	52	0.00483
21	52	-0.00389
22	52	0.00214
23	52	0.00067
24	52	-0.00639
25	52	-0.00170
26	52	0.00034
27	52	0.00027
28	52	0.00043
29	52	0.00159
30	52	0.00500
31	52	-0.00925
32	52	-0.00500
33	52	0.00134
34	52	-0.00191
35	52	-0.00264
36	52	-0.00079
37	52	0.00078
38	52	-0.00763
39	52	-0.00159
40	52	0.00045
41	52	0.00231
42	52	0.00380
43	52	-0.00044
44	52	0.00094
45	52	0.00062
46	52	-0.00920
47	52	0.02428
48	52	0.01957
49	52	-0.06086
50	52	0.03942
51	52	0.49892
52	52	0.82713
53	52	-0.23032
54	52	-0.00791
55	52	0.00766
56	52	-0.06316
57	52	-0.02319
58	52	-0.01961
59	52	0.01997
60	52	-0.00699
61	52	0.01033
62	52	0.00284
63	52	-0.00945
64	52	-0.01143
65	52	0.00622
66	52	-0.00006
67	52	-0.00110
68	52	-0.00694
69	52	-0.00276
70	52	-0.00057
71	52	0.00303
72	52	-0.01165
73	52	0.00078
74	52	0.00001
75	52	-0.00140
76	52	-0.00082
77	52	-0.00346
78	52	-0.00507
79	52	-0.00257
80	52	-0.00860
81	52	-0.00346
82	52	-0.00243
83	52	-0.00427
84	52	0.00189
85	52	0.00897
86	52	-0.00484
87	52	0.00271
88	52	-0.00710
89	52	-0.00214
90	52	-0.00010
91	52	-0.00004
92	52	-0.00024
93	52	0.00056
94	52	-0.00018
95	52	-0.00006
96	52	-0.00053
97	52	-0.00002
98	52	-0.00017
99	52	0.00047
100	52	-0.00013
101	52	-0.00002
102	52	0.00009
103	52	-0.00008
104	52	0.00002
105	52	0.00006
106	52	-0.00001
107	52	-0.00032
108	52	-0.00036
1	53	0.00490
2	53	-0.01430
3	53	-0.00799
4	53	-0.00613
5	53	-0.00606
6	53	-0.00057
7	53	-0.00045
8	53	0.00151
9	53	0.00830
10	53	0.00885
11	53	-0.00267
12	53	-0.00018
13	53	-0.00014
14	53	0.00022
15	53	0.00188
16	53	-0.00205
17	53	-0.00101
18	53	0.00118
19	53	-0.00232
20	53	0.00075
21	53	0.00176
22	53	-0.00684
23	53	-0.00143
24	53	-0.00709
25	53	0.00068
26	53	-0.00235
27	53	-0.00494
28	53	-0.00478
29	53	-0.00704
30	53	-0.00539
31	53	-0.00265
32	53	-0.01969
33	53	-0.00014
34	53	0.00186
35	53	0.00239
36	53	-0.00512
37	53	0.00159
38	53	0.00208
39	53	-0.00243
40	53	0.00003
41	53	0.00754
42	53	-0.00029
43	53	0.01061
44	53	0.00086
45	53	-0.00694
46	53	0.04001
47	53	0.02027
48	53	-0.01294
49	53	-0.00742
50	53	-0.01771
51	53	0.19947
52	53	0.12541
53	53	0.94625
54	53	0.06844
55	53	0.00554
56	53	-0.17338
57	53	-0.04308
58	53	-0.04672
59	53	0.05974
60	53	0.03255
61	53	0.04141
62	53	0.01583
63	53	-0.03598
64	53	0.00448
65	53	-0.03323
66	53	0.00394
67	53	-0.02124
68	53	-0.00189
69	53	-0.00402
70	53	-0.00153
71	53	0.01315
72	53	-0.01377
73	53	0.00275
74	53	-0.00002
75	53	0.00365
76	53	0.00819
77	53	0.00163
78	53	0.00387
79	53	-0.00085
80	53	-0.00445
81	53	0.00004
82	53	0.00630
83	53	-0.01427
84	53	-0.00035
85	53	0.00169
86	53	0.00091
87	53	0.00732
88	53	-0.00033
89	53	-0.00164
90	53	0.00032
91	53	-0.00012
92	53	-0.00018
93	53	0.00003
94	53	0.00013
95	53	0.00000
96	53	0.00036
97	53	-0.00001
98	53	-0.00052
99	53	0.00035
100	53	-0.00018
101	53	-0.00049
102	53	0.00033
103	53	-0.00037
104	53	0.00009
105	53	-0.00005
106	53	-0.00004
107	53	0.00057
108	53	-0.00054
1	54	0.00278
2	54	0.00517
3	54	0.01511
4	54	0.00896
5	54	-0.00055
6	54	-0.00383
7	54	-0.00212
8	54	-0.00034
9	54	-0.00631
10	54	-0.00475
11	54	-0.00130
12	54	-0.00295
13	54	-0.00318
14	54	0.00009
15	54	-0.00173
16	54	-0.00032
17	54	0.00253
18	54	0.00076
19	54	0.00426
20	54	0.00073
21	54	-0.00494
22	54	0.00211
23	54	0.00103
24	54	0.00191
25	54	-0.00066
26	54	-0.00009
27	54	-0.00191
28	54	0.00110
29	54	0.00058
30	54	-0.00236
31	54	0.00242
32	54	0.01161
33	54	0.00096
34	54	-0.00161
35	54	0.00008
36	54	0.00052
37	54	-0.00050
38	54	-0.00684
39	54	0.00297
40	54	-0.00004
41	54	0.00318
42	54	0.00085
43	54	0.01175
44	54	-0.00037
45	54	0.00096
46	54	-0.00424
47	54	-0.01270
48	54	0.02727
49	54	0.00876
50	54	0.02956
51	54	-0.04106
52	54	0.02240
53	54	-0.05099
54	54	0.99193
55	54	-0.05111
56	54	0.06117
57	54	0.01135
58	54	-0.00386
59	54	-0.02243
60	54	-0.01991
61	54	-0.01420
62	54	0.00919
63	54	0.01116
64	54	0.00505
65	54	0.01083
66	54	0.00632
67	54	0.00552
68	54	0.00085
69	54	0.01353
70	54	-0.00069
71	54	-0.00090
72	54	-0.00215
73	54	-0.00073
74	54	0.00000
75	54	-0.00119
76	54	-0.00224
77	54	0.00168
78	54	-0.00610
79	54	-0.00486
80	54	0.00496
81	54	-0.00354
82	54	-0.00119
83	54	0.00550
84	54	0.00095
85	54	-0.00086
86	54	-0.00192
87	54	-0.00603
88	54	-0.00237
89	54	-0.00011
90	54	0.00019
91	54	0.00009
92	54	-0.00011
93	54	0.00027
94	54	-0.00013
95	54	0.00000
96	54	0.00040
97	54	0.00001
98	54	0.00050
99	54	-0.00053
100	54	-0.00015
101	54	0.00036
102	54	-0.00019
103	54	0.00025
104	54	-0.00000
105	54	0.00006
106	54	0.00007
107	54	-0.00021
108	54	-0.00021
1	55	0.00568
2	55	-0.00353
3	55	0.01687
4	55	0.01220
5	55	-0.00338
6	55	-0.00797
7	55	-0.00343
8	55	-0.00020
9	55	-0.00675
10	55	-0.00745
11	55	-0.00474
12	55	0.00281
13	55	-0.00209
14	55	-0.00232
15	55	0.00216
16	55	-0.00150
17	55	0.00270
18	55	0.00461
19	55	-0.00061
20	55	0.00316
21	55	0.00368
22	55	-0.00030
23	55	0.00139
24	55	0.00351
25	55	-0.00149
26	55	-0.00046
27	55	-0.00237
28	55	-0.00106
29	55	0.00178
30	55	0.00952
31	55	0.00162
32	55	0.00192
33	55	-0.00070
34	55	-0.00095
35	55	-0.00411
36	55	-0.00605
37	55	0.00010
38	55	0.00923
39	55	0.00309
40	55	-0.00029
41	55	-0.00198
42	55	0.00012
43	55	-0.00802
44	55	-0.00007
45	55	-0.00454
46	55	-0.00000
47	55	0.00017
48	55	-0.00808
49	55	-0.00462
50	55	0.00688
51	55	-0.00043
52	55	-0.00045
53	55	0.00744
54	55	0.04552
55	55	0.99439
56	55	0.06730
57	55	0.02292
58	55	0.00082
59	55	-0.02099
60	55	0.00364
61	55	-0.00050
62	55	0.00186
63	55	0.00626
64	55	0.00788
65	55	0.00434
66	55	0.00142
67	55	-0.00214
68	55	0.00170
69	55	-0.00148
70	55	0.00022
71	55	-0.00386
72	55	-0.00360
73	55	-0.00562
74	55	-0.00002
75	55	-0.00364
76	55	-0.00028
77	55	0.00105
78	55	0.00259
79	55	0.00371
80	55	-0.00451
81	55	-0.00024
82	55	-0.00401
83	55	0.00811
84	55	-0.00242
85	55	0.00332
86	55	-0.00214
87	55	-0.00025
88	55	-0.00181
89	55	0.00056
90	55	0.00043
91	55	0.00000
92	55	0.00051
93	55	-0.00108
94	55	0.00013
95	55	0.00002
96	55	-0.00053
97	55	-0.00000
98	55	-0.00124
99	55	0.00057
100	55	-0.00118
101	55	0.00025
102	55	-0.00011
103	55	0.00014
104	55	0.00000
105	55	0.00004
106	55	0.00009
107	55	0.00005
108	55	0.00015
1	56	0.00128
2	56	-0.00217
3	56	-0.00476
4	56	-0.00208
5	56	0.00121
6	56	0.00075
7	56	-0.00135
8	56	-0.00089
9	56	0.00347
10	56	0.00398
11	56	-0.01107
12	56	-0.00985
13	56	-0.00617
14	56	0.00243
15	56	0.00169
16	56	-0.00029
17	56	-0.00042
18	56	0.00236
19	56	-0.00282
20	56	0.00109
21	56	0.00174
22	56	0.00171
23	56	0.00263
24	56	-0.00223
25	56	-0.00492
26	56	-0.00096
27	56	-0.01061
28	56	0.00516
29	56	-0.00812
30	56	-0.00200
31	56	-0.00076
32	56	-0.00895
33	56	0.00122
34	56	-0.00663
35	56	0.00195
36	56	-0.00425
37	56	-0.00811
38	56	0.00245
39	56	0.00037
40	56	-0.00016
41	56	-0.00098
42	56	0.00272
43	56	0.01230
44	56	-0.00582
45	56	-0.00845
46	56	0.02329
47	56	0.01668
48	56	-0.00987
49	56	0.03351
50	56	-0.00596
51	56	0.08337
52	56	0.02909
53	56	0.10209
54	56	-0.04160
55	56	-0.04638
56	56	0.86613
57	56	-0.43183
58	56	-0.13145
59	56	0.04060
60	56	0.01779
61	56	0.06428
62	56	0.07529
63	56	-0.06990
64	56	0.00852
65	56	-0.03795
66	56	0.00130
67	56	-0.02679
68	56	-0.00133
69	56	-0.00989
70	56	-0.00405
71	56	0.02658
72	56	-0.02534
73	56	-0.00469
74	56	-0.00175
75	56	-0.00416
76	56	-0.00591
77	56	-0.00106
78	56	-0.01160
79	56	0.00670
80	56	0.00638
81	56	-0.00746
82	56	0.00061
83	56	0.01648
84	56	0.00817
85	56	0.00990
86	56	-0.00942
87	56	-0.00875
88	56	-0.00142
89	56	-0.00172
90	56	0.00014
91	56	0.00046
92	56	0.00027
93	56	-0.00036
94	56	0.00019
95	56	-0.00001
96	56	0.00009
97	56	0.00021
98	56	-0.00036
99	56	0.00038
100	56	-0.00013
101	56	0.00051
102	56	-0.00008
103	56	0.00055
104	56	-0.00002
105	56	-0.00008
106	56	0.00001
107	56	0.00000
108	56	-0.00033
1	57	0.00171
2	57	-0.00175
3	57	-0.00546
4	57	-0.00370
5	57	-0.00331
6	57	-0.00037
7	57	0.00069
8	57	0.00146
9	57	0.00338
10	57	0.00344
11	57	0.00553
12	57	0.00423
13	57	0.00780
14	57	0.00055
15	57	-0.00089
16	57	0.00188
17	57	-0.00147
18	57	-0.00484
19	57	0.00002
20	57	-0.00245
21	57	-0.00308
22	57	-0.00178
23	57	-0.00416
24	57	-0.00170
25	57	0.00294
26	57	-0.00005
27	57	0.00531
28	57	0.00167
29	57	0.00644
30	57	-0.00662
31	57	-0.00285
32	57	0.00295
33	57	0.00012
34	57	0.00173
35	57	0.00073
36	57	0.01104
37	57	-0.00246
38	57	-0.00694
39	57	-0.00551
40	57	0.00098
41	57	-0.00515
42	57	-0.00156
43	57	-0.00607
44	57	-0.00063
45	57	0.00091
46	57	-0.00938
47	57	-0.00749
48	57	0.00453
49	57	0.00826
50	57	-0.00086
51	57	-0.01982
52	57	-0.00604
53	57	-0.01625
54	57	0.02060
55	57	0.02906
56	57	-0.19286
57	57	-0.65332
58	57	0.71013
59	57	0.01376
60	57	-0.09729
61	57	-0.12336
62	57	-0.04249
63	57	0.01372
64	57	-0.02610
65	57	0.02240
66	57	-0.00245
67	57	0.02441
68	57	-0.00581
69	57	-0.00147
70	57	0.00075
71	57	-0.00224
72	57	0.02148
73	57	0.00538
74	57	-0.00045
75	57	-0.00094
76	57	-0.00158
77	57	-0.00494
78	57	0.00288
79	57	0.00276
80	57	0.00249
81	57	0.00446
82	57	0.00045
83	57	-0.00360
84	57	0.00199
85	57	-0.00345
86	57	0.00137
87	57	0.00017
88	57	0.00191
89	57	0.00177
90	57	0.00001
91	57	-0.00007
92	57	-0.00104
93	57	0.00118
94	57	-0.00062
95	57	0.00001
96	57	-0.00075
97	57	0.00003
98	57	0.00163
99	57	-0.00113
100	57	0.00098
101	57	-0.00032
102	57	0.00017
103	57	-0.00014
104	57	-0.00000
105	57	0.00006
106	57	-0.00005
107	57	-0.00014
108	57	0.00017
1	58	-0.00443
2	58	0.00394
3	58	0.00395
4	58	0.00549
5	58	0.00554
6	58	0.00365
7	58	-0.00057
8	58	-0.00152
9	58	-0.00620
10	58	0.00025
11	58	-0.00312
12	58	-0.01455
13	58	-0.00901
14	58	0.00803
15	58	-0.00017
16	58	0.00165
17	58	0.00093
18	58	0.00840
19	58	-0.00204
20	58	0.00136
21	58	-0.00255
22	58	0.00460
23	58	0.00516
24	58	-0.00222
25	58	-0.00409
26	58	0.00007
27	58	-0.00983
28	58	-0.00188
29	58	-0.00844
30	58	-0.00390
31	58	0.00070
32	58	-0.00154
33	58	0.00116
34	58	-0.00326
35	58	0.00356
36	58	0.00126
37	58	0.00181
38	58	-0.00133
39	58	0.00480
40	58	-0.00216
41	58	0.00411
42	58	0.00237
43	58	0.00209
44	58	-0.00183
45	58	-0.00796
46	58	0.02001
47	58	0.01754
48	58	-0.00725
49	58	-0.00884
50	58	-0.01794
51	58	0.07262
52	58	0.02393
53	58	0.06934
54	58	-0.01243
55	58	-0.03090
56	58	0.31987
57	58	0.57335
58	58	0.66267
59	58	0.22587
60	58	0.00481
61	58	0.18405
62	58	0.14998
63	58	-0.04000
64	58	-0.00395
65	58	-0.04892
66	58	-0.00095
67	58	-0.03702
68	58	-0.00511
69	58	-0.01880
70	58	-0.00267
71	58	0.02136
72	58	-0.02799
73	58	0.00149
74	58	0.00035
75	58	-0.00013
76	58	-0.00123
77	58	-0.00038
78	58	-0.00256
79	58	0.00525
80	58	0.00034
81	58	-0.00379
82	58	0.00596
83	58	0.00658
84	58	0.00018
85	58	0.01186
86	58	-0.00957
87	58	-0.00061
88	58	-0.00016
89	58	-0.00152
90	58	0.00009
91	58	0.00034
92	58	-0.00029
93	58	0.00014
94	58	-0.00016
95	58	-0.00003
96	58	-0.00033
97	58	0.00000
98	58	-0.00013
99	58	0.00020
100	58	0.00007
101	58	0.00075
102	58	-0.00042
103	58	0.00053
104	58	-0.00003
105	58	-0.00020
106	58	0.00007
107	58	0.00034
108	58	-0.00040
1	59	0.00415
2	59	0.00612
3	59	0.00780
4	59	-0.00198
5	59	0.00219
6	59	0.00571
7	59	-0.00159
8	59	-0.00098
9	59	0.00633
10	59	-0.00459
11	59	-0.00861
12	59	-0.00286
13	59	-0.00566
14	59	-0.00139
15	59	0.00095
16	59	0.00275
17	59	-0.00130
18	59	0.00041
19	59	-0.00091
20	59	0.00262
21	59	-0.00081
22	59	-0.00068
23	59	0.00193
24	59	-0.00462
25	59	-0.00389
26	59	-0.00168
27	59	0.00027
28	59	0.00218
29	59	-0.00676
30	59	0.00902
31	59	-0.00079
32	59	-0.00907
33	59	0.00068
34	59	-0.00243
35	59	0.00683
36	59	-0.00781
37	59	0.00082
38	59	0.00229
39	59	0.00085
40	59	0.00225
41	59	-0.00069
42	59	0.00183
43	59	0.00475
44	59	-0.00253
45	59	-0.00834
46	59	0.00776
47	59	0.00939
48	59	-0.00978
49	59	-0.00916
50	59	0.00584
51	59	0.02881
52	59	0.01658
53	59	0.03424
54	59	-0.00848
55	59	-0.02285
56	59	0.03277
57	59	0.02668
58	59	0.15710
59	59	-0.86461
60	59	0.35343
61	59	0.30326
62	59	-0.01217
63	59	-0.04691
64	59	0.00931
65	59	-0.00818
66	59	0.01803
67	59	-0.02156
68	59	-0.01261
69	59	-0.02693
70	59	0.00127
71	59	0.00681
72	59	-0.00934
73	59	-0.00579
74	59	-0.00013
75	59	-0.00298
76	59	-0.00503
77	59	-0.00109
78	59	-0.01140
79	59	-0.00566
80	59	-0.00178
81	59	-0.00242
82	59	-0.00896
83	59	0.00581
84	59	0.00304
85	59	0.01207
86	59	-0.00471
87	59	0.00296
88	59	-0.01062
89	59	-0.00134
90	59	-0.00020
91	59	0.00004
92	59	0.00084
93	59	-0.00154
94	59	0.00015
95	59	-0.00005
96	59	-0.00116
97	59	0.00001
98	59	-0.00172
99	59	0.00163
100	59	-0.00084
101	59	0.00031
102	59	-0.00003
103	59	0.00018
104	59	0.00003
105	59	0.00014
106	59	0.00001
107	59	-0.00030
108	59	-0.00009
1	60	-0.00435
2	60	0.00849
3	60	0.00527
4	60	0.00570
5	60	0.01334
6	60	-0.00394
7	60	-0.00084
8	60	0.00001
9	60	-0.01209
10	60	-0.00053
11	60	0.00997
12	60	0.00176
13	60	-0.00055
14	60	-0.00058
15	60	0.00005
16	60	0.00170
17	60	0.00111
18	60	0.00151
19	60	-0.00341
20	60	0.00110
21	60	-0.00324
22	60	-0.00058
23	60	0.00129
24	60	0.00149
25	60	0.00173
26	60	0.00082
27	60	-0.00068
28	60	-0.00003
29	60	0.00024
30	60	0.00886
31	60	0.00397
32	60	0.00999
33	60	-0.00117
34	60	0.00369
35	60	0.00225
36	60	-0.00178
37	60	-0.00380
38	60	0.00107
39	60	0.00346
40	60	-0.00161
41	60	0.00343
42	60	-0.00131
43	60	-0.01178
44	60	0.00900
45	60	0.00431
46	60	-0.01353
47	60	-0.01044
48	60	0.00341
49	60	0.00481
50	60	0.00900
51	60	-0.01962
52	60	-0.00148
53	60	-0.04523
54	60	0.02170
55	60	0.00496
56	60	-0.03031
57	60	-0.06375
58	60	0.02052
59	60	0.31609
60	60	0.92561
61	60	-0.16079
62	60	-0.02358
63	60	0.08156
64	60	0.00292
65	60	0.02791
66	60	0.00656
67	60	0.00653
68	60	-0.00348
69	60	-0.00509
70	60	0.00041
71	60	-0.02090
72	60	0.00843
73	60	-0.00396
74	60	0.00109
75	60	0.00696
76	60	0.00892
77	60	0.00556
78	60	0.01063
79	60	-0.00406
80	60	-0.00280
81	60	0.00322
82	60	-0.00403
83	60	-0.00749
84	60	-0.01549
85	60	0.00501
86	60	-0.00396
87	60	-0.00014
88	60	0.00343
89	60	0.00135
90	60	-0.00020
91	60	-0.00020
92	60	0.00033
93	60	-0.00060
94	60	-0.00005
95	60	-0.00017
96	60	-0.00053
97	60	-0.00008
98	60	-0.00086
99	60	0.00078
100	60	-0.00048
101	60	-0.00051
102	60	0.00005
103	60	-0.00054
104	60	0.00001
105	60	-0.00009
106	60	0.00001
107	60	0.00026
108	60	0.00009
1	61	-0.00771
2	61	0.02111
3	61	0.01322
4	61	0.00135
5	61	0.00625
6	61	-0.00491
7	61	0.00107
8	61	-0.00174
9	61	-0.01987
10	61	-0.00069
11	61	0.01669
12	61	0.00213
13	61	0.00339
14	61	0.00039
15	61	0.00527
16	61	-0.00485
17	61	0.00883
18	61	-0.00336
19	61	-0.00921
20	61	-0.00713
21	61	-0.00578
22	61	-0.00291
23	61	-0.00142
24	61	0.00536
25	61	0.00643
26	61	0.00036
27	61	0.00955
28	61	0.00438
29	61	0.00372
30	61	0.00534
31	61	0.00505
32	61	0.01853
33	61	-0.00138
34	61	-0.00260
35	61	-0.00146
36	61	0.00145
37	61	0.00133
38	61	0.00314
39	61	-0.00642
40	61	-0.00014
41	61	-0.00654
42	61	-0.00308
43	61	-0.02201
44	61	-0.00324
45	61	0.01415
46	61	-0.02083
47	61	-0.01181
48	61	0.00862
49	61	-0.00483
50	61	0.00346
51	61	-0.05000
52	61	-0.01437
53	61	-0.05579
54	61	0.02364
55	61	0.01427
56	61	-0.08820
57	61	-0.14072
58	61	-0.04427
59	61	0.27803
60	61	0.01394
61	61	0.83925
62	61	-0.39967
63	61	0.07738
64	61	-0.00623
65	61	0.11062
66	61	0.00772
67	61	0.07245
68	61	0.00546
69	61	0.02967
70	61	-0.00643
71	61	-0.02723
72	61	0.01088
73	61	-0.00630
74	61	-0.00050
75	61	0.01159
76	61	0.01028
77	61	0.01557
78	61	0.02386
79	61	-0.00255
80	61	0.00464
81	61	0.00442
82	61	0.00726
83	61	0.00716
84	61	0.00043
85	61	-0.00210
86	61	-0.00554
87	61	0.01369
88	61	0.01461
89	61	0.01021
90	61	-0.00027
91	61	-0.00015
92	61	-0.00007
93	61	0.00015
94	61	-0.00020
95	61	0.00018
96	61	-0.00027
97	61	0.00004
98	61	-0.00013
99	61	0.00015
100	61	-0.00007
101	61	-0.00021
102	61	0.00040
103	61	0.00015
104	61	0.00008
105	61	0.00002
106	61	-0.00004
107	61	-0.00021
108	61	0.00013
1	62	-0.00644
2	62	-0.01463
3	62	-0.00230
4	62	-0.00496
5	62	0.00109
6	62	-0.00011
7	62	0.00594
8	62	-0.00012
9	62	0.00870
10	62	-0.00237
11	62	0.00559
12	62	0.01351
13	62	0.00566
14	62	-0.00721
15	62	-0.00112
16	62	-0.00049
17	62	-0.00535
18	62	-0.00583
19	62	0.00666
20	62	-0.00205
21	62	0.00088
22	62	0.00350
23	62	-0.00692
24	62	0.00234
25	62	0.00245
26	62	0.00514
27	62	0.01204
28	62	-0.00092
29	62	0.00914
30	62	0.00239
31	62	-0.00317
32	62	-0.00077
33	62	-0.00321
34	62	-0.00091
35	62	-0.00108
36	62	-0.00059
37	62	0.00383
38	62	-0.00102
39	62	-0.00808
40	62	-0.00454
41	62	-0.00959
42	62	-0.00334
43	62	-0.00068
44	62	-0.00141
45	62	0.01010
46	62	-0.01463
47	62	-0.01205
48	62	0.00615
49	62	-0.00745
50	62	0.00672
51	62	-0.03536
52	62	-0.01557
53	62	-0.04615
54	62	0.00168
55	62	0.01263
56	62	-0.14702
57	62	-0.13993
58	62	-0.07714
59	62	0.06073
60	62	0.01923
61	62	0.31389
62	62	0.88652
63	62	0.18117
64	62	-0.08653
65	62	0.05982
66	62	-0.00045
67	62	0.07487
68	62	-0.00908
69	62	0.02804
70	62	0.00133
71	62	-0.04114
72	62	0.05179
73	62	0.01841
74	62	-0.00043
75	62	0.00882
76	62	0.00571
77	62	0.00881
78	62	0.02027
79	62	-0.00820
80	62	0.00168
81	62	0.01097
82	62	-0.00316
83	62	0.00474
84	62	-0.00690
85	62	-0.01956
86	62	0.01788
87	62	0.00435
88	62	0.00431
89	62	-0.00160
90	62	-0.00011
91	62	-0.00034
92	62	0.00009
93	62	0.00005
94	62	-0.00018
95	62	0.00013
96	62	-0.00024
97	62	-0.00003
98	62	0.00081
99	62	-0.00059
100	62	0.00029
101	62	-0.00058
102	62	0.00051
103	62	-0.00036
104	62	-0.00012
105	62	-0.00016
106	62	0.00001
107	62	0.00058
108	62	0.00063
1	63	0.00366
2	63	0.00610
3	63	0.00524
4	63	0.00482
5	63	-0.00157
6	63	0.00206
7	63	-0.00436
8	63	-0.00156
9	63	-0.00350
10	63	-0.00095
11	63	-0.00353
12	63	-0.00673
13	63	-0.00419
14	63	0.00478
15	63	-0.00196
16	63	0.00198
17	63	0.00063
18	63	0.00574
19	63	-0.00058
20	63	0.00277
21	63	0.00006
22	63	-0.00047
23	63	0.00143
24	63	-0.00285
25	63	-0.00289
26	63	-0.00258
27	63	-0.00727
28	63	-0.00190
29	63	-0.00600
30	63	-0.00075
31	63	0.00023
32	63	-0.00578
33	63	0.00207
34	63	-0.00681
35	63	0.00292
36	63	-0.00050
37	63	0.00138
38	63	0.00261
39	63	0.00143
40	63	0.00295
41	63	-0.00185
42	63	0.00298
43	63	0.01156
44	63	0.00058
45	63	-0.01281
46	63	0.01833
47	63	0.01210
48	63	-0.00576
49	63	-0.01262
50	63	-0.00173
51	63	0.03561
52	63	0.01526
53	63	0.04846
54	63	-0.01528
55	63	-0.01458
56	63	0.08550
57	63	0.02618
58	63	0.02786
59	63	-0.07254
60	63	-0.05884
61	63	-0.05881
62	63	-0.09092
63	63	0.93400
64	63	0.26492
65	63	-0.10333
66	63	0.00207
67	63	-0.08676
68	63	0.02093
69	63	-0.03946
70	63	-0.00450
71	63	-0.00434
72	63	-0.02739
73	63	-0.00872
74	63	-0.00036
75	63	-0.00439
76	63	-0.00136
77	63	-0.00465
78	63	-0.00922
79	63	-0.00544
80	63	-0.01404
81	63	-0.00490
82	63	-0.00002
83	63	-0.00470
84	63	0.00979
85	63	0.01145
86	63	-0.00757
87	63	-0.00521
88	63	-0.00800
89	63	-0.00171
90	63	-0.00011
91	63	0.00018
92	63	0.00022
93	63	-0.00057
94	63	0.00029
95	63	-0.00003
96	63	0.00003
97	63	0.00000
98	63	-0.00116
99	63	0.00066
100	63	-0.00048
101	63	0.00036
102	63	0.00014
103	63	0.00032
104	63	0.00006
105	63	0.00009
106	63	0.00002
107	63	-0.00025
108	63	-0.00042
1	64	-0.00421
2	64	-0.00363
3	64	0.00252
4	64	-0.00314
5	64	0.00712
6	64	-0.00029
7	64	0.00254
8	64	0.00070
9	64	0.00164
10	64	0.00166
11	64	0.00308
12	64	0.00332
13	64	0.00120
14	64	-0.00065
15	64	-0.00025
16	64	-0.00220
17	64	-0.00169
18	64	-0.00285
19	64	-0.00003
20	64	-0.00247
21	64	-0.00193
22	64	-0.00023
23	64	-0.00115
24	64	-0.00062
25	64	0.00140
26	64	0.00105
27	64	0.00488
28	64	0.00106
29	64	-0.00173
30	64	0.00814
31	64	-0.00130
32	64	-0.00016
33	64	-0.00085
34	64	0.00233
35	64	0.00643
36	64	0.00062
37	64	-0.00048
38	64	0.00118
39	64	-0.00158
40	64	-0.00104
41	64	-0.00189
42	64	-0.00126
43	64	-0.00456
44	64	-0.00053
45	64	-0.00135
46	64	-0.00493
47	64	-0.00656
48	64	0.00566
49	64	0.00035
50	64	0.01067
51	64	-0.01269
52	64	0.00375
53	64	-0.02855
54	64	-0.00042
55	64	-0.00125
56	64	-0.05404
57	64	-0.03579
58	64	0.00507
59	64	0.03922
60	64	0.00795
61	64	0.04832
62	64	0.10376
63	64	-0.24480
64	64	0.95559
65	64	0.02176
66	64	0.03579
67	64	0.00718
68	64	0.04098
69	64	-0.03715
70	64	0.00265
71	64	-0.00438
72	64	0.01696
73	64	-0.00400
74	64	0.00001
75	64	-0.00207
76	64	0.00072
77	64	-0.00046
78	64	0.00715
79	64	0.00284
80	64	0.00387
81	64	0.00616
82	64	-0.00590
83	64	0.00171
84	64	-0.00499
85	64	-0.00246
86	64	0.00380
87	64	0.00493
88	64	0.00240
89	64	-0.00030
90	64	-0.00056
91	64	-0.00011
92	64	0.00073
93	64	-0.00115
94	64	0.00031
95	64	0.00002
96	64	-0.00103
97	64	0.00000
98	64	-0.00148
99	64	0.00096
100	64	-0.00070
101	64	-0.00015
102	64	0.00002
103	64	-0.00013
104	64	-0.00003
105	64	-0.00006
106	64	-0.00002
107	64	0.00016
108	64	0.00021
1	65	-0.00884
2	65	-0.00090
3	65	-0.01485
4	65	-0.01078
5	65	0.00395
6	65	-0.00126
7	65	-0.00056
8	65	-0.00062
9	65	-0.00163
10	65	0.00409
11	65	-0.00437
12	65	-0.00378
13	65	-0.00137
14	65	0.00160
15	65	0.00256
16	65	-0.00502
17	65	0.00502
18	65	0.00193
19	65	-0.00202
20	65	0.00322
21	65	0.00011
22	65	-0.00897
23	65	0.00199
24	65	0.00303
25	65	0.00229
26	65	-0.00467
27	65	-0.00278
28	65	0.00042
29	65	-0.00460
30	65	0.00208
31	65	0.00227
32	65	0.00084
33	65	0.00107
34	65	-0.00085
35	65	0.00194
36	65	-0.00125
37	65	-0.00049
38	65	0.00055
39	65	0.00011
40	65	0.00360
41	65	-0.00148
42	65	0.00230
43	65	-0.00518
44	65	0.00041
45	65	0.00129
46	65	0.00249
47	65	0.01544
48	65	-0.00259
49	65	0.00140
50	65	-0.00365
51	65	0.01352
52	65	-0.00191
53	65	0.02994
54	65	-0.00871
55	65	-0.00840
56	65	0.03885
57	65	0.02531
58	65	0.01230
59	65	-0.02107
60	65	-0.02353
61	65	-0.05384
62	65	0.00944
63	65	0.04054
64	65	0.00985
65	65	0.87490
66	65	-0.08280
67	65	-0.44853
68	65	-0.09280
69	65	0.02430
70	65	-0.00793
71	65	0.03722
72	65	-0.03209
73	65	0.01134
74	65	0.00038
75	65	0.00735
76	65	0.00576
77	65	0.00941
78	65	0.00936
79	65	-0.00111
80	65	-0.00011
81	65	-0.00092
82	65	0.00871
83	65	0.01772
84	65	-0.00834
85	65	-0.00523
86	65	-0.00741
87	65	0.00591
88	65	0.00315
89	65	-0.00176
90	65	0.00023
91	65	0.00018
92	65	-0.00003
93	65	0.00038
94	65	-0.00009
95	65	-0.00002
96	65	-0.00021
97	65	0.00007
98	65	0.00079
99	65	-0.00023
100	65	0.00036
101	65	0.00008
102	65	0.00009
103	65	0.00018
104	65	-0.00014
105	65	-0.00029
106	65	0.00007
107	65	0.00065
108	65	0.00011
1	66	-0.00191
2	66	0.00019
3	66	-0.00868
4	66	-0.00271
5	66	-0.00576
6	66	0.00035
7	66	-0.00003
8	66	-0.00017
9	66	0.00112
10	66	0.00337
11	66	-0.00204
12	66	0.00041
13	66	0.00021
14	66	-0.00112
15	66	0.00040
16	66	-0.00052
17	66	0.00017
18	66	0.00022
19	66	-0.00265
20	66	-0.00135
21	66	0.00298
22	66	-0.00049
23	66	0.00109
24	66	0.00152
25	66	0.00034
26	66	0.00036
27	66	-0.00038
28	66	0.00010
29	66	-0.00092
30	66	0.00150
31	66	0.00316
32	66	-0.00180
33	66	-0.00019
34	66	-0.00045
35	66	0.00092
36	66	-0.00212
37	66	0.00003
38	66	0.00275
39	66	0.00092
40	66	-0.00058
41	66	0.00071
42	66	-0.00016
43	66	0.00089
44	66	0.00019
45	66	0.00110
46	66	-0.00012
47	66	0.00092
48	66	-0.00305
49	66	0.00166
50	66	0.00139
51	66	0.00079
52	66	-0.00027
53	66	0.00001
54	66	-0.00690
55	66	-0.00098
56	66	0.00436
57	66	0.00442
58	66	0.00094
59	66	0.00907
60	66	-0.01511
61	66	-0.01755
62	66	0.00147
63	66	0.01025
64	66	-0.03588
65	66	0.07460
66	66	0.99398
67	66	-0.03293
68	66	0.00712
69	66	0.00741
70	66	-0.00193
71	66	0.00137
72	66	-0.01391
73	66	0.00085
74	66	0.00018
75	66	0.00412
76	66	0.00133
77	66	0.00584
78	66	-0.00342
79	66	-0.00305
80	66	0.00230
81	66	-0.00331
82	66	0.00101
83	66	0.00168
84	66	-0.00018
85	66	-0.00114
86	66	0.00024
87	66	-0.00113
88	66	0.00200
89	66	-0.00082
90	66	0.00005
91	66	0.00002
92	66	0.00051
93	66	-0.00056
94	66	0.00049
95	66	-0.00001
96	66	0.00060
97	66	0.00002
98	66	0.00008
99	66	-0.00005
100	66	0.00020
101	66	-0.00002
102	66	0.00002
103	66	-0.00004
104	66	0.00000
105	66	0.00002
106	66	-0.00002
107	66	-0.00003
108	66	0.00003
1	67	-0.00931
2	67	0.01106
3	67	-0.01822
4	67	-0.01337
5	67	-0.00527
6	67	-0.00449
7	67	-0.00172
8	67	-0.00232
9	67	0.00336
10	67	0.00988
11	67	-0.01883
12	67	-0.00380
13	67	-0.00006
14	67	0.00249
15	67	0.00092
16	67	-0.00343
17	67	0.00784
18	67	0.00293
19	67	-0.01215
20	67	0.00025
21	67	0.00245
22	67	-0.00641
23	67	0.00701
24	67	0.00408
25	67	0.00002
26	67	-0.00186
27	67	-0.00817
28	67	0.00019
29	67	-0.00572
30	67	-0.00381
31	67	0.00050
32	67	-0.00186
33	67	0.00100
34	67	-0.00348
35	67	-0.00133
36	67	0.00018
37	67	-0.00036
38	67	-0.00435
39	67	0.00201
40	67	-0.00135
41	67	0.00212
42	67	0.00117
43	67	0.00094
44	67	0.00092
45	67	-0.00289
46	67	0.00996
47	67	0.01555
48	67	-0.00715
49	67	0.00224
50	67	-0.00861
51	67	0.03444
52	67	0.00233
53	67	0.05225
54	67	-0.01410
55	67	-0.00728
56	67	0.08382
57	67	0.06463
58	67	0.02463
59	67	-0.05421
60	67	-0.01267
61	67	-0.10226
62	67	-0.03502
63	67	0.08390
64	67	0.03658
65	67	0.40307
66	67	-0.00533
67	67	0.87376
68	67	-0.08851
69	67	0.06822
70	67	-0.02132
71	67	0.06497
72	67	-0.07983
73	67	0.04389
74	67	0.00019
75	67	0.00332
76	67	0.00134
77	67	0.00451
78	67	0.00209
79	67	-0.00429
80	67	0.00021
81	67	-0.00347
82	67	0.02539
83	67	0.01999
84	67	-0.00116
85	67	-0.00117
86	67	-0.01207
87	67	0.00037
88	67	0.00809
89	67	-0.00255
90	67	0.00024
91	67	0.00047
92	67	-0.00024
93	67	0.00053
94	67	-0.00022
95	67	-0.00010
96	67	-0.00042
97	67	0.00014
98	67	0.00136
99	67	-0.00080
100	67	0.00083
101	67	0.00037
102	67	-0.00009
103	67	0.00036
104	67	-0.00002
105	67	0.00009
106	67	0.00002
107	67	-0.00026
108	67	-0.00007
1	68	-0.01136
2	68	0.01424
3	68	0.00422
4	68	-0.00826
5	68	0.01192
6	68	0.00203
7	68	0.00142
8	68	-0.00135
9	68	-0.00163
10	68	0.00490
11	68	-0.00206
12	68	-0.00137
13	68	-0.00201
14	68	0.00228
15	68	-0.00176
16	68	-0.00453
17	68	0.00304
18	68	-0.00235
19	68	-0.00541
20	68	-0.00054
21	68	-0.00623
22	68	-0.00574
23	68	0.00210
24	68	-0.00065
25	68	0.00160
26	68	-0.00158
27	68	0.00036
28	68	0.00165
29	68	-0.00540
30	68	0.00378
31	68	0.00139
32	68	-0.00111
33	68	0.00038
34	68	-0.00080
35	68	0.00733
36	68	0.00373
37	68	-0.00028
38	68	0.00351
39	68	0.00128
40	68	0.00010
41	68	-0.00120
42	68	0.00036
43	68	0.00332
44	68	-0.00013
45	68	-0.00111
46	68	0.00209
47	68	0.00046
48	68	0.00438
49	68	-0.00111
50	68	0.00434
51	68	0.00370
52	68	0.00441
53	68	0.00446
54	68	-0.00284
55	68	-0.00320
56	68	0.00778
57	68	0.00377
58	68	0.00995
59	68	-0.01344
60	68	0.00383
61	68	-0.01010
62	68	0.00750
63	68	-0.00033
64	68	-0.04408
65	68	0.11846
66	68	-0.01537
67	68	0.03902
68	68	0.98732
69	68	-0.04613
70	68	-0.00748
71	68	0.01747
72	68	-0.02082
73	68	0.00971
74	68	-0.00013
75	68	0.00032
76	68	0.00088
77	68	-0.00033
78	68	0.00703
79	68	0.00502
80	68	-0.00417
81	68	0.00839
82	68	0.00444
83	68	0.01024
84	68	-0.00664
85	68	-0.00300
86	68	-0.00294
87	68	0.00675
88	68	0.00320
89	68	-0.00103
90	68	-0.00067
91	68	0.00015
92	68	0.00035
93	68	-0.00019
94	68	0.00037
95	68	-0.00003
96	68	-0.00066
97	68	0.00007
98	68	-0.00151
99	68	0.00161
100	68	-0.00079
101	68	0.00019
102	68	-0.00000
103	68	0.00019
104	68	-0.00002
105	68	-0.00003
106	68	0.00001
107	68	-0.00007
108	68	0.00006
1	69	-0.00015
2	69	0.00170
3	69	-0.01389
4	69	-0.00311
5	69	-0.00046
6	69	0.00872
7	69	0.00225
8	69	-0.00048
9	69	0.00484
10	69	0.00019
11	69	0.00229
12	69	-0.00324
13	69	-0.00082
14	69	0.00318
15	69	-0.00409
16	69	0.00135
17	69	-0.00446
18	69	-0.00259
19	69	0.00512
20	69	-0.00451
21	69	0.00259
22	69	0.00755
23	69	0.00089
24	69	-0.00288
25	69	-0.00352
26	69	0.00206
27	69	-0.00058
28	69	0.00195
29	69	0.00003
30	69	-0.00307
31	69	-0.00151
32	69	-0.00302
33	69	-0.00030
34	69	-0.00132
35	69	-0.00200
36	69	0.00553
37	69	-0.00035
38	69	-0.00899
39	69	-0.00144
40	69	-0.00060
41	69	0.00234
42	69	-0.00023
43	69	-0.00208
44	69	0.00006
45	69	0.00252
46	69	-0.00182
47	69	0.00537
48	69	0.00230
49	69	-0.00183
50	69	-0.01226
51	69	0.01238
52	69	0.00286
53	69	0.00855
54	69	-0.01393
55	69	0.00175
56	69	0.01782
57	69	0.01136
58	69	0.01911
59	69	-0.02490
60	69	0.01457
61	69	-0.01534
62	69	-0.00917
63	69	0.01223
64	69	0.04486
65	69	-0.05258
66	69	-0.00404
67	69	-0.05684
68	69	0.05708
69	69	0.99018
70	69	0.00688
71	69	-0.00429
72	69	0.01550
73	69	0.04516
74	69	-0.00001
75	69	-0.00365
76	69	-0.00738
77	69	-0.00771
78	69	-0.02635
79	69	-0.01855
80	69	0.01019
81	69	-0.00369
82	69	0.01862
83	69	-0.01628
84	69	0.01339
85	69	-0.00581
86	69	0.00429
87	69	-0.01241
88	69	-0.00602
89	69	0.00167
90	69	-0.00116
91	69	0.00003
92	69	-0.00076
93	69	0.00162
94	69	-0.00029
95	69	-0.00008
96	69	-0.00003
97	69	-0.00002
98	69	0.00253
99	69	-0.00181
100	69	0.00171
101	69	-0.00014
102	69	-0.00017
103	69	-0.00012
104	69	0.00004
105	69	-0.00001
106	69	-0.00007
107	69	-0.00024
108	69	-0.00010
1	70	0.00012
2	70	-0.00038
3	70	0.00046
4	70	0.00088
5	70	0.00086
6	70	-0.00074
7	70	-0.00089
8	70	-0.00014
9	70	-0.00177
10	70	0.00001
11	70	0.00014
12	70	-0.00129
13	70	-0.00034
14	70	0.00017
15	70	0.00015
16	70	-0.00005
17	70	-0.00066
18	70	0.00093
19	70	-0.00071
20	70	-0.00159
21	70	-0.00021
22	70	0.00060
23	70	-0.00037
24	70	0.00024
25	70	-0.00060
26	70	0.00004
27	70	-0.00206
28	70	0.00136
29	70	0.00071
30	70	0.00082
31	70	0.00053
32	70	0.00122
33	70	-0.00015
34	70	-0.00170
35	70	-0.00008
36	70	0.00006
37	70	-0.00061
38	70	-0.00023
39	70	0.00263
40	70	-0.00038
41	70	0.00103
42	70	-0.00003
43	70	0.00075
44	70	-0.00284
45	70	-0.00089
46	70	0.00009
47	70	-0.00088
48	70	0.00041
49	70	0.00326
50	70	0.00057
51	70	0.00093
52	70	0.00127
53	70	0.00277
54	70	0.00044
55	70	-0.00031
56	70	0.00589
57	70	0.00141
58	70	0.00083
59	70	0.00209
60	70	-0.00159
61	70	0.00320
62	70	-0.00492
63	70	0.00636
64	70	-0.00114
65	70	0.01725
66	70	0.00092
67	70	0.01550
68	70	0.00437
69	70	-0.00585
70	70	1.00034
71	70	-0.00359
72	70	-0.01044
73	70	0.00522
74	70	-0.00897
75	70	0.00365
76	70	0.00605
77	70	-0.00014
78	70	0.00169
79	70	-0.00228
80	70	-0.00354
81	70	-0.00099
82	70	0.00080
83	70	-0.00094
84	70	-0.00615
85	70	0.00179
86	70	-0.00472
87	70	-0.00766
88	70	-0.00051
89	70	-0.00049
90	70	0.00008
91	70	0.00130
92	70	0.00004
93	70	-0.00008
94	70	0.00000
95	70	-0.00003
96	70	0.00002
97	70	0.00022
98	70	0.00003
99	70	-0.00006
100	70	0.00001
101	70	-0.00002
102	70	0.00007
103	70	-0.00004
104	70	0.00000
105	70	-0.00000
106	70	0.00001
107	70	-0.00001
108	70	-0.00003
1	71	-0.00654
2	71	-0.01236
3	71	0.00928
4	71	-0.00591
5	71	0.00895
6	71	0.00399
7	71	0.00602
8	71	-0.00149
9	71	0.00644
10	71	0.00093
11	71	0.00861
12	71	0.00819
13	71	-0.00446
14	71	0.00140
15	71	0.00359
16	71	0.00008
17	71	-0.00421
18	71	-0.00229
19	71	0.00464
20	71	-0.00591
21	71	-0.00313
22	71	0.01099
23	71	-0.00038
24	71	-0.00310
25	71	-0.00059
26	71	0.00264
27	71	0.00259
28	71	-0.00292
29	71	0.00254
30	71	0.00150
31	71	-0.00313
32	71	-0.00699
33	71	0.00052
34	71	0.00133
35	71	0.00089
36	71	-0.00156
37	71	0.00011
38	71	0.00040
39	71	-0.00175
40	71	-0.00037
41	71	-0.00291
42	71	-0.00029
43	71	0.00653
44	71	0.00075
45	71	0.00588
46	71	-0.00356
47	71	-0.00109
48	71	0.00203
49	71	-0.00008
50	71	0.00448
51	71	-0.00530
52	71	0.00395
53	71	-0.00826
54	71	-0.00256
55	71	0.00523
56	71	-0.01104
57	71	0.00388
58	71	-0.00740
59	71	0.00694
60	71	0.01275
61	71	0.01335
62	71	0.00110
63	71	0.02169
64	71	-0.00203
65	71	-0.01923
66	71	0.00834
67	71	-0.00476
68	71	-0.00235
69	71	0.00098
70	71	0.00934
71	71	0.87269
72	71	0.46676
73	71	-0.08468
74	71	0.00169
75	71	-0.01307
76	71	-0.04115
77	71	0.02102
78	71	-0.00267
79	71	0.00510
80	71	0.02170
81	71	-0.00395
82	71	-0.00598
83	71	0.03813
84	71	0.03405
85	71	-0.00127
86	71	0.00371
87	71	-0.01468
88	71	0.00736
89	71	-0.00210
90	71	-0.00018
91	71	0.00019
92	71	-0.00026
93	71	0.00058
94	71	-0.00002
95	71	-0.00011
96	71	0.00033
97	71	0.00017
98	71	-0.00010
99	71	0.00033
100	71	0.00006
101	71	-0.00014
102	71	-0.00014
103	71	0.00003
104	71	0.00008
105	71	0.00003
106	71	-0.00010
107	71	-0.00005
108	71	0.00038
1	72	-0.01309
2	72	-0.01520
3	72	0.00574
4	72	-0.00774
5	72	0.00916
6	72	0.00479
7	72	0.00354
8	72	-0.00153
9	72	0.00658
10	72	0.00737
11	72	-0.00728
12	72	-0.01237
13	72	-0.00921
14	72	0.00191
15	72	0.00226
16	72	0.00195
17	72	0.00192
18	72	0.00067
19	72	0.00128
20	72	-0.00214
21	72	-0.00256
22	72	0.00953
23	72	0.00452
24	72	-0.00097
25	72	-0.00328
26	72	0.00037
27	72	-0.00878
28	72	0.00309
29	72	-0.00896
30	72	-0.00334
31	72	-0.00104
32	72	-0.00516
33	72	0.00200
34	72	-0.00384
35	72	0.00017
36	72	-0.00360
37	72	-0.00113
38	72	0.00188
39	72	0.00139
40	72	0.00072
41	72	0.00710
42	72	0.00211
43	72	0.00599
44	72	-0.00057
45	72	0.00112
46	72	0.00971
47	72	0.01638
48	72	-0.00261
49	72	0.00111
50	72	-0.00170
51	72	0.02767
52	72	0.01305
53	72	0.03172
54	72	-0.00804
55	72	-0.00353
56	72	0.06814
57	72	0.03788
58	72	0.01331
59	72	-0.02529
60	72	-0.01537
61	72	-0.03511
62	72	-0.04263
63	72	0.01264
64	72	-0.00198
65	72	0.07177
66	72	0.00924
67	72	0.05574
68	72	0.00945
69	72	-0.01354
70	72	0.00354
71	72	-0.45454
72	72	0.87278
73	72	0.03235
74	72	-0.00180
75	72	0.00364
76	72	0.03582
77	72	-0.04165
78	72	-0.03854
79	72	-0.00323
80	72	-0.01541
81	72	-0.00885
82	72	0.03313
83	72	-0.05783
84	72	-0.00550
85	72	0.01252
86	72	-0.00972
87	72	0.00084
88	72	-0.00385
89	72	-0.00761
90	72	0.00009
91	72	0.00009
92	72	-0.00028
93	72	0.00052
94	72	0.00016
95	72	-0.00002
96	72	0.00059
97	72	-0.00002
98	72	-0.00031
99	72	0.00044
100	72	0.00011
101	72	0.00048
102	72	0.00004
103	72	0.00018
104	72	0.00008
105	72	0.00007
106	72	-0.00005
107	72	-0.00047
108	72	0.00014
1	73	0.01226
2	73	-0.00175
3	73	-0.01013
4	73	-0.01129
5	73	0.01475
6	73	-0.00031
7	73	0.00438
8	73	-0.00034
9	73	0.01318
10	73	0.00256
11	73	-0.01031
12	73	0.00661
13	73	0.00020
14	73	-0.00250
15	73	-0.00075
16	73	-0.00045
17	73	-0.00354
18	73	-0.00205
19	73	0.00098
20	73	0.00518
21	73	-0.00046
22	73	0.00076
23	73	-0.00109
24	73	0.00594
25	73	0.00011
26	73	0.00139
27	73	0.00042
28	73	-0.00136
29	73	-0.00600
30	73	0.00576
31	73	-0.00328
32	73	-0.00683
33	73	0.00004
34	73	-0.00017
35	73	0.00834
36	73	-0.00022
37	73	0.00109
38	73	-0.00339
39	73	-0.00068
40	73	-0.00213
41	73	0.00069
42	73	0.00026
43	73	0.00429
44	73	0.00008
45	73	0.00236
46	73	0.00439
47	73	0.00302
48	73	0.00179
49	73	0.00341
50	73	0.00124
51	73	0.00779
52	73	-0.00213
53	73	0.00529
54	73	-0.00374
55	73	-0.01003
56	73	0.00402
57	73	0.00450
58	73	0.00876
59	73	-0.00419
60	73	-0.00979
61	73	-0.01388
62	73	0.01601
63	73	0.00005
64	73	-0.00417
65	73	0.03114
66	73	-0.00023
67	73	0.03519
68	73	0.00647
69	73	0.04947
70	73	0.00344
71	73	-0.08630
72	73	-0.01067
73	73	-0.99120
74	73	-0.00150
75	73	0.01940
76	73	0.03197
77	73	-0.00542
78	73	0.03125
79	73	0.02726
80	73	-0.01224
81	73	0.01749
82	73	0.03315
83	73	0.00029
84	73	-0.01925
85	73	-0.00098
86	73	0.01403
87	73	0.00280
88	73	0.00952
89	73	-0.00715
90	73	0.00027
91	73	0.00004
92	73	0.00050
93	73	-0.00029
94	73	-0.00007
95	73	0.00004
96	73	-0.00156
97	73	-0.00005
98	73	-0.00034
99	73	0.00118
100	73	-0.00056
101	73	-0.00029
102	73	0.00031
103	73	-0.00015
104	73	-0.00008
105	73	-0.00001
106	73	-0.00001
107	73	0.00040
108	73	0.00011
1	74	-0.00009
2	74	-0.00025
3	74	0.00041
4	74	-0.00234
5	74	-0.00043
6	74	-0.00057
7	74	-0.00027
8	74	-0.00004
9	74	-0.00033
10	74	0.00022
11	74	0.00010
12	74	-0.00007
13	74	-0.00009
14	74	0.00005
15	74	-0.00004
16	74	0.00002
17	74	-0.00082
18	74	0.00034
19	74	0.00000
20	74	0.00004
21	74	0.00006
22	74	-0.00005
23	74	0.00003
24	74	0.00023
25	74	0.00013
26	74	0.00004
27	74	0.00025
28	74	0.00043
29	74	-0.00008
30	74	-0.00010
31	74	-0.00009
32	74	-0.00013
33	74	0.00000
34	74	-0.00026
35	74	-0.00002
36	74	-0.00005
37	74	0.00037
38	74	-0.00009
39	74	0.00035
40	74	-0.00004
41	74	0.00042
42	74	-0.00002
43	74	-0.00016
44	74	-0.00289
45	74	0.00004
46	74	-0.00008
47	74	0.00005
48	74	0.00007
49	74	0.00094
50	74	0.00018
51	74	0.00033
52	74	0.00002
53	74	0.00038
54	74	-0.00012
55	74	-0.00010
56	74	0.00142
57	74	-0.00133
58	74	-0.00020
59	74	-0.00021
60	74	-0.00089
61	74	0.00091
62	74	0.00027
63	74	0.00044
64	74	-0.00001
65	74	0.00010
66	74	-0.00012
67	74	0.00031
68	74	0.00028
69	74	-0.00011
70	74	0.00887
71	74	-0.00234
72	74	0.00038
73	74	-0.00136
74	74	1.00038
75	74	-0.00391
76	74	0.00165
77	74	-0.00916
78	74	-0.00810
79	74	0.00552
80	74	0.00409
81	74	-0.00076
82	74	0.00005
83	74	0.00560
84	74	0.00121
85	74	-0.00004
86	74	-0.00025
87	74	-0.00047
88	74	0.00003
89	74	0.00007
90	74	0.00001
91	74	0.00016
92	74	0.00000
93	74	-0.00001
94	74	-0.00000
95	74	-0.00078
96	74	0.00002
97	74	0.00012
98	74	0.00001
99	74	-0.00001
100	74	0.00000
101	74	0.00001
102	74	0.00002
103	74	0.00004
104	74	0.00000
105	74	0.00000
106	74	-0.00000
107	74	-0.00000
108	74	-0.00000
1	75	-0.00084
2	75	-0.00053
3	75	0.00201
4	75	0.00070
5	75	0.00064
6	75	-0.00053
7	75	0.00008
8	75	-0.00002
9	75	-0.00121
10	75	0.00010
11	75	0.00010
12	75	0.00016
13	75	-0.00135
14	75	-0.00172
15	75	0.00030
16	75	0.00019
17	75	0.00038
18	75	0.00083
19	75	-0.00129
20	75	-0.00072
21	75	-0.00089
22	75	-0.00055
23	75	0.00056
24	75	0.00030
25	75	0.00031
26	75	-0.00020
27	75	0.00020
28	75	0.00057
29	75	0.00106
30	75	-0.00019
31	75	0.00131
32	75	0.00124
33	75	0.00028
34	75	-0.00073
35	75	-0.00120
36	75	0.00080
37	75	-0.00004
38	75	-0.00127
39	75	-0.00007
40	75	-0.00014
41	75	-0.00013
42	75	0.00006
43	75	0.00041
44	75	0.00015
45	75	0.00012
46	75	-0.00022
47	75	-0.00076
48	75	0.00132
49	75	0.00014
50	75	0.00120
51	75	-0.00118
52	75	0.00040
53	75	-0.00025
54	75	-0.00094
55	75	-0.00309
56	75	-0.00174
57	75	-0.00048
58	75	0.00069
59	75	0.00247
60	75	0.00117
61	75	0.00248
62	75	0.00065
63	75	0.00008
64	75	-0.00349
65	75	0.00468
66	75	0.00168
67	75	0.00149
68	75	-0.00040
69	75	0.00189
70	75	0.00149
71	75	-0.00775
72	75	0.00115
73	75	-0.00795
74	75	-0.00153
75	75	-0.92857
76	75	0.28661
77	75	0.22555
78	75	0.05625
79	75	-0.02921
80	75	0.02436
81	75	0.00679
82	75	0.00122
83	75	0.00095
84	75	-0.00712
85	75	0.00149
86	75	-0.00014
87	75	0.00284
88	75	0.00138
89	75	-0.00018
90	75	0.00040
91	75	-0.00004
92	75	0.00011
93	75	-0.00006
94	75	0.00007
95	75	-0.00001
96	75	-0.00034
97	75	0.00002
98	75	-0.00031
99	75	-0.00008
100	75	0.00002
101	75	0.00009
102	75	0.00007
103	75	0.00002
104	75	0.00002
105	75	0.00003
106	75	-0.00001
107	75	-0.00006
108	75	0.00004
1	76	-0.00042
2	76	-0.00133
3	76	0.00003
4	76	0.00135
5	76	0.00080
6	76	-0.00134
7	76	-0.00061
8	76	0.00020
9	76	-0.00175
10	76	0.00012
11	76	-0.00227
12	76	-0.00356
13	76	0.00062
14	76	-0.00033
15	76	-0.00067
16	76	-0.00004
17	76	0.00157
18	76	0.00093
19	76	-0.00123
20	76	-0.00077
21	76	-0.00041
22	76	-0.00037
23	76	0.00057
24	76	0.00159
25	76	0.00022
26	76	-0.00038
27	76	-0.00089
28	76	0.00158
29	76	-0.00042
30	76	-0.00057
31	76	0.00065
32	76	0.00343
33	76	0.00052
34	76	-0.00277
35	76	-0.00018
36	76	0.00040
37	76	0.00043
38	76	-0.00016
39	76	0.00225
40	76	-0.00007
41	76	0.00018
42	76	0.00032
43	76	-0.00072
44	76	0.00019
45	76	-0.00063
46	76	0.00065
47	76	0.00092
48	76	0.00099
49	76	0.00169
50	76	0.00032
51	76	0.00222
52	76	0.00091
53	76	0.00572
54	76	-0.00033
55	76	-0.00100
56	76	-0.00210
57	76	0.00123
58	76	-0.00087
59	76	0.00555
60	76	0.00323
61	76	0.00154
62	76	-0.00337
63	76	0.00139
64	76	-0.00114
65	76	0.01122
66	76	0.00093
67	76	0.00450
68	76	0.00040
69	76	-0.00154
70	76	0.00552
71	76	-0.06126
72	76	0.02074
73	76	-0.02409
74	76	0.00468
75	76	-0.21180
76	76	-0.92451
77	76	0.26207
78	76	0.15078
79	76	-0.00488
80	76	-0.01730
81	76	0.00682
82	76	0.01534
83	76	-0.05150
84	76	-0.02988
85	76	0.00236
86	76	-0.00437
87	76	0.00213
88	76	0.00047
89	76	-0.00009
90	76	0.00007
91	76	-0.00006
92	76	0.00009
93	76	-0.00019
94	76	0.00000
95	76	-0.00003
96	76	-0.00006
97	76	0.00017
98	76	0.00026
99	76	-0.00022
100	76	0.00007
101	76	0.00044
102	76	0.00033
103	76	0.00003
104	76	0.00004
105	76	0.00005
106	76	-0.00002
107	76	-0.00020
108	76	-0.00003
1	77	0.00167
2	77	0.00186
3	77	-0.00524
4	77	-0.00519
5	77	0.00558
6	77	0.00271
7	77	0.00132
8	77	-0.00022
9	77	0.00542
10	77	0.00077
11	77	-0.00116
12	77	-0.00042
13	77	-0.00207
14	77	-0.00080
15	77	0.00062
16	77	0.00117
17	77	-0.00119
18	77	-0.00317
19	77	0.00283
20	77	0.00256
21	77	0.00241
22	77	0.00182
23	77	-0.00177
24	77	-0.00048
25	77	-0.00128
26	77	0.00095
27	77	0.00109
28	77	-0.00110
29	77	-0.00660
30	77	0.00301
31	77	-0.00027
32	77	-0.00526
33	77	-0.00074
34	77	0.00102
35	77	0.00164
36	77	-0.00302
37	77	0.00101
38	77	0.00065
39	77	0.00044
40	77	-0.00031
41	77	-0.00042
42	77	-0.00017
43	77	0.00003
44	77	-0.00066
45	77	-0.00014
46	77	0.00222
47	77	0.00268
48	77	-0.00520
49	77	0.00123
50	77	-0.00006
51	77	0.00366
52	77	-0.00076
53	77	-0.00053
54	77	-0.00318
55	77	-0.00071
56	77	-0.00039
57	77	-0.00119
58	77	0.00499
59	77	-0.00327
60	77	-0.00528
61	77	-0.00920
62	77	0.00245
63	77	-0.00137
64	77	0.00396
65	77	-0.00804
66	77	-0.00683
67	77	0.00039
68	77	0.00370
69	77	-0.00061
70	77	-0.00081
71	77	-0.01476
72	77	0.00995
73	77	-0.00539
74	77	0.00554
75	77	0.22766
76	77	0.13598
77	77	0.87653
78	77	-0.39243
79	77	0.06307
80	77	-0.05221
81	77	-0.00571
82	77	0.00420
83	77	-0.02465
84	77	-0.00512
85	77	-0.00005
86	77	0.00245
87	77	-0.00475
88	77	-0.00258
89	77	-0.00091
90	77	-0.00044
91	77	0.00007
92	77	-0.00009
93	77	0.00017
94	77	0.00010
95	77	-0.00001
96	77	0.00004
97	77	0.00005
98	77	-0.00137
99	77	0.00113
100	77	-0.00046
101	77	-0.00011
102	77	0.00004
103	77	-0.00009
104	77	-0.00008
105	77	-0.00008
106	77	0.00004
107	77	0.00022
108	77	-0.00005
1	78	-0.00647
2	78	0.00664
3	78	0.00342
4	78	0.00542
5	78	0.00498
6	78	-0.00259
7	78	-0.00068
8	78	-0.00040
9	78	-0.01261
10	78	-0.00203
11	78	0.00585
12	78	0.00177
13	78	0.00587
14	78	-0.00135
15	78	-0.00167
16	78	-0.00108
17	78	0.00182
18	78	0.00760
19	78	-0.00908
20	78	-0.00555
21	78	-0.00126
22	78	-0.00473
23	78	0.00255
24	78	0.00427
25	78	0.00417
26	78	-0.00163
27	78	0.00229
28	78	0.00217
29	78	0.00540
30	78	0.00641
31	78	0.00451
32	78	0.01140
33	78	0.00176
34	78	-0.00244
35	78	-0.00054
36	78	0.00115
37	78	-0.00123
38	78	0.00226
39	78	0.00194
40	78	0.00077
41	78	0.00051
42	78	0.00049
43	78	0.00071
44	78	0.00178
45	78	-0.00290
46	78	-0.00511
47	78	-0.00925
48	78	0.00094
49	78	0.00096
50	78	0.00665
51	78	-0.01751
52	78	-0.00177
53	78	-0.00212
54	78	0.00063
55	78	0.00525
56	78	-0.02701
57	78	-0.00717
58	78	-0.00716
59	78	0.02942
60	78	0.01221
61	78	0.03116
62	78	0.00520
63	78	0.00058
64	78	-0.00246
65	78	0.02431
66	78	-0.00129
67	78	0.00587
68	78	0.00123
69	78	-0.01947
70	78	0.00333
71	78	0.00304
72	78	-0.03680
73	78	-0.02981
74	78	-0.01221
75	78	-0.19450
76	78	-0.19486
77	78	-0.32033
78	78	-0.87910
79	78	0.18359
80	78	0.06960
81	78	0.03984
82	78	-0.03065
83	78	0.06515
84	78	-0.02593
85	78	-0.00524
86	78	-0.00097
87	78	0.02155
88	78	0.01645
89	78	0.00388
90	78	0.00002
91	78	-0.00036
92	78	0.00020
93	78	-0.00051
94	78	-0.00002
95	78	-0.00001
96	78	-0.00024
97	78	-0.00012
98	78	-0.00025
99	78	-0.00018
100	78	-0.00007
101	78	0.00021
102	78	0.00032
103	78	0.00009
104	78	0.00024
105	78	0.00020
106	78	-0.00015
107	78	-0.00049
108	78	-0.00002
1	79	0.00568
2	79	-0.00106
3	79	0.00645
4	79	0.00323
5	79	-0.00209
6	79	0.00163
7	79	-0.00098
8	79	0.00092
9	79	0.00123
10	79	-0.00064
11	79	0.00032
12	79	-0.00102
13	79	0.00102
14	79	0.00257
15	79	-0.00155
16	79	0.00048
17	79	-0.00228
18	79	0.00106
19	79	0.00033
20	79	-0.00056
21	79	-0.00130
22	79	-0.00017
23	79	0.00040
24	79	-0.00259
25	79	-0.00031
26	79	0.00003
27	79	-0.00029
28	79	0.00109
29	79	0.00037
30	79	-0.00381
31	79	-0.00250
32	79	0.00086
33	79	-0.00009
34	79	-0.00136
35	79	-0.00123
36	79	0.00813
37	79	-0.00047
38	79	-0.00718
39	79	-0.00183
40	79	0.00052
41	79	0.00006
42	79	0.00039
43	79	0.00533
44	79	0.00049
45	79	-0.00017
46	79	0.00228
47	79	-0.00340
48	79	0.00419
49	79	0.00030
50	79	0.00017
51	79	-0.00157
52	79	-0.00176
53	79	-0.00319
54	79	0.00441
55	79	-0.00512
56	79	-0.00266
57	79	-0.00086
58	79	-0.00231
59	79	-0.00501
60	79	0.00343
61	79	0.00381
62	79	0.00206
63	79	0.00215
64	79	-0.00035
65	79	0.00121
66	79	0.00396
67	79	0.00189
68	79	-0.00549
69	79	0.02352
70	79	-0.00023
71	79	0.00877
72	79	0.00371
73	79	0.03201
74	79	-0.00193
75	79	-0.02832
76	79	0.02672
77	79	-0.02089
78	79	0.14686
79	79	0.86056
80	79	-0.47450
81	79	-0.07798
82	79	-0.05051
83	79	-0.00537
84	79	0.00727
85	79	0.00614
86	79	0.00202
87	79	0.00082
88	79	-0.01105
89	79	-0.00180
90	79	-0.00094
91	79	-0.00006
92	79	-0.00000
93	79	-0.00022
94	79	0.00005
95	79	0.00001
96	79	-0.00009
97	79	-0.00003
98	79	0.00107
99	79	-0.00103
100	79	0.00084
101	79	-0.00002
102	79	0.00006
103	79	-0.00006
104	79	-0.00008
105	79	-0.00004
106	79	0.00009
107	79	0.00027
108	79	-0.00026
1	80	0.00939
2	80	-0.00411
3	80	0.00350
4	80	0.00177
5	80	0.00734
6	80	0.00267
7	80	-0.00074
8	80	0.00112
9	80	0.00666
10	80	0.00009
11	80	0.00129
12	80	0.00031
13	80	-0.00152
14	80	-0.00054
15	80	-0.00128
16	80	0.00450
17	80	-0.00418
18	80	0.00322
19	80	0.00373
20	80	-0.00467
21	80	-0.00017
22	80	0.00540
23	80	0.00012
24	80	0.00022
25	80	-0.00160
26	80	0.00175
27	80	-0.00125
28	80	0.00016
29	80	0.00086
30	80	0.00343
31	80	0.00011
32	80	-0.00356
33	80	-0.00129
34	80	-0.00180
35	80	0.00128
36	80	-0.00296
37	80	-0.00125
38	80	0.00099
39	80	0.00282
40	80	0.00027
41	80	0.00482
42	80	0.00070
43	80	0.01124
44	80	0.00117
45	80	-0.00320
46	80	0.00630
47	80	-0.00338
48	80	-0.00330
49	80	0.00227
50	80	0.00253
51	80	0.01031
52	80	0.00570
53	80	0.00128
54	80	-0.00167
55	80	0.00269
56	80	-0.00282
57	80	0.00829
58	80	-0.00051
59	80	-0.00699
60	80	0.00319
61	80	-0.00607
62	80	-0.00488
63	80	0.01681
64	80	-0.00098
65	80	0.00332
66	80	-0.00053
67	80	0.00290
68	80	0.00157
69	80	0.00271
70	80	0.00296
71	80	-0.02941
72	80	0.00921
73	80	0.00565
74	80	-0.00443
75	80	0.03557
76	80	0.01311
77	80	0.06354
78	80	0.12613
79	80	0.45023
80	80	0.87269
81	80	-0.06769
82	80	-0.07497
83	80	-0.01351
84	80	0.00713
85	80	0.01217
86	80	0.00212
87	80	-0.01832
88	80	-0.03177
89	80	-0.00474
90	80	0.00013
91	80	-0.00026
92	80	-0.00006
93	80	0.00016
94	80	0.00003
95	80	-0.00001
96	80	0.00016
97	80	-0.00009
98	80	-0.00041
99	80	0.00039
100	80	-0.00024
101	80	0.00025
102	80	0.00027
103	80	-0.00004
104	80	-0.00027
105	80	-0.00017
106	80	0.00028
107	80	0.00079
108	80	0.00001
1	81	0.00087
2	81	-0.00882
3	81	0.00850
4	81	0.00553
5	81	-0.00877
6	81	-0.00247
7	81	-0.00170
8	81	0.00047
9	81	-0.00070
10	81	-0.00035
11	81	-0.00122
12	81	-0.00142
13	81	-0.00149
14	81	0.00050
15	81	0.00049
16	81	0.00062
17	81	0.00077
18	81	0.00125
19	81	0.00146
20	81	-0.00131
21	81	-0.00124
22	81	0.00131
23	81	0.00087
24	81	-0.00258
25	81	-0.00182
26	81	-0.00003
27	81	-0.00251
28	81	0.00038
29	81	0.00247
30	81	-0.00415
31	81	-0.00143
32	81	0.00135
33	81	-0.00012
34	81	-0.00035
35	81	-0.00459
36	81	0.00005
37	81	-0.00053
38	81	-0.00062
39	81	-0.00025
40	81	-0.00017
41	81	0.00140
42	81	0.00009
43	81	0.00293
44	81	0.00003
45	81	0.00197
46	81	0.00104
47	81	0.00038
48	81	0.00542
49	81	-0.00162
50	81	-0.00206
51	81	0.00631
52	81	0.00393
53	81	0.00173
54	81	0.00126
55	81	-0.00042
56	81	0.01310
57	81	0.00529
58	81	-0.00069
59	81	-0.00772
60	81	-0.00238
61	81	-0.00704
62	81	-0.00844
63	81	0.00448
64	81	-0.00284
65	81	-0.00154
66	81	0.00350
67	81	0.00001
68	81	-0.00910
69	81	0.00550
70	81	0.00102
71	81	-0.00010
72	81	0.00860
73	81	0.02185
74	81	0.00081
75	81	0.01619
76	81	0.01506
77	81	0.01673
78	81	0.04880
79	81	0.09134
80	81	0.01947
81	81	0.99289
82	81	0.00131
83	81	-0.00920
84	81	0.01606
85	81	0.00689
86	81	-0.00253
87	81	-0.00790
88	81	-0.01093
89	81	-0.00206
90	81	0.00126
91	81	0.00005
92	81	-0.00007
93	81	-0.00009
94	81	-0.00014
95	81	0.00001
96	81	0.00010
97	81	0.00003
98	81	0.00036
99	81	-0.00057
100	81	0.00047
101	81	0.00016
102	81	-0.00016
103	81	0.00009
104	81	-0.00006
105	81	-0.00001
106	81	0.00008
107	81	0.00007
108	81	0.00006
1	82	-0.01625
2	82	-0.00070
3	82	0.00682
4	82	0.01132
5	82	-0.00908
6	82	-0.00056
7	82	-0.00289
8	82	-0.00015
9	82	-0.01372
10	82	-0.00214
11	82	0.00850
12	82	-0.00412
13	82	0.00214
14	82	0.00088
15	82	-0.00093
16	82	0.00085
17	82	0.00242
18	82	0.00121
19	82	0.00044
20	82	-0.00079
21	82	0.00040
22	82	-0.00607
23	82	-0.00034
24	82	-0.00172
25	82	-0.00056
26	82	-0.00104
27	82	0.00122
28	82	-0.00046
29	82	0.00471
30	82	-0.00324
31	82	0.00350
32	82	0.00932
33	82	-0.00164
34	82	0.00028
35	82	-0.00529
36	82	0.00167
37	82	-0.00013
38	82	0.00133
39	82	0.00100
40	82	-0.00278
41	82	0.00069
42	82	-0.00223
43	82	-0.00071
44	82	0.00052
45	82	-0.00293
46	82	-0.00144
47	82	-0.00818
48	82	-0.00047
49	82	-0.00338
50	82	-0.00050
51	82	-0.00058
52	82	0.00267
53	82	-0.00819
54	82	0.00308
55	82	0.00556
56	82	-0.01121
57	82	-0.00689
58	82	-0.00604
59	82	-0.00609
60	82	0.00972
61	82	0.00165
62	82	0.00450
63	82	-0.00201
64	82	0.00328
65	82	-0.02396
66	82	-0.00009
67	82	-0.02023
68	82	-0.00401
69	82	-0.01793
70	82	0.00022
71	82	0.01224
72	82	-0.01934
73	82	0.03230
74	82	-0.00150
75	82	-0.00142
76	82	0.00285
77	82	-0.00590
78	82	-0.00316
79	82	0.08180
80	82	0.04482
81	82	-0.00815
82	82	0.98141
83	82	0.15346
84	82	-0.03348
85	82	0.00248
86	82	0.02184
87	82	-0.00417
88	82	-0.01608
89	82	0.00144
90	82	-0.00063
91	82	-0.00022
92	82	-0.00007
93	82	-0.00027
94	82	0.00010
95	82	0.00000
96	82	0.00077
97	82	-0.00001
98	82	0.00017
99	82	-0.00091
100	82	0.00028
101	82	0.00021
102	82	-0.00020
103	82	-0.00001
104	82	-0.00018
105	82	-0.00007
106	82	0.00019
107	82	0.00026
108	82	-0.00016
1	83	0.00330
2	83	-0.00560
3	83	-0.01487
4	83	-0.00860
5	83	-0.00352
6	83	-0.00357
7	83	-0.00073
8	83	-0.00081
9	83	0.00997
10	83	0.00615
11	83	-0.01245
12	83	-0.00732
13	83	-0.00600
14	83	0.00015
15	83	0.00248
16	83	-0.00033
17	83	0.00108
18	83	-0.00988
19	83	0.00945
20	83	0.01181
21	83	0.00392
22	83	0.00431
23	83	-0.00053
24	83	0.00125
25	83	-0.00320
26	83	0.00125
27	83	-0.00136
28	83	0.00129
29	83	-0.01190
30	83	-0.00855
31	83	-0.00320
32	83	-0.00688
33	83	-0.00053
34	83	-0.00378
35	83	0.00055
36	83	-0.00206
37	83	-0.00046
38	83	-0.00178
39	83	0.00106
40	83	-0.00114
41	83	-0.00400
42	83	-0.00048
43	83	-0.01244
44	83	0.00412
45	83	0.00446
46	83	0.00288
47	83	0.01795
48	83	-0.00097
49	83	0.00021
50	83	-0.00879
51	83	0.02109
52	83	0.00009
53	83	0.01632
54	83	-0.00581
55	83	-0.01174
56	83	-0.01369
57	83	0.00275
58	83	0.00212
59	83	-0.00207
60	83	-0.00076
61	83	-0.01956
62	83	-0.00170
63	83	0.00256
64	83	0.00088
65	83	-0.02577
66	83	0.00008
67	83	-0.00654
68	83	-0.00386
69	83	0.02050
70	83	0.00110
71	83	-0.06674
72	83	0.04779
73	83	-0.00081
74	83	-0.00455
75	83	0.01132
76	83	-0.02639
77	83	0.05613
78	83	0.05980
79	83	-0.01199
80	83	-0.00609
81	83	0.00705
82	83	-0.15407
83	83	0.98025
84	83	-0.05477
85	83	0.00932
86	83	-0.01939
87	83	-0.01904
88	83	0.00067
89	83	-0.00186
90	83	0.00019
91	83	-0.00063
92	83	-0.00002
93	83	0.00026
94	83	0.00006
95	83	-0.00011
96	83	0.00002
97	83	-0.00027
98	83	-0.00006
99	83	0.00043
100	83	-0.00004
101	83	0.00077
102	83	0.00081
103	83	0.00000
104	83	-0.00006
105	83	-0.00012
106	83	-0.00007
107	83	-0.00026
108	83	-0.00002
1	84	0.00036
2	84	-0.00185
3	84	0.01044
4	84	0.00662
5	84	0.00702
6	84	0.00185
7	84	0.00141
8	84	0.00209
9	84	-0.00558
10	84	-0.00298
11	84	0.00757
12	84	0.00024
13	84	0.00738
14	84	-0.00453
15	84	-0.00302
16	84	0.00102
17	84	0.00268
18	84	0.00284
19	84	-0.00675
20	84	-0.00908
21	84	-0.00340
22	84	-0.00231
23	84	0.00333
24	84	0.00037
25	84	0.00288
26	84	-0.00075
27	84	0.00335
28	84	-0.00418
29	84	0.00616
30	84	0.00548
31	84	0.00286
32	84	0.00820
33	84	0.00068
34	84	-0.00026
35	84	-0.00058
36	84	0.00139
37	84	0.00346
38	84	-0.00055
39	84	0.00764
40	84	0.00032
41	84	-0.00056
42	84	0.00067
43	84	0.00721
44	84	0.00355
45	84	-0.00262
46	84	-0.00104
47	84	-0.01084
48	84	0.00196
49	84	0.00482
50	84	0.00900
51	84	-0.01103
52	84	0.00042
53	84	-0.00650
54	84	0.00255
55	84	0.00651
56	84	-0.01055
57	84	0.00217
58	84	-0.00198
59	84	0.01413
60	84	0.01583
61	84	0.00459
62	84	-0.00342
63	84	-0.00591
64	84	-0.00059
65	84	0.02084
66	84	-0.00086
67	84	0.00422
68	84	0.00491
69	84	-0.01537
70	84	0.00621
71	84	-0.03923
72	84	-0.01326
73	84	-0.01386
74	84	-0.00211
75	84	-0.01605
76	84	-0.02983
77	84	0.00565
78	84	-0.01942
79	84	-0.00575
80	84	-0.00235
81	84	-0.01205
82	84	0.02853
83	84	0.05771
84	84	0.99440
85	84	-0.04215
86	84	0.02130
87	84	0.03989
88	84	-0.00410
89	84	0.00282
90	84	-0.00018
91	84	0.00012
92	84	0.00012
93	84	-0.00043
94	84	0.00002
95	84	-0.00010
96	84	-0.00020
97	84	-0.00012
98	84	0.00002
99	84	-0.00038
100	84	0.00004
101	84	0.00090
102	84	0.00066
103	84	-0.00017
104	84	0.00009
105	84	0.00017
106	84	-0.00002
107	84	-0.00005
108	84	0.00005
1	85	0.00756
2	85	0.01672
3	85	-0.00683
4	85	-0.00779
5	85	0.02494
6	85	0.01278
7	85	0.00571
8	85	-0.00062
9	85	0.00505
10	85	-0.00066
11	85	0.00631
12	85	0.00105
13	85	0.00256
14	85	0.00490
15	85	0.00014
16	85	0.00203
17	85	-0.00622
18	85	-0.00200
19	85	-0.00468
20	85	0.00266
21	85	-0.00285
22	85	0.00034
23	85	-0.00148
24	85	-0.00082
25	85	0.00547
26	85	0.00258
27	85	0.00383
28	85	0.00030
29	85	-0.00189
30	85	-0.00130
31	85	-0.00015
32	85	-0.00351
33	85	0.00005
34	85	0.00146
35	85	-0.00063
36	85	-0.00097
37	85	0.00095
38	85	-0.00287
39	85	-0.00029
40	85	-0.00014
41	85	-0.00217
42	85	-0.00025
43	85	0.00218
44	85	-0.00015
45	85	-0.00055
46	85	0.00059
47	85	-0.00443
48	85	-0.00232
49	85	0.00323
50	85	-0.00160
51	85	-0.01312
52	85	-0.01025
53	85	-0.00255
54	85	0.00606
55	85	-0.00189
56	85	-0.01766
57	85	-0.00641
58	85	-0.00758
59	85	0.01221
60	85	-0.00889
61	85	0.00102
62	85	0.01529
63	85	-0.00481
64	85	-0.00246
65	85	0.00757
66	85	-0.00068
67	85	-0.00056
68	85	0.00253
69	85	0.00653
70	85	-0.00157
71	85	0.01043
72	85	-0.00678
73	85	-0.00252
74	85	0.00014
75	85	0.00258
76	85	0.00229
77	85	-0.00031
78	85	-0.00212
79	85	-0.01133
80	85	-0.00714
81	85	-0.00304
82	85	0.00079
83	85	-0.00030
84	85	0.03064
85	85	0.99036
86	85	0.00304
87	85	0.09773
88	85	0.03665
89	85	0.00188
90	85	0.00060
91	85	-0.00004
92	85	0.00011
93	85	-0.00007
94	85	-0.00017
95	85	-0.00000
96	85	0.00029
97	85	-0.00008
98	85	0.00014
99	85	-0.00006
100	85	-0.00044
101	85	-0.00071
102	85	0.00025
103	85	-0.00031
104	85	-0.00005
105	85	-0.00019
106	85	0.00004
107	85	0.00093
108	85	0.00056
1	86	-0.00367
2	86	-0.01261
3	86	-0.00008
4	86	0.00036
5	86	-0.02110
6	86	-0.01394
7	86	-0.00349
8	86	0.00101
9	86	0.00333
10	86	0.00057
11	86	-0.01100
12	86	0.00177
13	86	-0.00204
14	86	-0.00579
15	86	0.00081
16	86	-0.00314
17	86	0.00491
18	86	0.00055
19	86	0.00427
20	86	-0.00398
21	86	0.00346
22	86	0.00477
23	86	0.00143
24	86	0.00015
25	86	-0.00350
26	86	0.00092
27	86	-0.00412
28	86	0.00055
29	86	0.00123
30	86	0.00268
31	86	-0.00202
32	86	-0.00104
33	86	0.00081
34	86	-0.00150
35	86	0.00252
36	86	0.00046
37	86	-0.00076
38	86	0.00203
39	86	-0.00061
40	86	-0.00030
41	86	-0.00079
42	86	0.00045
43	86	-0.00650
44	86	0.00010
45	86	0.00378
46	86	-0.00154
47	86	0.00455
48	86	0.00265
49	86	0.00071
50	86	0.00118
51	86	0.00350
52	86	0.00858
53	86	0.00391
54	86	-0.00452
55	86	-0.00029
56	86	0.01477
57	86	0.00426
58	86	0.00685
59	86	-0.00393
60	86	0.00446
61	86	0.00228
62	86	-0.01527
63	86	0.00340
64	86	0.00122
65	86	0.01204
66	86	-0.00060
67	86	0.00545
68	86	0.00213
69	86	-0.00490
70	86	0.00255
71	86	-0.00995
72	86	0.00451
73	86	0.01299
74	86	0.00006
75	86	-0.00281
76	86	-0.00586
77	86	-0.00176
78	86	-0.00270
79	86	-0.00510
80	86	-0.00369
81	86	0.00079
82	86	-0.02329
83	86	0.01164
84	86	-0.01115
85	86	0.01894
86	86	0.97473
87	86	-0.20501
88	86	0.05802
89	86	-0.00070
90	86	-0.00015
91	86	0.00033
92	86	-0.00004
93	86	0.00021
94	86	0.00008
95	86	-0.00005
96	86	-0.00059
97	86	0.00009
98	86	0.00013
99	86	0.00019
100	86	0.00039
101	86	0.00062
102	86	-0.00003
103	86	0.00029
104	86	-0.00003
105	86	-0.00014
106	86	0.00008
107	86	0.00035
108	86	-0.00036
1	87	0.00173
2	87	0.00173
3	87	-0.00998
4	87	-0.00021
5	87	0.00332
6	87	-0.00266
7	87	-0.00351
8	87	-0.00142
9	87	-0.00053
10	87	0.00573
11	87	-0.00219
12	87	-0.00371
13	87	-0.00606
14	87	0.00496
15	87	0.00263
16	87	-0.00136
17	87	-0.00027
18	87	-0.00394
19	87	0.00323
20	87	-0.00026
21	87	0.00143
22	87	0.00443
23	87	0.00028
24	87	-0.00099
25	87	-0.00398
26	87	0.00064
27	87	-0.00808
28	87	0.00036
29	87	-0.00260
30	87	-0.00176
31	87	0.00119
32	87	0.00166
33	87	-0.00098
34	87	-0.00241
35	87	0.00011
36	87	0.00029
37	87	0.00006
38	87	-0.00103
39	87	0.00155
40	87	-0.00116
41	87	-0.00063
42	87	-0.00077
43	87	-0.00320
44	87	0.00001
45	87	-0.00108
46	87	-0.00168
47	87	0.00179
48	87	-0.00006
49	87	0.00486
50	87	-0.00651
51	87	0.00569
52	87	-0.00078
53	87	-0.00031
54	87	0.00316
55	87	-0.00333
56	87	0.01666
57	87	0.00238
58	87	0.00270
59	87	-0.00576
60	87	-0.00199
61	87	-0.01686
62	87	-0.00059
63	87	0.00680
64	87	-0.00148
65	87	-0.01035
66	87	0.00171
67	87	0.00122
68	87	-0.00513
69	87	0.01216
70	87	0.00824
71	87	0.01308
72	87	0.01218
73	87	0.00242
74	87	0.00070
75	87	0.00893
76	87	0.00533
77	87	0.01173
78	87	0.01908
79	87	0.00238
80	87	0.01273
81	87	0.00551
82	87	-0.01067
83	87	0.01915
84	87	-0.04894
85	87	-0.08462
86	87	0.21130
87	87	0.96270
88	87	-0.12919
89	87	-0.00704
90	87	0.00026
91	87	0.00113
92	87	0.00039
93	87	-0.00039
94	87	0.00016
95	87	-0.00015
96	87	0.00019
97	87	0.00020
98	87	-0.00005
99	87	0.00011
100	87	-0.00003
101	87	0.00035
102	87	-0.00008
103	87	0.00004
104	87	-0.00010
105	87	-0.00014
106	87	0.00009
107	87	-0.00015
108	87	-0.00007
1	88	0.00965
2	88	0.00330
3	88	0.00761
4	88	0.00312
5	88	-0.00776
6	88	-0.00082
7	88	-0.00277
8	88	0.00135
9	88	0.00122
10	88	-0.00002
11	88	-0.00380
12	88	0.00121
13	88	0.00115
14	88	-0.00304
15	88	-0.00256
16	88	0.00270
17	88	0.00109
18	88	0.00098
19	88	0.00215
20	88	-0.00252
21	88	0.00084
22	88	0.00149
23	88	-0.00029
24	88	-0.00233
25	88	-0.00110
26	88	0.00003
27	88	-0.00127
28	88	-0.00131
29	88	0.00178
30	88	0.00132
31	88	-0.00136
32	88	-0.00305
33	88	-0.00148
34	88	0.00014
35	88	0.00038
36	88	0.00081
37	88	-0.00017
38	88	-0.00074
39	88	0.00118
40	88	-0.00030
41	88	0.00298
42	88	-0.00109
43	88	0.00952
44	88	0.00021
45	88	-0.00407
46	88	0.00117
47	88	-0.00122
48	88	-0.00030
49	88	0.00068
50	88	0.00233
51	88	0.00587
52	88	0.00707
53	88	-0.00174
54	88	0.00095
55	88	0.00140
56	88	0.00720
57	88	0.00408
58	88	0.00160
59	88	-0.01656
60	88	0.00119
61	88	-0.01116
62	88	-0.00028
63	88	0.00493
64	88	0.00061
65	88	-0.01126
66	88	-0.00124
67	88	-0.00913
68	88	-0.00313
69	88	0.00616
70	88	0.00181
71	88	-0.00762
72	88	0.00168
73	88	0.01219
74	88	0.00004
75	88	0.00685
76	88	0.00472
77	88	0.01027
78	88	0.02065
79	88	0.02356
80	88	0.02403
81	88	0.00713
82	88	0.01424
83	88	0.00274
84	88	-0.00165
85	88	-0.04887
86	88	-0.03097
87	88	0.13396
88	88	0.98756
89	88	-0.00736
90	88	-0.00017
91	88	-0.00000
92	88	-0.00018
93	88	0.00018
94	88	0.00007
95	88	0.00001
96	88	0.00001
97	88	-0.00000
98	88	-0.00011
99	88	0.00014
100	88	0.00019
101	88	0.00026
102	88	0.00004
103	88	0.00002
104	88	-0.00013
105	88	-0.00010
106	88	0.00019
107	88	0.00027
108	88	-0.00027
1	89	-0.00672
2	89	-0.00835
3	89	-0.00831
4	89	-0.00154
5	89	0.00241
6	89	-0.00382
7	89	0.00283
8	89	-0.00006
9	89	-0.00098
10	89	0.00280
11	89	0.00019
12	89	0.00064
13	89	0.00198
14	89	-0.00065
15	89	-0.00123
16	89	-0.00049
17	89	0.00020
18	89	0.00021
19	89	-0.00122
20	89	-0.00157
21	89	0.00054
22	89	-0.00023
23	89	-0.00049
24	89	0.00332
25	89	0.00188
26	89	-0.00083
27	89	0.00039
28	89	0.00024
29	89	-0.00132
30	89	0.00064
31	89	0.00181
32	89	0.00261
33	89	-0.00051
34	89	0.00056
35	89	0.00007
36	89	-0.00006
37	89	-0.00035
38	89	0.00046
39	89	-0.00043
40	89	0.00120
41	89	-0.00047
42	89	-0.00024
43	89	-0.00058
44	89	0.00000
45	89	-0.00004
46	89	-0.00109
47	89	-0.00047
48	89	0.00010
49	89	0.00099
50	89	0.00074
51	89	-0.00421
52	89	0.00027
53	89	-0.00289
54	89	0.00053
55	89	0.00102
56	89	-0.00318
57	89	-0.00244
58	89	-0.00009
59	89	0.00518
60	89	0.00202
61	89	0.00908
62	89	-0.00603
63	89	-0.00061
64	89	-0.00022
65	89	-0.00273
66	89	-0.00086
67	89	-0.00167
68	89	0.00019
69	89	0.00139
70	89	-0.00031
71	89	0.00282
72	89	-0.00445
73	89	0.00561
74	89	-0.00002
75	89	-0.00139
76	89	-0.00136
77	89	-0.00233
78	89	-0.00453
79	89	-0.00245
80	89	-0.00175
81	89	-0.00170
82	89	0.00090
83	89	-0.00307
84	89	0.00501
85	89	0.00362
86	89	-0.00306
87	89	-0.00715
88	89	-0.00551
89	89	-0.99971
90	89	-0.00016
91	89	-0.00006
92	89	0.00005
93	89	0.00003
94	89	-0.00006
95	89	0.00003
96	89	-0.00024
97	89	-0.00001
98	89	0.00006
99	89	0.00000
100	89	0.00001
101	89	-0.00024
102	89	0.00013
103	89	-0.00011
104	89	0.00007
105	89	0.00004
106	89	-0.00002
107	89	0.00005
108	89	-0.00030
1	90	0.00226
2	90	-0.00261
3	90	0.00281
4	90	0.00299
5	90	-0.00272
6	90	-0.00145
7	90	-0.00077
8	90	0.00016
9	90	-0.00112
10	90	-0.00087
11	90	0.00024
12	90	0.00107
13	90	0.00047
14	90	0.00051
15	90	0.00102
16	90	-0.00025
17	90	0.00037
18	90	0.00100
19	90	-0.00025
20	90	0.00008
21	90	0.00061
22	90	-0.00003
23	90	0.00005
24	90	0.00026
25	90	0.00023
26	90	0.00003
27	90	-0.00072
28	90	-0.00034
29	90	0.00186
30	90	0.00030
31	90	-0.00004
32	90	0.00020
33	90	-0.00002
34	90	0.00000
35	90	-0.00168
36	90	-0.00020
37	90	-0.00007
38	90	0.00099
39	90	0.00026
40	90	-0.00004
41	90	0.00002
42	90	-0.00004
43	90	-0.00123
44	90	-0.00000
45	90	0.00009
46	90	-0.00025
47	90	0.00030
48	90	-0.00040
49	90	-0.00029
50	90	-0.00025
51	90	0.00051
52	90	-0.00005
53	90	0.00079
54	90	0.00049
55	90	0.00012
56	90	0.00023
57	90	0.00003
58	90	-0.00008
59	90	0.00008
60	90	-0.00013
61	90	-0.00032
62	90	0.00007
63	90	0.00018
64	90	-0.00047
65	90	0.00042
66	90	-0.00003
67	90	0.00012
68	90	-0.00037
69	90	-0.00058
70	90	0.00011
71	90	0.00003
72	90	0.00067
73	90	0.00007
74	90	-0.00001
75	90	-0.00045
76	90	0.00005
77	90	-0.00023
78	90	0.00016
79	90	-0.00056
80	90	0.00082
81	90	0.00141
82	90	-0.00036
83	90	-0.00011
84	90	0.00000
85	90	0.00016
86	90	-0.00012
87	90	0.00001
88	90	-0.00006
89	90	0.00020
90	90	-0.99986
91	90	0.01073
92	90	-0.00144
93	90	0.00180
94	90	-0.00324
95	90	-0.00033
96	90	-0.00845
97	90	0.00012
98	90	-0.00127
99	90	0.00008
100	90	-0.00138
101	90	-0.00041
102	90	-0.00036
103	90	0.00006
104	90	-0.00001
105	90	-0.00000
106	90	0.00007
107	90	-0.00035
108	90	0.00063
1	91	0.00007
2	91	-0.00005
3	91	-0.00043
4	91	0.00008
5	91	0.00043
6	91	-0.00045
7	91	-0.00024
8	91	-0.00008
9	91	-0.00032
10	91	0.00012
11	91	0.00001
12	91	-0.00016
13	91	-0.00022
14	91	0.00011
15	91	0.00011
16	91	-0.00012
17	91	-0.00003
18	91	-0.00020
19	91	-0.00010
20	91	-0.00015
21	91	-0.00002
22	91	0.00006
23	91	0.00008
24	91	-0.00014
25	91	-0.00013
26	91	-0.00000
27	91	-0.00033
28	91	-0.00017
29	91	-0.00007
30	91	0.00005
31	91	0.00002
32	91	0.00005
33	91	-0.00003
34	91	0.00001
35	91	0.00001
36	91	-0.00002
37	91	-0.00000
38	91	-0.00009
39	91	0.00026
40	91	-0.00006
41	91	0.00002
42	91	-0.00002
43	91	0.00001
44	91	-0.00019
45	91	-0.00002
46	91	-0.00003
47	91	0.00001
48	91	0.00001
49	91	0.00023
50	91	-0.00003
51	91	0.00005
52	91	0.00004
53	91	0.00007
54	91	0.00004
55	91	-0.00005
56	91	0.00062
57	91	0.00025
58	91	0.00020
59	91	-0.00012
60	91	-0.00022
61	91	-0.00014
62	91	-0.00019
63	91	0.00008
64	91	-0.00001
65	91	0.00024
66	91	-0.00000
67	91	0.00026
68	91	0.00007
69	91	0.00001
70	91	0.00108
71	91	0.00024
72	91	0.00009
73	91	-0.00004
74	91	0.00018
75	91	0.00008
76	91	0.00005
77	91	0.00013
78	91	0.00020
79	91	-0.00021
80	91	-0.00019
81	91	0.00007
82	91	-0.00010
83	91	-0.00058
84	91	0.00004
85	91	-0.00012
86	91	0.00056
87	91	0.00097
88	91	-0.00012
89	91	0.00004
90	91	-0.01073
91	91	-0.99966
92	91	0.00051
93	91	-0.00032
94	91	0.00014
95	91	-0.01786
96	91	0.00038
97	91	0.00694
98	91	-0.00015
99	91	0.00014
100	91	-0.00002
101	91	-0.00013
102	91	-0.00075
103	91	-0.00095
104	91	-0.00002
105	91	-0.00005
106	91	0.00008
107	91	0.00002
108	91	-0.00008
1	92	-0.00142
2	92	0.00108
3	92	-0.00317
4	92	-0.00216
5	92	0.00320
6	92	0.00025
7	92	0.00040
8	92	-0.00018
9	92	0.00104
10	92	-0.00099
11	92	-0.00056
12	92	-0.00028
13	92	-0.00010
14	92	-0.00064
15	92	0.00005
16	92	0.00013
17	92	0.00026
18	92	-0.00026
19	92	0.00038
20	92	-0.00004
21	92	0.00096
22	92	0.00037
23	92	-0.00001
24	92	0.00052
25	92	-0.00008
26	92	0.00011
27	92	-0.00010
28	92	0.00014
29	92	0.00079
30	92	-0.00130
31	92	-0.00005
32	92	0.00013
33	92	-0.00007
34	92	0.00011
35	92	-0.00158
36	92	0.00085
37	92	-0.00003
38	92	-0.00039
39	92	-0.00003
40	92	-0.00004
41	92	0.00035
42	92	-0.00001
43	92	-0.00004
44	92	0.00000
45	92	0.00031
46	92	-0.00040
47	92	0.00003
48	92	0.00014
49	92	0.00060
50	92	-0.00110
51	92	0.00024
52	92	-0.00062
53	92	0.00046
54	92	0.00001
55	92	0.00077
56	92	0.00103
57	92	0.00091
58	92	-0.00081
59	92	-0.00102
60	92	0.00138
61	92	0.00076
62	92	-0.00019
63	92	0.00002
64	92	0.00121
65	92	-0.00013
66	92	0.00097
67	92	-0.00018
68	92	0.00046
69	92	-0.00128
70	92	0.00008
71	92	-0.00027
72	92	0.00020
73	92	-0.00027
74	92	0.00000
75	92	-0.00044
76	92	-0.00038
77	92	-0.00050
78	92	-0.00006
79	92	0.00045
80	92	-0.00041
81	92	0.00047
82	92	0.00032
83	92	-0.00001
84	92	0.00047
85	92	-0.00069
86	92	0.00044
87	92	0.00046
88	92	-0.00007
89	92	0.00010
90	92	0.00269
91	92	-0.00063
92	92	-0.82660
93	92	0.54119
94	92	-0.14071
95	92	0.00029
96	92	0.00691
97	92	-0.00002
98	92	-0.04368
99	92	0.03257
100	92	-0.02917
101	92	-0.00210
102	92	0.00191
103	92	-0.00073
104	92	-0.00008
105	92	-0.00006
106	92	-0.00001
107	92	0.00094
108	92	0.00038
1	93	0.00100
2	93	-0.00069
3	93	0.00209
4	93	0.00144
5	93	-0.00104
6	93	-0.00060
7	93	-0.00037
8	93	0.00017
9	93	-0.00071
10	93	-0.00008
11	93	-0.00010
12	93	-0.00053
13	93	0.00053
14	93	0.00056
15	93	-0.00037
16	93	0.00006
17	93	-0.00004
18	93	0.00031
19	93	0.00013
20	93	0.00051
21	93	-0.00043
22	93	-0.00035
23	93	-0.00015
24	93	-0.00043
25	93	-0.00009
26	93	-0.00010
27	93	-0.00006
28	93	-0.00013
29	93	-0.00092
30	93	0.00029
31	93	0.00057
32	93	0.00012
33	93	0.00005
34	93	-0.00004
35	93	0.00050
36	93	-0.00002
37	93	0.00001
38	93	0.00077
39	93	0.00025
40	93	0.00004
41	93	0.00000
42	93	0.00002
43	93	0.00047
44	93	0.00000
45	93	-0.00010
46	93	0.00036
47	93	-0.00015
48	93	0.00010
49	93	-0.00028
50	93	0.00078
51	93	-0.00030
52	93	0.00026
53	93	-0.00033
54	93	0.00016
55	93	-0.00032
56	93	-0.00059
57	93	-0.00052
58	93	0.00019
59	93	0.00055
60	93	-0.00074
61	93	-0.00032
62	93	0.00001
63	93	-0.00003
64	93	-0.00082
65	93	0.00028
66	93	-0.00038
67	93	0.00019
68	93	-0.00022
69	93	0.00098
70	93	-0.00005
71	93	0.00006
72	93	-0.00047
73	93	0.00038
74	93	-0.00000
75	93	0.00004
76	93	0.00013
77	93	0.00006
78	93	0.00010
79	93	-0.00023
80	93	0.00005
81	93	-0.00010
82	93	0.00003
83	93	0.00008
84	93	-0.00027
85	93	0.00042
86	93	-0.00037
87	93	-0.00009
88	93	-0.00009
89	93	0.00001
90	93	-0.00093
91	93	-0.00000
92	93	-0.55782
93	93	-0.82431
94	93	0.08670
95	93	-0.00059
96	93	-0.01181
97	93	0.00004
98	93	0.03517
99	93	-0.01968
100	93	0.01151
101	93	0.00067
102	93	-0.00070
103	93	0.00014
104	93	0.00004
105	93	0.00002
106	93	0.00002
107	93	-0.00037
108	93	0.00031
1	94	0.00005
2	94	0.00004
3	94	-0.00048
4	94	-0.00016
5	94	0.00059
6	94	-0.00016
7	94	0.00002
8	94	-0.00001
9	94	0.00014
10	94	-0.00032
11	94	-0.00019
12	94	-0.00003
13	94	-0.00029
14	94	-0.00056
15	94	0.00005
16	94	0.00019
17	94	0.00009
18	94	0.00009
19	94	0.00006
20	94	0.00014
21	94	0.00036
22	94	-0.00005
23	94	-0.00003
24	94	0.00005
25	94	-0.00006
26	94	0.00000
27	94	-0.00003
28	94	0.00002
29	94	0.00000
30	94	-0.00050
31	94	-0.00011
32	94	0.00030
33	94	0.00000
34	94	0.00002
35	94	-0.00032
36	94	-0.00004
37	94	-0.00002
38	94	-0.00029
39	94	-0.00002
40	94	-0.00001
41	94	0.00007
42	94	0.00001
43	94	0.00002
44	94	-0.00000
45	94	-0.00017
46	94	0.00012
47	94	-0.00005
48	94	0.00005
49	94	0.00008
50	94	-0.00021
51	94	0.00002
52	94	-0.00017
53	94	0.00019
54	94	0.00016
55	94	0.00049
56	94	0.00011
57	94	0.00018
58	94	-0.00046
59	94	0.00014
60	94	-0.00020
61	94	-0.00011
62	94	-0.00018
63	94	0.00009
64	94	0.00009
65	94	-0.00005
66	94	0.00016
67	94	-0.00011
68	94	0.00026
69	94	-0.00041
70	94	-0.00000
71	94	-0.00008
72	94	-0.00010
73	94	0.00013
74	94	-0.00001
75	94	-0.00010
76	94	-0.00004
77	94	-0.00005
78	94	-0.00011
79	94	0.00002
80	94	-0.00009
81	94	-0.00010
82	94	0.00021
83	94	-0.00001
84	94	0.00010
85	94	-0.00002
86	94	-0.00009
87	94	0.00006
88	94	-0.00006
89	94	0.00006
90	94	0.00292
91	94	-0.00007
92	94	0.06971
93	94	-0.15157
94	94	-0.98576
95	94	-0.00097
96	94	-0.01377
97	94	0.00002
98	94	-0.01555
99	94	0.00421
100	94	-0.00501
101	94	-0.00055
102	94	0.00023
103	94	-0.00021
104	94	-0.00001
105	94	-0.00001
106	94	0.00001
107	94	0.00014
108	94	0.00125
1	95	0.00079
2	95	-0.00026
3	95	0.00055
4	95	0.00028
5	95	0.00290
6	95	-0.00121
7	95	-0.00017
8	95	0.00004
9	95	0.00025
10	95	-0.00149
11	95	-0.00139
12	95	-0.00136
13	95	-0.00005
14	95	-0.00078
15	95	-0.00085
16	95	0.00094
17	95	0.00020
18	95	0.00036
19	95	0.00082
20	95	0.00118
21	95	-0.00130
22	95	-0.00022
23	95	-0.00028
24	95	-0.00002
25	95	-0.00017
26	95	-0.00009
27	95	-0.00018
28	95	-0.00006
29	95	-0.00054
30	95	-0.00099
31	95	0.00049
32	95	0.00078
33	95	0.00005
34	95	0.00013
35	95	-0.00088
36	95	-0.00138
37	95	-0.00007
38	95	0.00016
39	95	0.00036
40	95	0.00002
41	95	0.00042
42	95	0.00006
43	95	0.00121
44	95	0.00004
45	95	0.00000
46	95	0.00050
47	95	-0.00047
48	95	-0.00007
49	95	0.00016
50	95	-0.00042
51	95	-0.00032
52	95	-0.00065
53	95	0.00058
54	95	0.00079
55	95	0.00076
56	95	0.00006
57	95	0.00024
58	95	-0.00134
59	95	0.00069
60	95	-0.00089
61	95	-0.00041
62	95	-0.00071
63	95	0.00019
64	95	-0.00089
65	95	0.00022
66	95	0.00049
67	95	0.00003
68	95	-0.00048
69	95	-0.00090
70	95	-0.00003
71	95	-0.00026
72	95	-0.00071
73	95	0.00089
74	95	-0.00001
75	95	0.00014
76	95	-0.00022
77	95	-0.00022
78	95	-0.00024
79	95	-0.00014
80	95	-0.00027
81	95	-0.00019
82	95	0.00060
83	95	0.00007
84	95	0.00002
85	95	0.00065
86	95	-0.00086
87	95	0.00027
88	95	-0.00030
89	95	0.00029
90	95	0.00850
91	95	0.00002
92	95	-0.00018
93	95	0.01553
94	95	0.01151
95	95	-0.02815
96	95	-0.99942
97	95	-0.00010
98	95	0.00252
99	95	0.00157
100	95	0.00197
101	95	-0.00219
102	95	-0.00038
103	95	-0.00032
104	95	-0.00003
105	95	0.00003
106	95	0.00005
107	95	-0.00005
108	95	0.00539
1	96	-0.00015
2	96	-0.00018
3	96	0.00124
4	96	-0.00499
5	96	-0.00131
6	96	-0.00103
7	96	-0.00056
8	96	-0.00009
9	96	-0.00090
10	96	0.00004
11	96	0.00021
12	96	-0.00011
13	96	-0.00020
14	96	0.00009
15	96	-0.00010
16	96	-0.00002
17	96	-0.00112
18	96	0.00011
19	96	-0.00016
20	96	0.00008
21	96	-0.00001
22	96	-0.00011
23	96	-0.00010
24	96	-0.00016
25	96	-0.00005
26	96	-0.00002
27	96	0.00002
28	96	0.00008
29	96	-0.00008
30	96	-0.00013
31	96	-0.00013
32	96	-0.00022
33	96	0.00001
34	96	-0.00006
35	96	-0.00002
36	96	-0.00003
37	96	0.00007
38	96	0.00014
39	96	-0.00046
40	96	0.00005
41	96	0.00013
42	96	0.00001
43	96	-0.00003
44	96	-0.00057
45	96	0.00003
46	96	0.00007
47	96	0.00014
48	96	0.00000
49	96	-0.00028
50	96	-0.00005
51	96	-0.00004
52	96	-0.00005
53	96	-0.00008
54	96	0.00004
55	96	0.00001
56	96	0.00010
57	96	0.00031
58	96	0.00010
59	96	0.00005
60	96	0.00030
61	96	-0.00049
62	96	-0.00014
63	96	-0.00002
64	96	0.00000
65	96	0.00016
66	96	0.00001
67	96	0.00005
68	96	0.00000
69	96	-0.00001
70	96	-0.00010
71	96	0.00049
72	96	-0.00009
73	96	0.00003
74	96	0.00096
75	96	-0.00003
76	96	0.00006
77	96	-0.00016
78	96	-0.00016
79	96	0.00008
80	96	0.00011
81	96	-0.00003
82	96	0.00005
83	96	0.00018
84	96	0.00020
85	96	-0.00008
86	96	0.00006
87	96	0.00027
88	96	-0.00008
89	96	0.00007
90	96	-0.00027
91	96	-0.01750
92	96	-0.00001
93	96	-0.00039
94	96	-0.00053
95	96	0.99871
96	96	-0.02817
97	96	0.03970
98	96	-0.00020
99	96	0.00017
100	96	-0.00005
101	96	0.00074
102	96	0.00003
103	96	-0.00024
104	96	-0.00004
105	96	-0.00002
106	96	0.00001
107	96	-0.00003
108	96	0.00001
1	97	-0.00044
2	97	0.00088
3	97	0.00215
4	97	-0.00045
5	97	-0.00235
6	97	0.00236
7	97	0.00093
8	97	-0.00007
9	97	0.00130
10	97	-0.00072
11	97	-0.00057
12	97	0.00001
13	97	0.00019
14	97	-0.00004
15	97	0.00020
16	97	-0.00025
17	97	0.00027
18	97	0.00029
19	97	0.00006
20	97	-0.00019
21	97	-0.00002
22	97	0.00006
23	97	-0.00043
24	97	0.00001
25	97	-0.00001
26	97	0.00004
27	97	0.00046
28	97	0.00061
29	97	0.00033
30	97	0.00009
31	97	-0.00012
32	97	-0.00054
33	97	-0.00002
34	97	-0.00007
35	97	0.00021
36	97	0.00004
37	97	0.00007
38	97	0.00022
39	97	-0.00029
40	97	0.00003
41	97	-0.00002
42	97	0.00000
43	97	-0.00012
44	97	0.00055
45	97	0.00004
46	97	0.00002
47	97	-0.00009
48	97	0.00002
49	97	0.00012
50	97	0.00008
51	97	-0.00001
52	97	-0.00007
53	97	0.00010
54	97	-0.00003
55	97	0.00001
56	97	0.00010
57	97	0.00019
58	97	0.00007
59	97	-0.00013
60	97	0.00004
61	97	-0.00026
62	97	-0.00012
63	97	0.00003
64	97	-0.00002
65	97	0.00014
66	97	-0.00002
67	97	0.00000
68	97	0.00007
69	97	-0.00005
70	97	-0.00012
71	97	-0.00038
72	97	-0.00014
73	97	0.00022
74	97	-0.00031
75	97	-0.00001
76	97	0.00009
77	97	-0.00017
78	97	-0.00017
79	97	0.00012
80	97	0.00005
81	97	-0.00004
82	97	0.00012
83	97	0.00023
84	97	0.00034
85	97	0.00006
86	97	-0.00016
87	97	0.00002
88	97	-0.00006
89	97	0.00004
90	97	0.00021
91	97	0.00767
92	97	0.00003
93	97	0.00001
94	97	0.00006
95	97	-0.03943
96	97	0.00100
97	97	0.99919
98	97	-0.00087
99	97	0.00050
100	97	-0.00041
101	97	0.00764
102	97	-0.00159
103	97	-0.00180
104	97	0.00001
105	97	0.00004
106	97	-0.00003
107	97	-0.00011
108	97	-0.00000
1	98	0.00021
2	98	0.00019
3	98	0.00358
4	98	0.00035
5	98	0.00343
6	98	-0.00054
7	98	-0.00009
8	98	0.00018
9	98	-0.00027
10	98	-0.00105
11	98	0.00003
12	98	-0.00071
13	98	-0.00089
14	98	0.00012
15	98	0.00040
16	98	-0.00020
17	98	0.00011
18	98	0.00030
19	98	0.00016
20	98	0.00037
21	98	0.00064
22	98	-0.00024
23	98	-0.00003
24	98	-0.00095
25	98	-0.00030
26	98	-0.00008
27	98	-0.00008
28	98	0.00013
29	98	-0.00129
30	98	0.00000
31	98	-0.00020
32	98	0.00056
33	98	0.00010
34	98	0.00013
35	98	-0.00120
36	98	-0.00123
37	98	-0.00006
38	98	0.00063
39	98	0.00021
40	98	0.00005
41	98	0.00019
42	98	0.00004
43	98	0.00117
44	98	-0.00002
45	98	0.00027
46	98	0.00030
47	98	-0.00042
48	98	-0.00051
49	98	-0.00007
50	98	0.00055
51	98	-0.00062
52	98	-0.00003
53	98	-0.00036
54	98	-0.00087
55	98	-0.00139
56	98	-0.00075
57	98	-0.00112
58	98	0.00153
59	98	0.00108
60	98	-0.00164
61	98	-0.00077
62	98	0.00013
63	98	-0.00015
64	98	-0.00134
65	98	0.00064
66	98	-0.00019
67	98	0.00066
68	98	-0.00120
69	98	0.00241
70	98	-0.00006
71	98	0.00013
72	98	-0.00003
73	98	0.00099
74	98	0.00001
75	98	0.00010
76	98	-0.00026
77	98	-0.00086
78	98	0.00119
79	98	0.00058
80	98	-0.00091
81	98	0.00046
82	98	0.00015
83	98	0.00041
84	98	-0.00042
85	98	0.00014
86	98	-0.00002
87	98	-0.00001
88	98	-0.00001
89	98	-0.00006
90	98	0.00097
91	98	0.00009
92	98	0.00647
93	98	-0.03230
94	98	0.01790
95	98	-0.00018
96	98	-0.00307
97	98	-0.00061
98	98	-0.93148
99	98	-0.33158
100	98	0.14607
101	98	-0.00022
102	98	-0.00053
103	98	-0.00013
104	98	0.00004
105	98	0.00018
106	98	-0.00010
107	98	-0.00077
108	98	-0.00015
1	99	-0.00100
2	99	-0.00172
3	99	-0.00437
4	99	0.00043
5	99	-0.00756
6	99	0.00059
7	99	-0.00024
8	99	-0.00018
9	99	-0.00028
10	99	0.00196
11	99	-0.00024
12	99	-0.00015
13	99	0.00209
14	99	0.00045
15	99	-0.00127
16	99	0.00060
17	99	-0.00012
18	99	-0.00020
19	99	-0.00018
20	99	-0.00063
21	99	-0.00117
22	99	0.00048
23	99	0.00004
24	99	0.00064
25	99	0.00006
26	99	0.00016
27	99	0.00018
28	99	-0.00016
29	99	0.00088
30	99	-0.00035
31	99	0.00101
32	99	-0.00046
33	99	-0.00010
34	99	-0.00020
35	99	0.00149
36	99	0.00163
37	99	0.00012
38	99	0.00060
39	99	0.00010
40	99	-0.00003
41	99	-0.00017
42	99	-0.00002
43	99	-0.00106
44	99	0.00002
45	99	-0.00045
46	99	-0.00008
47	99	0.00042
48	99	0.00064
49	99	-0.00003
50	99	-0.00030
51	99	0.00073
52	99	0.00025
53	99	0.00021
54	99	0.00106
55	99	0.00174
56	99	0.00071
57	99	0.00102
58	99	-0.00107
59	99	-0.00139
60	99	0.00214
61	99	0.00106
62	99	-0.00025
63	99	0.00018
64	99	0.00086
65	99	-0.00079
66	99	-0.00011
67	99	-0.00095
68	99	0.00179
69	99	-0.00306
70	99	0.00007
71	99	-0.00021
72	99	-0.00018
73	99	-0.00148
74	99	-0.00001
75	99	0.00016
76	99	0.00024
77	99	0.00098
78	99	-0.00132
79	99	-0.00089
80	99	0.00121
81	99	-0.00053
82	99	-0.00039
83	99	-0.00044
84	99	0.00033
85	99	0.00007
86	99	-0.00028
87	99	0.00006
88	99	-0.00001
89	99	0.00018
90	99	-0.00030
91	99	-0.00019
92	99	-0.01613
93	99	0.04198
94	99	-0.01537
95	99	0.00016
96	99	-0.00054
97	99	0.00068
98	99	0.30260
99	99	-0.93460
100	99	-0.18093
101	99	-0.00093
102	99	-0.00240
103	99	0.00064
104	99	-0.00020
105	99	-0.00029
106	99	0.00029
107	99	0.00043
108	99	-0.00029
1	100	0.00077
2	100	0.00131
3	100	0.00369
4	100	-0.00034
5	100	0.00621
6	100	-0.00047
7	100	0.00019
8	100	0.00018
9	100	0.00017
10	100	-0.00154
11	100	0.00042
12	100	0.00026
13	100	-0.00214
14	100	-0.00060
15	100	0.00139
16	100	-0.00054
17	100	0.00013
18	100	0.00022
19	100	0.00000
20	100	0.00037
21	100	0.00153
22	100	-0.00037
23	100	0.00002
24	100	-0.00063
25	100	-0.00007
26	100	-0.00011
27	100	-0.00018
28	100	0.00015
29	100	-0.00088
30	100	0.00008
31	100	-0.00167
32	100	0.00088
33	100	0.00010
34	100	0.00018
35	100	-0.00126
36	100	-0.00142
37	100	-0.00010
38	100	-0.00098
39	100	-0.00020
40	100	0.00002
41	100	0.00015
42	100	0.00002
43	100	0.00110
44	100	-0.00003
45	100	0.00079
46	100	-0.00007
47	100	-0.00029
48	100	-0.00020
49	100	-0.00001
50	100	0.00026
51	100	-0.00063
52	100	-0.00016
53	100	-0.00033
54	100	-0.00152
55	100	-0.00198
56	100	-0.00059
57	100	-0.00095
58	100	0.00130
59	100	0.00105
60	100	-0.00168
61	100	-0.00085
62	100	0.00028
63	100	-0.00018
64	100	-0.00091
65	100	0.00061
66	100	0.00020
67	100	0.00072
68	100	-0.00149
69	100	0.00253
70	100	-0.00006
71	100	0.00020
72	100	0.00030
73	100	0.00124
74	100	0.00000
75	100	-0.00015
76	100	-0.00015
77	100	-0.00074
78	100	0.00108
79	100	0.00088
80	100	-0.00112
81	100	0.00080
82	100	0.00027
83	100	0.00042
84	100	-0.00033
85	100	-0.00021
86	100	0.00039
87	100	-0.00008
88	100	0.00007
89	100	-0.00017
90	100	0.00154
91	100	0.00007
92	100	0.02173
93	100	-0.03791
94	100	0.01589
95	100	-0.00016
96	100	-0.00279
97	100	-0.00064
98	100	-0.19471
99	100	0.12298
100	100	-0.97211
101	100	0.00081
102	100	0.00254
103	100	-0.00065
104	100	0.00016
105	100	0.00025
106	100	-0.00024
107	100	-0.00050
108	100	-0.00036
1	101	-0.00003
2	101	0.00001
3	101	-0.00006
4	101	0.00023
5	101	-0.00021
6	101	0.00006
7	101	0.00004
8	101	0.00027
9	101	-0.00009
10	101	-0.00014
11	101	0.00001
12	101	0.00001
13	101	-0.00013
14	101	0.00013
15	101	-0.00006
16	101	0.00007
17	101	-0.00019
18	101	-0.00001
19	101	-0.00002
20	101	0.00025
21	101	-0.00006
22	101	-0.00011
23	101	-0.00006
24	101	-0.00018
25	101	-0.00004
26	101	-0.00003
27	101	0.00023
28	101	0.00017
29	101	-0.00015
30	101	-0.00016
31	101	-0.00019
32	101	-0.00052
33	101	0.00001
34	101	0.00069
35	101	0.00003
36	101	0.00001
37	101	-0.00011
38	101	-0.00004
39	101	-0.00003
40	101	0.00001
41	101	0.00013
42	101	0.00001
43	101	-0.00003
44	101	-0.00003
45	101	0.00000
46	101	-0.00002
47	101	0.00002
48	101	0.00000
49	101	0.00021
50	101	0.00001
51	101	-0.00000
52	101	0.00000
53	101	-0.00014
54	101	0.00013
55	101	0.00004
56	101	0.00048
57	101	0.00069
58	101	0.00028
59	101	-0.00023
60	101	-0.00004
61	101	-0.00046
62	101	-0.00022
63	101	0.00003
64	101	0.00000
65	101	0.00001
66	101	-0.00002
67	101	0.00014
68	101	0.00007
69	101	0.00009
70	101	-0.00008
71	101	0.00026
72	101	0.00008
73	101	0.00031
74	101	-0.00002
75	101	0.00019
76	101	0.00040
77	101	-0.00009
78	101	0.00016
79	101	-0.00023
80	101	-0.00020
81	101	0.00016
82	101	0.00027
83	101	-0.00082
84	101	-0.00072
85	101	-0.00028
86	101	0.00009
87	101	-0.00007
88	101	-0.00001
89	101	0.00017
90	101	-0.00031
91	101	-0.00070
92	101	0.00124
93	101	-0.00158
94	101	0.00060
95	101	-0.00005
96	101	-0.00011
97	101	0.00252
98	101	0.00081
99	101	-0.00266
100	101	0.00209
101	101	-0.12288
102	101	0.99232
103	101	-0.01313
104	101	-0.00021
105	101	-0.00034
106	101	0.00011
107	101	0.00272
108	101	-0.00008
1	102	0.00004
2	102	-0.00018
3	102	-0.00139
4	102	-0.00039
5	102	0.00097
6	102	-0.00094
7	102	-0.00024
8	102	0.00131
9	102	-0.00065
10	102	0.00093
11	102	0.00016
12	102	-0.00027
13	102	0.00003
14	102	0.00002
15	102	-0.00018
16	102	0.00012
17	102	-0.00004
18	102	-0.00006
19	102	-0.00032
20	102	0.00012
21	102	0.00001
22	102	-0.00028
23	102	-0.00085
24	102	0.00030
25	102	0.00016
26	102	-0.00001
27	102	-0.00034
28	102	0.00060
29	102	-0.00043
30	102	-0.00010
31	102	0.00020
32	102	0.00047
33	102	0.00000
34	102	0.00002
35	102	-0.00000
36	102	-0.00003
37	102	-0.00032
38	102	0.00003
39	102	-0.00014
40	102	-0.00000
41	102	0.00027
42	102	-0.00002
43	102	-0.00023
44	102	0.00002
45	102	-0.00007
46	102	-0.00025
47	102	0.00007
48	102	0.00003
49	102	0.00106
50	102	0.00018
51	102	0.00027
52	102	0.00015
53	102	0.00000
54	102	0.00011
55	102	0.00005
56	102	0.00059
57	102	0.00062
58	102	0.00026
59	102	-0.00031
60	102	-0.00026
61	102	-0.00006
62	102	-0.00016
63	102	0.00006
64	102	0.00003
65	102	-0.00014
66	102	-0.00001
67	102	0.00006
68	102	0.00005
69	102	-0.00006
70	102	0.00004
71	102	-0.00055
72	102	0.00055
73	102	0.00002
74	102	0.00001
75	102	-0.00026
76	102	-0.00048
77	102	0.00002
78	102	-0.00003
79	102	0.00029
80	102	0.00039
81	102	0.00012
82	102	-0.00012
83	102	0.00067
84	102	0.00063
85	102	-0.00065
86	102	0.00080
87	102	0.00048
88	102	0.00019
89	102	0.00022
90	102	0.00044
91	102	0.00015
92	102	0.00116
93	102	-0.00146
94	102	0.00079
95	102	0.00050
96	102	0.00215
97	102	0.00757
98	102	-0.00028
99	102	0.00136
100	102	-0.00090
101	102	-0.98661
102	102	-0.12075
103	102	0.10922
104	102	0.00082
105	102	0.00067
106	102	-0.00083
107	102	0.00008
108	102	-0.00012
1	103	-0.00002
2	103	-0.00007
3	103	-0.00076
4	103	-0.00011
5	103	0.00047
6	103	-0.00055
7	103	-0.00023
8	103	0.00035
9	103	-0.00042
10	103	0.00069
11	103	0.00014
12	103	-0.00016
13	103	-0.00000
14	103	0.00004
15	103	-0.00002
16	103	-0.00002
17	103	-0.00029
18	103	0.00001
19	103	-0.00018
20	103	0.00002
21	103	0.00004
22	103	-0.00012
23	103	-0.00013
24	103	0.00024
25	103	0.00009
26	103	0.00002
27	103	0.00010
28	103	0.00018
29	103	-0.00020
30	103	-0.00006
31	103	0.00006
32	103	0.00003
33	103	-0.00003
34	103	-0.00002
35	103	0.00004
36	103	-0.00002
37	103	-0.00051
38	103	0.00011
39	103	-0.00040
40	103	-0.00000
41	103	0.00045
42	103	-0.00003
43	103	-0.00013
44	103	-0.00015
45	103	-0.00003
46	103	-0.00010
47	103	0.00010
48	103	-0.00001
49	103	0.00016
50	103	-0.00010
51	103	0.00006
52	103	0.00006
53	103	0.00003
54	103	0.00008
55	103	-0.00001
56	103	0.00088
57	103	0.00044
58	103	0.00028
59	103	-0.00042
60	103	-0.00062
61	103	0.00021
62	103	-0.00012
63	103	0.00024
64	103	0.00000
65	103	0.00008
66	103	-0.00004
67	103	0.00013
68	103	0.00007
69	103	-0.00003
70	103	-0.00005
71	103	-0.00011
72	103	0.00031
73	103	-0.00002
74	103	0.00005
75	103	-0.00004
76	103	-0.00005
77	103	-0.00004
78	103	0.00000
79	103	0.00002
80	103	0.00010
81	103	0.00009
82	103	-0.00018
83	103	-0.00010
84	103	-0.00022
85	103	-0.00024
86	103	0.00042
87	103	0.00012
88	103	0.00004
89	103	0.00013
90	103	0.00001
91	103	0.00098
92	103	0.00060
93	103	-0.00056
94	103	0.00038
95	103	-0.00007
96	103	0.00056
97	103	-0.00102
98	103	0.00045
99	103	-0.00048
100	103	0.00040
101	103	-0.10681
102	103	-0.02638
103	103	-0.99394
104	103	-0.00073
105	103	-0.00015
106	103	-0.00011
107	103	0.00046
108	103	-0.00015
1	104	0.00104
2	104	-0.00083
3	104	-0.00024
4	104	-0.00008
5	104	0.00014
6	104	0.00035
7	104	-0.00017
8	104	-0.00005
9	104	-0.00045
10	104	0.00019
11	104	-0.00024
12	104	0.00004
13	104	0.00010
14	104	-0.00001
15	104	0.00008
16	104	0.00014
17	104	-0.00001
18	104	-0.00010
19	104	0.00016
20	104	-0.00012
21	104	0.00016
22	104	-0.00007
23	104	0.00002
24	104	0.00016
25	104	0.00018
26	104	0.00012
27	104	-0.00003
28	104	-0.00000
29	104	0.00016
30	104	0.00014
31	104	0.00009
32	104	0.00020
33	104	-0.00027
34	104	-0.00001
35	104	-0.00001
36	104	0.00004
37	104	0.00000
38	104	-0.00001
39	104	0.00006
40	104	0.00026
41	104	0.00005
42	104	0.00054
43	104	0.00008
44	104	0.00000
45	104	0.00000
46	104	0.00015
47	104	0.00003
48	104	-0.00001
49	104	0.00003
50	104	-0.00005
51	104	-0.00001
52	104	0.00010
53	104	0.00001
54	104	0.00001
55	104	-0.00001
56	104	-0.00003
57	104	-0.00005
58	104	-0.00002
59	104	-0.00004
60	104	0.00001
61	104	0.00004
62	104	-0.00011
63	104	0.00003
64	104	-0.00000
65	104	-0.00016
66	104	0.00003
67	104	0.00010
68	104	0.00000
69	104	0.00003
70	104	0.00001
71	104	0.00000
72	104	0.00012
73	104	-0.00000
74	104	-0.00000
75	104	-0.00013
76	104	-0.00012
77	104	-0.00017
78	104	-0.00027
79	104	-0.00019
80	104	-0.00020
81	104	-0.00003
82	104	-0.00006
83	104	-0.00006
84	104	0.00013
85	104	-0.00001
86	104	-0.00006
87	104	-0.00010
88	104	-0.00000
89	104	-0.00006
90	104	0.00002
91	104	0.00003
92	104	0.00004
93	104	-0.00008
94	104	0.00003
95	104	-0.00004
96	104	0.00003
97	104	0.00002
98	104	-0.00014
99	104	0.00022
100	104	-0.00012
101	104	-0.00078
102	104	-0.00029
103	104	0.00083
104	104	-0.99573
105	104	-0.08790
106	104	0.02449
107	104	-0.01381
108	104	-0.00000
1	105	-0.00081
2	105	0.00049
3	105	0.00056
4	105	-0.00007
5	105	-0.00012
6	105	0.00020
7	105	-0.00014
8	105	0.00002
9	105	0.00039
10	105	-0.00029
11	105	0.00023
12	105	-0.00022
13	105	-0.00003
14	105	-0.00013
15	105	-0.00012
16	105	-0.00016
17	105	0.00005
18	105	0.00012
19	105	-0.00012
20	105	0.00018
21	105	-0.00008
22	105	-0.00006
23	105	0.00002
24	105	-0.00002
25	105	-0.00028
26	105	0.00038
27	105	0.00005
28	105	0.00005
29	105	-0.00002
30	105	-0.00006
31	105	-0.00011
32	105	-0.00010
33	105	0.00009
34	105	-0.00001
35	105	-0.00001
36	105	-0.00003
37	105	-0.00000
38	105	0.00001
39	105	-0.00001
40	105	0.00025
41	105	-0.00007
42	105	0.00039
43	105	-0.00023
44	105	-0.00000
45	105	0.00017
46	105	0.00013
47	105	-0.00002
48	105	0.00003
49	105	0.00003
50	105	0.00001
51	105	-0.00011
52	105	0.00007
53	105	-0.00005
54	105	0.00003
55	105	-0.00001
56	105	-0.00015
57	105	-0.00015
58	105	-0.00005
59	105	-0.00018
60	105	-0.00008
61	105	-0.00004
62	105	-0.00019
63	105	0.00002
64	105	-0.00001
65	105	-0.00014
66	105	0.00005
67	105	0.00023
68	105	0.00004
69	105	-0.00002
70	105	-0.00002
71	105	0.00002
72	105	0.00004
73	105	-0.00004
74	105	0.00000
75	105	-0.00004
76	105	-0.00004
77	105	-0.00006
78	105	-0.00008
79	105	-0.00009
80	105	-0.00009
81	105	0.00000
82	105	0.00001
83	105	0.00001
84	105	0.00004
85	105	-0.00015
86	105	-0.00016
87	105	0.00002
88	105	-0.00005
89	105	-0.00005
90	105	0.00002
91	105	0.00005
92	105	0.00004
93	105	-0.00006
94	105	0.00002
95	105	-0.00003
96	105	-0.00003
97	105	0.00003
98	105	-0.00028
99	105	0.00022
100	105	-0.00016
101	105	-0.00055
102	105	-0.00037
103	105	0.00014
104	105	0.08793
105	105	-0.99608
106	105	-0.00455
107	105	-0.00787
108	105	0.00001
1	106	-0.00059
2	106	0.00137
3	106	0.00051
4	106	0.00020
5	106	0.00015
6	106	-0.00007
7	106	0.00017
8	106	0.00002
9	106	-0.00017
10	106	-0.00005
11	106	0.00022
12	106	0.00001
13	106	-0.00017
14	106	0.00007
15	106	-0.00013
16	106	-0.00002
17	106	-0.00008
18	106	-0.00001
19	106	-0.00014
20	106	0.00011
21	106	-0.00009
22	106	0.00001
23	106	-0.00005
24	106	-0.00033
25	106	-0.00001
26	106	-0.00000
27	106	-0.00001
28	106	-0.00004
29	106	0.00002
30	106	-0.00007
31	106	-0.00011
32	106	-0.00019
33	106	-0.00003
34	106	0.00001
35	106	-0.00002
36	106	0.00000
37	106	0.00000
38	106	-0.00003
39	106	-0.00003
40	106	-0.00027
41	106	0.00001
42	106	-0.00020
43	106	0.00021
44	106	-0.00001
45	106	-0.00027
46	106	-0.00045
47	106	0.00001
48	106	0.00003
49	106	-0.00008
50	106	0.00007
51	106	-0.00019
52	106	0.00014
53	106	0.00019
54	106	-0.00002
55	106	-0.00001
56	106	0.00003
57	106	0.00006
58	106	0.00003
59	106	-0.00002
60	106	-0.00001
61	106	-0.00010
62	106	0.00007
63	106	-0.00001
64	106	0.00001
65	106	0.00018
66	106	-0.00006
67	106	-0.00022
68	106	-0.00002
69	106	0.00001
70	106	-0.00002
71	106	0.00000
72	106	-0.00011
73	106	0.00007
74	106	0.00001
75	106	0.00014
76	106	0.00012
77	106	0.00016
78	106	0.00024
79	106	0.00009
80	106	0.00010
81	106	0.00001
82	106	0.00000
83	106	0.00018
84	106	-0.00029
85	106	0.00009
86	106	0.00008
87	106	0.00019
88	106	0.00006
89	106	-0.00005
90	106	-0.00006
91	106	-0.00008
92	106	-0.00002
93	106	0.00002
94	106	-0.00002
95	106	0.00000
96	106	-0.00003
97	106	-0.00005
98	106	0.00023
99	106	-0.00027
100	106	0.00016
101	106	0.00079
102	106	0.00022
103	106	0.00003
104	106	-0.02473
105	106	0.00243
106	106	-0.99968
107	106	-0.00542
108	106	-0.00001
1	107	0.00024
2	107	0.00045
3	107	-0.00044
4	107	0.00042
5	107	0.00019
6	107	-0.00061
7	107	0.00047
8	107	-0.00000
9	107	-0.00051
10	107	0.00030
11	107	-0.00000
12	107	0.00048
13	107	-0.00015
14	107	0.00034
15	107	0.00026
16	107	0.00005
17	107	-0.00012
18	107	0.00002
19	107	0.00007
20	107	-0.00036
21	107	-0.00024
22	107	-0.00019
23	107	0.00001
24	107	-0.00038
25	107	-0.00004
26	107	0.00024
27	107	-0.00011
28	107	-0.00015
29	107	-0.00014
30	107	-0.00027
31	107	-0.00007
32	107	-0.00027
33	107	-0.00072
34	107	0.00001
35	107	-0.00005
36	107	0.00004
37	107	0.00005
38	107	-0.00004
39	107	-0.00004
40	107	-0.00066
41	107	-0.00006
42	107	-0.00055
43	107	0.00030
44	107	-0.00000
45	107	-0.00042
46	107	-0.00094
47	107	-0.00030
48	107	0.00010
49	107	-0.00043
50	107	0.00055
51	107	-0.00100
52	107	0.00034
53	107	0.00137
54	107	-0.00034
55	107	0.00008
56	107	0.00020
57	107	0.00039
58	107	0.00013
59	107	0.00053
60	107	0.00022
61	107	-0.00006
62	107	0.00077
63	107	-0.00015
64	107	0.00002
65	107	0.00041
66	107	-0.00019
67	107	-0.00107
68	107	-0.00032
69	107	-0.00001
70	107	-0.00001
71	107	0.00018
72	107	-0.00034
73	107	-0.00024
74	107	0.00001
75	107	0.00035
76	107	0.00036
77	107	0.00039
78	107	0.00057
79	107	0.00041
80	107	0.00034
81	107	-0.00005
82	107	-0.00021
83	107	0.00001
84	107	-0.00029
85	107	0.00092
86	107	0.00051
87	107	-0.00028
88	107	-0.00037
89	107	-0.00009
90	107	0.00035
91	107	-0.00003
92	107	-0.00058
93	107	0.00085
94	107	-0.00032
95	107	-0.00001
96	107	0.00008
97	107	-0.00010
98	107	0.00088
99	107	-0.00018
100	107	0.00027
101	107	-0.00046
102	107	0.00269
103	107	-0.00049
104	107	0.01321
105	107	0.00904
106	107	0.00511
107	107	-0.99983
108	107	0.00003
1	108	0.00193
2	108	-0.00068
3	108	-0.00206
4	108	0.00000
5	108	0.00278
6	108	-0.00073
7	108	0.00100
8	108	-0.00031
9	108	-0.00037
10	108	0.00146
11	108	0.00036
12	108	-0.00027
13	108	-0.00066
14	108	0.00041
15	108	-0.00051
16	108	-0.00034
17	108	-0.00023
18	108	-0.00021
19	108	0.00017
20	108	0.00023
21	108	0.00016
22	108	0.00169
23	108	-0.00019
24	108	0.00084
25	108	0.00118
26	108	0.00107
27	108	-0.00041
28	108	-0.00027
29	108	-0.00077
30	108	-0.00065
31	108	0.00070
32	108	0.00070
33	108	0.00017
34	108	0.00014
35	108	-0.00091
36	108	-0.00081
37	108	0.00000
38	108	-0.00043
39	108	0.00018
40	108	-0.00011
41	108	0.00032
42	108	0.00005
43	108	0.00109
44	108	0.00004
45	108	0.00078
46	108	-0.00014
47	108	-0.00001
48	108	0.00021
49	108	0.00029
50	108	0.00037
51	108	-0.00131
52	108	-0.00078
53	108	-0.00089
54	108	-0.00040
55	108	0.00032
56	108	-0.00056
57	108	-0.00023
58	108	-0.00015
59	108	0.00022
60	108	-0.00005
61	108	-0.00021
62	108	0.00075
63	108	0.00004
64	108	0.00003
65	108	0.00042
66	108	0.00016
67	108	0.00003
68	108	-0.00008
69	108	-0.00012
70	108	0.00010
71	108	0.00028
72	108	0.00001
73	108	-0.00035
74	108	-0.00003
75	108	-0.00030
76	108	-0.00017
77	108	-0.00043
78	108	-0.00043
79	108	0.00012
80	108	0.00036
81	108	0.00000
82	108	-0.00006
83	108	-0.00086
84	108	0.00081
85	108	0.00053
86	108	-0.00041
87	108	-0.00027
88	108	0.00003
89	108	-0.00004
90	108	-0.00056
91	108	0.00009
92	108	-0.00043
93	108	-0.00009
94	108	-0.00125
95	108	-0.00013
96	108	-0.00546
97	108	-0.00000
98	108	-0.00002
99	108	0.00041
100	108	0.00029
101	108	0.00014
102	108	-0.00007
103	108	0.00014
104	108	0.00000
105	108	-0.00002
106	108	-0.00000
107	108	-0.00003
108	108	-0.99996
