Row	Col.	Element
1	1	-0.95636
2	1	0.12199
3	1	0.04070
4	1	0.09397
5	1	0.01099
6	1	0.01097
7	1	0.08268
8	1	0.04961
9	1	-0.02143
10	1	-0.04071
11	1	0.02627
12	1	-0.02460
13	1	0.00308
14	1	0.03498
15	1	0.00251
16	1	-0.02823
17	1	-0.00470
18	1	0.02923
19	1	-0.00093
20	1	-0.00458
21	1	0.00597
22	1	-0.00907
23	1	-0.00979
24	1	0.00412
25	1	0.00423
26	1	-0.00353
27	1	0.00315
28	1	0.01016
29	1	-0.00557
30	1	-0.01276
31	1	-0.00296
32	1	0.00094
33	1	-0.00219
34	1	0.00197
35	1	-0.00034
36	1	0.00110
37	1	0.00014
38	1	0.00401
39	1	0.00006
40	1	0.00069
41	1	-0.00025
42	1	0.00190
43	1	0.00615
44	1	0.00179
45	1	-0.00569
46	1	0.00807
47	1	0.00442
48	1	0.01442
49	1	-0.00030
50	1	-0.00472
51	1	0.00003
52	1	0.00005
53	1	-0.00178
54	1	0.00079
55	1	0.00681
56	1	-0.00748
57	1	0.00296
58	1	0.00713
59	1	0.00934
60	1	0.01188
61	1	0.00087
62	1	0.01107
63	1	0.00020
64	1	0.00715
65	1	-0.00366
66	1	-0.01237
67	1	0.00061
68	1	-0.00111
69	1	0.00918
70	1	0.00672
71	1	0.00139
72	1	0.00333
73	1	0.00300
74	1	-0.00919
75	1	-0.00766
76	1	-0.00011
77	1	-0.00011
78	1	0.00002
79	1	-0.00012
80	1	-0.00001
81	1	0.00018
82	1	0.00020
83	1	0.00007
84	1	-0.00015
85	1	0.00034
86	1	0.00021
87	1	0.00010
88	1	-0.00027
1	2	-0.08519
2	2	-0.95812
3	2	0.01706
4	2	0.03113
5	2	0.00365
6	2	-0.00010
7	2	0.00307
8	2	0.00040
9	2	0.00896
10	2	0.00846
11	2	0.00262
12	2	0.01428
13	2	0.00182
14	2	-0.00413
15	2	0.00987
16	2	-0.00251
17	2	-0.00080
18	2	0.00156
19	2	0.00213
20	2	-0.00053
21	2	0.00324
22	2	0.00185
23	2	0.00132
24	2	0.01466
25	2	0.00146
26	2	-0.00199
27	2	0.00050
28	2	0.01225
29	2	-0.00393
30	2	-0.00358
31	2	-0.00140
32	2	-0.00057
33	2	-0.00100
34	2	-0.00007
35	2	0.00041
36	2	-0.00023
37	2	0.00045
38	2	-0.00171
39	2	0.00004
40	2	-0.00161
41	2	-0.00006
42	2	0.00680
43	2	-0.00053
44	2	0.00155
45	2	-0.00135
46	2	0.00336
47	2	-0.00052
48	2	0.00457
49	2	0.00011
50	2	-0.00942
51	2	0.00138
52	2	-0.00012
53	2	-0.00225
54	2	-0.00122
55	2	0.00442
56	2	-0.00516
57	2	-0.00054
58	2	0.00026
59	2	0.00026
60	2	-0.00212
61	2	-0.00002
62	2	-0.00373
63	2	0.00462
64	2	0.00523
65	2	-0.00034
66	2	-0.00058
67	2	-0.00040
68	2	-0.00075
69	2	-0.00492
70	2	0.00185
71	2	0.00141
72	2	-0.00215
73	2	0.00681
74	2	0.00470
75	2	0.00295
76	2	-0.00001
77	2	0.00002
78	2	0.00004
79	2	0.00001
80	2	-0.00002
81	2	-0.00008
82	2	-0.00014
83	2	0.00007
84	2	0.00003
85	2	0.00005
86	2	-0.00019
87	2	0.00000
88	2	0.00007
1	3	-0.00337
2	3	0.06651
3	3	1.04173
4	3	0.07934
5	3	0.03203
6	3	0.00774
7	3	0.00546
8	3	-0.00062
9	3	0.01656
10	3	0.01086
11	3	0.00864
12	3	0.02373
13	3	0.00795
14	3	0.00613
15	3	0.00663
16	3	-0.01056
17	3	-0.00218
18	3	0.00464
19	3	-0.01195
20	3	-0.00039
21	3	0.00928
22	3	0.00766
23	3	0.00113
24	3	0.01301
25	3	0.00333
26	3	-0.01646
27	3	-0.00753
28	3	0.03814
29	3	-0.00465
30	3	-0.00244
31	3	-0.00016
32	3	-0.00270
33	3	-0.00352
34	3	0.00127
35	3	-0.00031
36	3	-0.00083
37	3	0.00001
38	3	-0.00441
39	3	-0.00281
40	3	-0.01007
41	3	0.00017
42	3	0.00649
43	3	0.00568
44	3	0.00559
45	3	-0.00879
46	3	0.00882
47	3	-0.00020
48	3	0.00925
49	3	-0.00167
50	3	-0.01142
51	3	0.00081
52	3	0.00091
53	3	0.00066
54	3	-0.00273
55	3	0.00516
56	3	-0.00142
57	3	-0.00009
58	3	0.00324
59	3	0.00078
60	3	0.00050
61	3	-0.00052
62	3	-0.00069
63	3	0.00698
64	3	0.00363
65	3	-0.00179
66	3	-0.00250
67	3	-0.00123
68	3	-0.00011
69	3	-0.00407
70	3	0.00130
71	3	0.00100
72	3	-0.00133
73	3	0.00376
74	3	-0.00216
75	3	0.00287
76	3	-0.00005
77	3	0.00015
78	3	0.00004
79	3	-0.00002
80	3	-0.00014
81	3	-0.00011
82	3	0.00000
83	3	0.00030
84	3	-0.00005
85	3	0.00016
86	3	0.00010
87	3	-0.00005
88	3	0.00031
1	4	0.00720
2	4	-0.01778
3	4	-0.01548
4	4	1.01132
5	4	0.03722
6	4	-0.04201
7	4	0.07052
8	4	0.03721
9	4	0.03337
10	4	-0.06577
11	4	-0.01042
12	4	0.02733
13	4	-0.02824
14	4	-0.01697
15	4	-0.00439
16	4	-0.01465
17	4	-0.00213
18	4	0.00379
19	4	0.01271
20	4	0.00095
21	4	0.00043
22	4	0.00047
23	4	-0.00557
24	4	-0.00390
25	4	-0.00159
26	4	-0.00765
27	4	-0.00349
28	4	0.01199
29	4	-0.00408
30	4	-0.00611
31	4	-0.00124
32	4	-0.00115
33	4	-0.00110
34	4	0.00007
35	4	-0.00008
36	4	-0.00199
37	4	0.00011
38	4	0.00050
39	4	-0.00019
40	4	-0.00084
41	4	-0.00017
42	4	0.00390
43	4	0.00396
44	4	0.00274
45	4	-0.00378
46	4	0.00384
47	4	0.00034
48	4	0.00087
49	4	-0.00036
50	4	-0.00458
51	4	0.00007
52	4	-0.00072
53	4	-0.00103
54	4	0.00044
55	4	0.00340
56	4	-0.00273
57	4	0.00208
58	4	-0.00093
59	4	0.00023
60	4	0.00410
61	4	-0.00043
62	4	0.00616
63	4	0.00420
64	4	0.00330
65	4	-0.00050
66	4	-0.00107
67	4	0.00058
68	4	0.00010
69	4	0.00434
70	4	0.00516
71	4	0.00058
72	4	0.00023
73	4	0.00090
74	4	-0.00067
75	4	0.00041
76	4	-0.00001
77	4	-0.00006
78	4	-0.00002
79	4	-0.00001
80	4	-0.00001
81	4	-0.00002
82	4	0.00012
83	4	0.00004
84	4	-0.00002
85	4	-0.00003
86	4	-0.00002
87	4	0.00004
88	4	0.00010
1	5	0.03864
2	5	0.05063
3	5	0.00814
4	5	-0.01794
5	5	0.95638
6	5	-0.11773
7	5	-0.22074
8	5	-0.08679
9	5	-0.25790
10	5	-0.00674
11	5	-0.04756
12	5	-0.00522
13	5	0.01895
14	5	-0.00353
15	5	0.01076
16	5	0.01152
17	5	-0.00066
18	5	0.00164
19	5	-0.02732
20	5	-0.00063
21	5	0.00258
22	5	-0.00689
23	5	0.00770
24	5	-0.00183
25	5	-0.00402
26	5	0.00117
27	5	-0.00351
28	5	-0.00629
29	5	-0.00308
30	5	-0.01092
31	5	-0.00102
32	5	0.00201
33	5	-0.00082
34	5	-0.00073
35	5	-0.00039
36	5	0.00268
37	5	0.00018
38	5	0.00122
39	5	0.00048
40	5	0.00268
41	5	-0.00040
42	5	-0.00056
43	5	0.00035
44	5	-0.00148
45	5	-0.00128
46	5	-0.00577
47	5	0.00349
48	5	-0.00466
49	5	0.00109
50	5	0.00110
51	5	0.00008
52	5	0.00055
53	5	0.00018
54	5	0.00065
55	5	0.00035
56	5	-0.00365
57	5	0.00251
58	5	0.00162
59	5	0.00192
60	5	-0.00182
61	5	-0.00042
62	5	-0.00512
63	5	0.00693
64	5	-0.00250
65	5	-0.00023
66	5	-0.00237
67	5	-0.00014
68	5	-0.00046
69	5	-0.00298
70	5	-0.00547
71	5	-0.00071
72	5	0.00084
73	5	-0.00112
74	5	-0.00254
75	5	-0.00340
76	5	-0.00001
77	5	-0.00003
78	5	-0.00009
79	5	-0.00002
80	5	-0.00000
81	5	0.00011
82	5	0.00007
83	5	-0.00008
84	5	-0.00011
85	5	0.00007
86	5	0.00003
87	5	0.00002
88	5	-0.00021
1	6	0.00609
2	6	0.00033
3	6	-0.00162
4	6	0.04667
5	6	0.11584
6	6	0.99105
7	6	-0.01162
8	6	0.00464
9	6	-0.02188
10	6	-0.03473
11	6	-0.02644
12	6	0.00931
13	6	-0.00145
14	6	0.00085
15	6	-0.00082
16	6	-0.00174
17	6	-0.00069
18	6	0.00201
19	6	0.00105
20	6	0.00206
21	6	0.00116
22	6	-0.00212
23	6	0.00106
24	6	0.00125
25	6	0.00089
26	6	-0.00111
27	6	-0.00182
28	6	0.00278
29	6	-0.00055
30	6	-0.00169
31	6	0.00173
32	6	0.00021
33	6	-0.00045
34	6	-0.00128
35	6	-0.00011
36	6	0.00031
37	6	-0.00062
38	6	-0.00006
39	6	-0.00012
40	6	-0.00021
41	6	-0.00021
42	6	0.00003
43	6	0.00083
44	6	0.00015
45	6	-0.00049
46	6	0.00094
47	6	0.00022
48	6	0.00063
49	6	-0.00125
50	6	-0.00180
51	6	0.00010
52	6	0.00031
53	6	-0.00021
54	6	0.00052
55	6	0.00071
56	6	-0.00083
57	6	0.00120
58	6	0.00089
59	6	0.00031
60	6	0.00109
61	6	-0.00023
62	6	0.00140
63	6	0.00054
64	6	0.00125
65	6	0.00012
66	6	-0.00069
67	6	0.00039
68	6	-0.00008
69	6	0.00068
70	6	0.00069
71	6	0.00021
72	6	-0.00005
73	6	0.00091
74	6	-0.00005
75	6	-0.00010
76	6	-0.00000
77	6	0.00005
78	6	0.00002
79	6	-0.00000
80	6	0.00003
81	6	-0.00001
82	6	0.00000
83	6	0.00001
84	6	0.00011
85	6	0.00001
86	6	0.00000
87	6	-0.00002
88	6	0.00001
1	7	-0.02649
2	7	0.01737
3	7	0.00839
4	7	0.02731
5	7	-0.07612
6	7	0.00416
7	7	-0.86907
8	7	-0.26581
9	7	0.44252
10	7	0.00758
11	7	0.06319
12	7	-0.05764
13	7	-0.04623
14	7	-0.03803
15	7	0.00826
16	7	0.01941
17	7	-0.00157
18	7	-0.00526
19	7	-0.01559
20	7	-0.00017
21	7	-0.00249
22	7	0.00474
23	7	-0.01198
24	7	-0.00443
25	7	0.00462
26	7	0.00444
27	7	-0.00374
28	7	-0.01221
29	7	0.00071
30	7	-0.00051
31	7	0.00023
32	7	-0.00348
33	7	0.00132
34	7	0.00106
35	7	0.00018
36	7	0.00053
37	7	-0.00018
38	7	0.00048
39	7	0.00052
40	7	0.00165
41	7	0.00027
42	7	-0.00495
43	7	-0.00301
44	7	-0.00276
45	7	0.00325
46	7	-0.00488
47	7	0.00314
48	7	-0.00736
49	7	0.00143
50	7	0.00580
51	7	-0.00043
52	7	-0.00069
53	7	0.00095
54	7	0.00117
55	7	-0.00244
56	7	0.00190
57	7	-0.00084
58	7	-0.00205
59	7	-0.00081
60	7	-0.00203
61	7	-0.00010
62	7	-0.00379
63	7	0.00304
64	7	-0.00634
65	7	0.00104
66	7	0.00113
67	7	0.00018
68	7	0.00066
69	7	-0.00154
70	7	-0.00793
71	7	-0.00053
72	7	0.00031
73	7	-0.00540
74	7	-0.00287
75	7	-0.00186
76	7	0.00003
77	7	-0.00000
78	7	-0.00008
79	7	0.00003
80	7	0.00002
81	7	0.00001
82	7	0.00001
83	7	-0.00003
84	7	0.00002
85	7	-0.00002
86	7	-0.00002
87	7	0.00007
88	7	-0.00003
1	8	-0.00653
2	8	0.00891
3	8	0.00515
4	8	0.00024
5	8	0.01216
6	8	0.00676
7	8	0.30548
8	8	-0.95328
9	8	0.04748
10	8	0.00997
11	8	0.00552
12	8	-0.01676
13	8	-0.02526
14	8	-0.01067
15	8	0.00595
16	8	0.00780
17	8	-0.00044
18	8	-0.00066
19	8	-0.00722
20	8	0.00014
21	8	0.00238
22	8	0.00052
23	8	-0.00347
24	8	-0.00638
25	8	0.00025
26	8	0.00331
27	8	-0.00326
28	8	-0.00656
29	8	0.00253
30	8	-0.00197
31	8	-0.00035
32	8	-0.00103
33	8	-0.00226
34	8	0.00005
35	8	-0.00069
36	8	0.00095
37	8	0.00006
38	8	0.00043
39	8	-0.00038
40	8	0.00125
41	8	0.00003
42	8	-0.00219
43	8	-0.00053
44	8	-0.00159
45	8	-0.00024
46	8	-0.00233
47	8	0.00061
48	8	-0.00368
49	8	0.00083
50	8	0.00231
51	8	0.00001
52	8	-0.00023
53	8	0.00179
54	8	0.00052
55	8	-0.00064
56	8	0.00106
57	8	0.00005
58	8	-0.00004
59	8	0.00114
60	8	-0.00102
61	8	-0.00012
62	8	-0.00142
63	8	0.00112
64	8	-0.00234
65	8	0.00017
66	8	-0.00033
67	8	0.00014
68	8	-0.00030
69	8	-0.00032
70	8	-0.00285
71	8	-0.00020
72	8	0.00032
73	8	-0.00208
74	8	-0.00126
75	8	-0.00130
76	8	-0.00001
77	8	-0.00001
78	8	-0.00003
79	8	-0.00000
80	8	0.00001
81	8	0.00002
82	8	0.00003
83	8	-0.00007
84	8	-0.00001
85	8	0.00005
86	8	0.00003
87	8	0.00002
88	8	-0.00019
1	9	0.01956
2	9	-0.00610
3	9	-0.01682
4	9	0.05295
5	9	-0.31930
6	9	0.00735
7	9	-0.37956
8	9	-0.18104
9	9	-0.83722
10	9	-0.07847
11	9	0.11404
12	9	-0.00078
13	9	0.09580
14	9	0.05202
15	9	-0.00348
16	9	-0.00352
17	9	-0.00111
18	9	-0.00745
19	9	-0.01876
20	9	-0.00349
21	9	0.00253
22	9	-0.00138
23	9	0.00776
24	9	0.00884
25	9	0.00685
26	9	0.00636
27	9	0.02519
28	9	-0.00885
29	9	0.00332
30	9	0.00480
31	9	-0.00010
32	9	0.00224
33	9	0.00094
34	9	0.00201
35	9	0.00001
36	9	-0.00859
37	9	-0.00060
38	9	-0.00190
39	9	0.00026
40	9	0.00086
41	9	0.00035
42	9	-0.00047
43	9	-0.00630
44	9	-0.00181
45	9	0.00399
46	9	-0.00030
47	9	-0.00138
48	9	-0.00272
49	9	-0.00063
50	9	0.00322
51	9	-0.00015
52	9	0.00071
53	9	0.00071
54	9	-0.00041
55	9	-0.00289
56	9	0.00194
57	9	-0.00615
58	9	-0.00017
59	9	-0.00188
60	9	-0.00216
61	9	0.00046
62	9	-0.00223
63	9	-0.00106
64	9	-0.00541
65	9	0.00091
66	9	0.00214
67	9	-0.00085
68	9	0.00017
69	9	-0.00163
70	9	-0.00459
71	9	-0.00044
72	9	-0.00065
73	9	-0.00119
74	9	0.00104
75	9	0.00042
76	9	0.00002
77	9	0.00009
78	9	0.00009
79	9	0.00001
80	9	-0.00002
81	9	-0.00007
82	9	-0.00004
83	9	-0.00004
84	9	0.00004
85	9	-0.00005
86	9	-0.00009
87	9	-0.00002
88	9	-0.00002
1	10	-0.00096
2	10	-0.00913
3	10	0.01722
4	10	-0.05013
5	10	-0.00007
6	10	-0.02860
7	10	0.05133
8	10	0.01600
9	10	0.08727
10	10	-0.98827
11	10	-0.03863
12	10	-0.05470
13	10	0.03476
14	10	0.06564
15	10	-0.01091
16	10	-0.00549
17	10	-0.00131
18	10	0.00203
19	10	-0.00800
20	10	-0.00020
21	10	0.00746
22	10	-0.00141
23	10	0.00318
24	10	0.02836
25	10	-0.00003
26	10	0.00732
27	10	-0.00061
28	10	-0.00015
29	10	0.00378
30	10	0.00767
31	10	0.00225
32	10	0.00167
33	10	0.00007
34	10	0.00046
35	10	-0.00008
36	10	0.00233
37	10	-0.00036
38	10	0.00083
39	10	-0.00007
40	10	0.00018
41	10	-0.00011
42	10	-0.00031
43	10	-0.00653
44	10	-0.00310
45	10	0.00598
46	10	0.00138
47	10	-0.00437
48	10	0.00726
49	10	-0.00015
50	10	-0.00190
51	10	-0.00001
52	10	-0.00024
53	10	-0.00014
54	10	-0.00096
55	10	-0.00327
56	10	0.00063
57	10	-0.00179
58	10	0.00075
59	10	-0.00051
60	10	0.00257
61	10	-0.00046
62	10	0.00472
63	10	-0.00107
64	10	0.00042
65	10	-0.00145
66	10	-0.00029
67	10	0.00082
68	10	0.00014
69	10	0.00058
70	10	0.00063
71	10	0.00179
72	10	-0.00135
73	10	0.00342
74	10	0.00249
75	10	0.00137
76	10	0.00000
77	10	0.00002
78	10	0.00008
79	10	0.00001
80	10	-0.00007
81	10	0.00003
82	10	-0.00008
83	10	0.00001
84	10	-0.00007
85	10	-0.00002
86	10	-0.00010
87	10	0.00006
88	10	0.00002
1	11	-0.03107
2	11	-0.01335
3	11	-0.00532
4	11	-0.01921
5	11	-0.09327
6	11	-0.02012
7	11	-0.10657
8	11	-0.05303
9	11	-0.04076
10	11	0.04710
11	11	-0.98435
12	11	-0.02147
13	11	0.09306
14	11	0.04625
15	11	0.02824
16	11	0.02060
17	11	0.00084
18	11	-0.00527
19	11	-0.00108
20	11	-0.02434
21	11	-0.00303
22	11	0.00018
23	11	0.00114
24	11	-0.00230
25	11	0.00970
26	11	0.00321
27	11	0.01773
28	11	-0.00801
29	11	0.00200
30	11	0.00344
31	11	0.00243
32	11	-0.00025
33	11	0.00169
34	11	0.00354
35	11	0.00041
36	11	-0.00132
37	11	0.00066
38	11	-0.00148
39	11	0.00032
40	11	0.00029
41	11	-0.00338
42	11	-0.00094
43	11	-0.00479
44	11	0.00085
45	11	0.00145
46	11	0.00093
47	11	0.00037
48	11	-0.00548
49	11	-0.00126
50	11	0.00389
51	11	-0.00000
52	11	0.00022
53	11	0.00054
54	11	-0.00024
55	11	-0.00264
56	11	0.00188
57	11	-0.00269
58	11	-0.00140
59	11	-0.00243
60	11	-0.00255
61	11	-0.00011
62	11	-0.00282
63	11	-0.00161
64	11	-0.00416
65	11	0.00120
66	11	0.00301
67	11	-0.00086
68	11	0.00018
69	11	-0.00179
70	11	-0.00303
71	11	-0.00044
72	11	0.00004
73	11	-0.00299
74	11	0.00087
75	11	0.00095
76	11	0.00003
77	11	-0.00004
78	11	0.00002
79	11	0.00003
80	11	-0.00000
81	11	-0.00003
82	11	-0.00003
83	11	-0.00003
84	11	-0.00001
85	11	-0.00007
86	11	-0.00005
87	11	-0.00007
88	11	0.00003
1	12	0.04061
2	12	-0.00825
3	12	0.00166
4	12	-0.00541
5	12	-0.00242
6	12	-0.00610
7	12	-0.03383
8	12	-0.03273
9	12	0.09893
10	12	-0.02147
11	12	0.02393
12	12	0.89643
13	12	0.40442
14	12	0.17771
15	12	0.01695
16	12	-0.00641
17	12	-0.00026
18	12	-0.00275
19	12	-0.00249
20	12	-0.00016
21	12	0.00485
22	12	-0.00753
23	12	0.02488
24	12	0.01848
25	12	0.00019
26	12	0.00453
27	12	0.00162
28	12	0.00320
29	12	0.00241
30	12	0.00545
31	12	0.00103
32	12	0.00348
33	12	-0.00087
34	12	-0.00032
35	12	-0.00035
36	12	-0.00214
37	12	-0.00034
38	12	-0.00106
39	12	-0.00059
40	12	-0.00122
41	12	0.00015
42	12	0.00061
43	12	-0.00566
44	12	-0.00172
45	12	0.00361
46	12	0.00041
47	12	-0.00224
48	12	0.00255
49	12	0.00059
50	12	0.00013
51	12	-0.00020
52	12	-0.00062
53	12	0.00065
54	12	-0.00165
55	12	-0.00205
56	12	0.00196
57	12	-0.00066
58	12	-0.00003
59	12	-0.00119
60	12	0.00257
61	12	-0.00101
62	12	0.00396
63	12	0.00094
64	12	-0.00016
65	12	-0.00161
66	12	0.00066
67	12	0.00021
68	12	0.00051
69	12	0.00158
70	12	0.00223
71	12	0.00124
72	12	-0.00052
73	12	-0.00063
74	12	-0.00027
75	12	0.00121
76	12	-0.00002
77	12	0.00002
78	12	-0.00003
79	12	-0.00001
80	12	-0.00006
81	12	-0.00008
82	12	0.00007
83	12	0.00002
84	12	-0.00002
85	12	0.00002
86	12	0.00004
87	12	0.00005
88	12	0.00004
1	13	-0.03573
2	13	-0.00908
3	13	-0.00466
4	13	-0.03467
5	13	-0.02009
6	13	-0.00785
7	13	-0.03034
8	13	0.00392
9	13	-0.08612
10	13	-0.04128
11	13	-0.07439
12	13	0.37683
13	13	-0.89985
14	13	0.17249
15	13	-0.01013
16	13	-0.00143
17	13	-0.00069
18	13	-0.00171
19	13	-0.01865
20	13	-0.00349
21	13	0.00423
22	13	0.00984
23	13	-0.02060
24	13	0.01331
25	13	0.00435
26	13	0.01031
27	13	0.00539
28	13	-0.00726
29	13	0.00608
30	13	0.00604
31	13	0.00098
32	13	-0.00115
33	13	-0.00163
34	13	0.00133
35	13	-0.00153
36	13	0.00043
37	13	-0.00009
38	13	-0.00009
39	13	-0.00064
40	13	0.00115
41	13	-0.00038
42	13	0.00018
43	13	-0.00584
44	13	-0.00331
45	13	0.00522
46	13	0.00014
47	13	-0.00451
48	13	0.00338
49	13	-0.00070
50	13	0.00164
51	13	-0.00004
52	13	0.00027
53	13	0.00069
54	13	0.00030
55	13	0.00022
56	13	0.00221
57	13	-0.00690
58	13	-0.00009
59	13	-0.00056
60	13	0.00015
61	13	0.00032
62	13	0.00099
63	13	-0.00165
64	13	-0.00157
65	13	0.00033
66	13	0.00089
67	13	0.00076
68	13	0.00027
69	13	0.00231
70	13	0.00100
71	13	0.00022
72	13	-0.00087
73	13	0.00026
74	13	0.00127
75	13	0.00055
76	13	-0.00003
77	13	-0.00000
78	13	0.00006
79	13	-0.00002
80	13	-0.00001
81	13	-0.00000
82	13	0.00009
83	13	-0.00006
84	13	-0.00001
85	13	0.00000
86	13	0.00007
87	13	-0.00000
88	13	-0.00005
1	14	-0.02685
2	14	-0.00411
3	14	-0.00482
4	14	-0.03354
5	14	-0.02539
6	14	-0.00509
7	14	-0.01637
8	14	-0.00312
9	14	-0.06091
10	14	-0.07589
11	14	-0.05594
12	14	0.22450
13	14	-0.07123
14	14	-0.96261
15	14	0.01584
16	14	-0.00584
17	14	0.00087
18	14	-0.00642
19	14	-0.02166
20	14	-0.00370
21	14	0.00375
22	14	0.01772
23	14	-0.01430
24	14	0.03135
25	14	0.00557
26	14	0.00956
27	14	0.00775
28	14	-0.00700
29	14	0.00102
30	14	0.00610
31	14	0.00135
32	14	-0.00012
33	14	0.00234
34	14	0.00126
35	14	0.00155
36	14	-0.00096
37	14	-0.00025
38	14	-0.00127
39	14	0.00078
40	14	-0.00021
41	14	-0.00049
42	14	-0.00163
43	14	-0.01120
44	14	-0.00659
45	14	0.01051
46	14	-0.00610
47	14	-0.00250
48	14	0.00419
49	14	0.00007
50	14	0.00638
51	14	-0.00074
52	14	0.00014
53	14	0.00014
54	14	-0.00068
55	14	-0.00020
56	14	0.00335
57	14	-0.00280
58	14	0.00005
59	14	-0.00157
60	14	-0.00076
61	14	0.00021
62	14	-0.00223
63	14	0.00194
64	14	0.00069
65	14	-0.00004
66	14	0.00107
67	14	0.00110
68	14	0.00089
69	14	0.00210
70	14	0.00371
71	14	-0.00021
72	14	-0.00032
73	14	-0.00427
74	14	-0.00225
75	14	0.00019
76	14	0.00002
77	14	-0.00003
78	14	-0.00026
79	14	0.00004
80	14	-0.00002
81	14	-0.00002
82	14	0.00013
83	14	0.00002
84	14	-0.00001
85	14	-0.00005
86	14	0.00017
87	14	0.00003
88	14	0.00010
1	15	0.02154
2	15	-0.00296
3	15	0.01955
4	15	0.00077
5	15	0.00838
6	15	0.00283
7	15	0.01520
8	15	0.01152
9	15	-0.00593
10	15	-0.00900
11	15	0.02571
12	15	-0.02643
13	15	-0.01611
14	15	0.02140
15	15	0.98122
16	15	-0.20784
17	15	-0.00552
18	15	-0.02320
19	15	-0.04098
20	15	0.00655
21	15	0.00639
22	15	-0.00611
23	15	0.00604
24	15	-0.00169
25	15	-0.00618
26	15	0.00058
27	15	-0.01052
28	15	-0.00314
29	15	0.00045
30	15	-0.00578
31	15	-0.00095
32	15	0.00428
33	15	-0.00138
34	15	-0.00136
35	15	-0.00110
36	15	0.00087
37	15	-0.00015
38	15	0.00159
39	15	-0.00032
40	15	0.00127
41	15	0.00018
42	15	-0.00023
43	15	-0.00091
44	15	-0.00197
45	15	0.00181
46	15	-0.00289
47	15	-0.00036
48	15	0.00064
49	15	0.00217
50	15	0.00175
51	15	-0.00073
52	15	-0.00057
53	15	0.00055
54	15	0.00049
55	15	0.00595
56	15	0.00214
57	15	-0.00195
58	15	0.00183
59	15	0.00206
60	15	0.00006
61	15	-0.00082
62	15	-0.00091
63	15	0.00100
64	15	0.00115
65	15	-0.00185
66	15	-0.00172
67	15	0.00080
68	15	0.00044
69	15	0.00471
70	15	0.00198
71	15	0.00071
72	15	0.00108
73	15	-0.00199
74	15	-0.00395
75	15	-0.00278
76	15	-0.00004
77	15	-0.00006
78	15	-0.00009
79	15	-0.00007
80	15	-0.00001
81	15	0.00008
82	15	0.00012
83	15	-0.00001
84	15	-0.00008
85	15	0.00006
86	15	0.00005
87	15	0.00009
88	15	-0.00011
1	16	0.01911
2	16	-0.00766
3	16	0.05302
4	16	0.01113
5	16	-0.00299
6	16	0.00288
7	16	0.03009
8	16	0.02268
9	16	-0.02670
10	16	-0.00070
11	16	0.01790
12	16	-0.00718
13	16	-0.00243
14	16	0.00454
15	16	0.21092
16	16	0.97056
17	16	0.00153
18	16	-0.02536
19	16	-0.00667
20	16	0.00363
21	16	0.00352
22	16	-0.01569
23	16	0.00392
24	16	0.00948
25	16	-0.00448
26	16	0.00687
27	16	-0.00832
28	16	-0.01160
29	16	-0.00051
30	16	-0.00453
31	16	-0.00096
32	16	0.00661
33	16	0.00095
34	16	-0.00060
35	16	-0.00012
36	16	0.00359
37	16	0.00016
38	16	0.00368
39	16	0.00070
40	16	0.00283
41	16	0.00018
42	16	0.00057
43	16	-0.00014
44	16	-0.00064
45	16	0.00142
46	16	0.00149
47	16	-0.00044
48	16	0.00358
49	16	0.00236
50	16	-0.00046
51	16	-0.00088
52	16	-0.00041
53	16	-0.00230
54	16	0.00108
55	16	-0.00075
56	16	-0.00439
57	16	0.00027
58	16	0.00323
59	16	0.00276
60	16	0.00354
61	16	0.00001
62	16	0.00265
63	16	-0.00096
64	16	-0.00000
65	16	-0.00276
66	16	-0.00325
67	16	0.00073
68	16	-0.00022
69	16	0.00126
70	16	-0.00177
71	16	0.00167
72	16	0.00127
73	16	0.00272
74	16	-0.00271
75	16	-0.00455
76	16	0.00001
77	16	-0.00004
78	16	0.00010
79	16	-0.00005
80	16	0.00001
81	16	0.00013
82	16	0.00004
83	16	-0.00004
84	16	-0.00010
85	16	-0.00007
86	16	-0.00003
87	16	0.00009
88	16	0.00002
1	17	0.00104
2	17	-0.00050
3	17	-0.00036
4	17	-0.00031
5	17	-0.00004
6	17	0.00001
7	17	0.00267
8	17	0.00126
9	17	0.00135
10	17	0.00135
11	17	-0.00060
12	17	0.00162
13	17	0.00133
14	17	-0.00126
15	17	-0.00208
16	17	0.00584
17	17	-0.99968
18	17	0.01407
19	17	-0.00030
20	17	-0.00139
21	17	0.00102
22	17	0.00287
23	17	0.00121
24	17	0.00326
25	17	0.00020
26	17	0.00030
27	17	0.00010
28	17	0.00071
29	17	0.00013
30	17	0.00006
31	17	0.00083
32	17	0.00007
33	17	-0.00012
34	17	-0.00053
35	17	-0.00004
36	17	-0.00012
37	17	-0.00004
38	17	0.00023
39	17	-0.00009
40	17	-0.00022
41	17	-0.00010
42	17	0.00027
43	17	0.00037
44	17	-0.00039
45	17	0.00008
46	17	-0.00032
47	17	-0.00033
48	17	0.00039
49	17	-0.00041
50	17	-0.00019
51	17	0.00003
52	17	-0.00128
53	17	0.00011
54	17	-0.00018
55	17	0.00002
56	17	0.00001
57	17	0.00041
58	17	-0.00040
59	17	0.00026
60	17	-0.00016
61	17	-0.00126
62	17	-0.00023
63	17	-0.00030
64	17	0.00053
65	17	-0.00079
66	17	0.00002
67	17	0.00012
68	17	-0.00006
69	17	0.00007
70	17	0.00042
71	17	0.00139
72	17	0.00022
73	17	0.00019
74	17	0.00018
75	17	0.00016
76	17	-0.00000
77	17	-0.00003
78	17	0.00002
79	17	-0.00000
80	17	-0.00000
81	17	0.00003
82	17	0.00001
83	17	0.00000
84	17	0.00003
85	17	0.00000
86	17	0.00000
87	17	-0.00001
88	17	-0.00001
1	18	0.00180
2	18	-0.00230
3	18	0.00810
4	18	0.00153
5	18	-0.00073
6	18	0.00003
7	18	0.00342
8	18	0.00304
9	18	-0.00491
10	18	0.00065
11	18	0.00294
12	18	-0.00003
13	18	0.00007
14	18	-0.00186
15	18	0.03428
16	18	0.02424
17	18	0.01375
18	18	1.00030
19	18	-0.00381
20	18	0.00138
21	18	0.00120
22	18	-0.00664
23	18	-0.00005
24	18	0.00401
25	18	-0.00102
26	18	0.00058
27	18	-0.00130
28	18	-0.00171
29	18	0.00039
30	18	0.00212
31	18	0.00046
32	18	0.00112
33	18	0.00134
34	18	-0.00016
35	18	0.00060
36	18	0.00070
37	18	-0.00003
38	18	0.00079
39	18	0.00054
40	18	0.00016
41	18	0.00011
42	18	0.00149
43	18	0.00029
44	18	0.00063
45	18	-0.00020
46	18	0.00276
47	18	-0.00036
48	18	0.00264
49	18	-0.00008
50	18	-0.00232
51	18	0.00017
52	18	-0.00010
53	18	-0.00154
54	18	0.00032
55	18	-0.00065
56	18	-0.00163
57	18	-0.00236
58	18	0.00025
59	18	0.00042
60	18	0.00237
61	18	-0.00004
62	18	0.00233
63	18	-0.00052
64	18	-0.00065
65	18	-0.00047
66	18	-0.00087
67	18	0.00017
68	18	0.00007
69	18	-0.00003
70	18	-0.00050
71	18	0.00064
72	18	-0.00026
73	18	0.00275
74	18	0.00094
75	18	-0.00023
76	18	0.00001
77	18	0.00001
78	18	0.00010
79	18	0.00004
80	18	-0.00000
81	18	0.00001
82	18	-0.00000
83	18	0.00001
84	18	-0.00001
85	18	0.00000
86	18	-0.00002
87	18	0.00000
88	18	0.00003
1	19	-0.00144
2	19	-0.00697
3	19	-0.00207
4	19	-0.01216
5	19	0.00324
6	19	-0.00306
7	19	-0.00884
8	19	-0.00327
9	19	-0.01563
10	19	-0.01952
11	19	-0.00054
12	19	0.00963
13	19	-0.01493
14	19	-0.00715
15	19	0.03729
16	19	-0.01462
17	19	-0.00066
18	19	0.00185
19	19	1.00132
20	19	0.00473
21	19	0.00536
22	19	-0.01019
23	19	-0.01030
24	19	0.03006
25	19	0.00152
26	19	0.01125
27	19	-0.00097
28	19	-0.00959
29	19	0.00769
30	19	0.02009
31	19	0.00363
32	19	0.00329
33	19	0.00286
34	19	0.00003
35	19	0.00101
36	19	-0.00067
37	19	-0.00077
38	19	0.00099
39	19	0.00090
40	19	-0.00001
41	19	0.00003
42	19	0.00529
43	19	-0.01078
44	19	-0.00483
45	19	0.01023
46	19	0.00290
47	19	-0.00601
48	19	0.01099
49	19	-0.00071
50	19	-0.00322
51	19	0.00005
52	19	-0.00036
53	19	-0.00160
54	19	0.00050
55	19	0.00412
56	19	0.00454
57	19	-0.01903
58	19	-0.00069
59	19	-0.00042
60	19	0.00008
61	19	-0.00109
62	19	0.00069
63	19	-0.00715
64	19	-0.00243
65	19	-0.00035
66	19	0.00031
67	19	0.00107
68	19	0.00092
69	19	0.00272
70	19	0.00216
71	19	0.00123
72	19	-0.00155
73	19	0.00458
74	19	0.00313
75	19	0.00181
76	19	-0.00000
77	19	-0.00002
78	19	0.00003
79	19	-0.00000
80	19	-0.00001
81	19	-0.00001
82	19	0.00015
83	19	-0.00003
84	19	-0.00003
85	19	-0.00003
86	19	0.00011
87	19	0.00002
88	19	0.00004
1	20	-0.01005
2	20	-0.00199
3	20	-0.00417
4	20	-0.00375
5	20	-0.00537
6	20	-0.00275
7	20	-0.00737
8	20	-0.00384
9	20	-0.00205
10	20	0.00160
11	20	-0.02366
12	20	0.00286
13	20	0.00210
14	20	-0.00087
15	20	-0.00762
16	20	-0.00123
17	20	-0.00157
18	20	-0.00247
19	20	-0.00531
20	20	0.99803
21	20	0.00092
22	20	-0.02146
23	20	-0.02737
24	20	0.00743
25	20	0.03788
26	20	0.00247
27	20	0.01403
28	20	-0.00198
29	20	-0.00016
30	20	0.00164
31	20	-0.00183
32	20	-0.00052
33	20	0.00070
34	20	-0.00180
35	20	0.00032
36	20	-0.00044
37	20	-0.00099
38	20	0.00030
39	20	0.00010
40	20	-0.00010
41	20	0.00336
42	20	0.00038
43	20	-0.00132
44	20	-0.00084
45	20	0.00141
46	20	0.00034
47	20	-0.00007
48	20	-0.00037
49	20	-0.00160
50	20	0.00108
51	20	0.00000
52	20	0.00093
53	20	-0.00012
54	20	0.00063
55	20	-0.00048
56	20	0.00018
57	20	-0.00078
58	20	0.00007
59	20	-0.00088
60	20	-0.00005
61	20	-0.00038
62	20	-0.00016
63	20	-0.00015
64	20	-0.00065
65	20	0.00039
66	20	0.00066
67	20	0.00017
68	20	0.00008
69	20	0.00011
70	20	-0.00024
71	20	-0.00054
72	20	-0.00011
73	20	-0.00127
74	20	-0.00024
75	20	0.00016
76	20	0.00001
77	20	-0.00011
78	20	-0.00001
79	20	0.00001
80	20	-0.00009
81	20	0.00008
82	20	0.00004
83	20	0.00000
84	20	-0.00013
85	20	-0.00001
86	20	0.00001
87	20	0.00009
88	20	0.00002
1	21	-0.00375
2	21	-0.00023
3	21	-0.00233
4	21	0.00117
5	21	0.00018
6	21	0.00039
7	21	0.00191
8	21	-0.00240
9	21	-0.00296
10	21	-0.00977
11	21	0.00115
12	21	0.00619
13	21	-0.00111
14	21	0.00263
15	21	0.00533
16	21	0.00046
17	21	-0.00056
18	21	0.00109
19	21	0.00455
20	21	0.00190
21	21	-0.99559
22	21	0.06620
23	21	-0.01394
24	21	0.05364
25	21	-0.00048
26	21	-0.00196
27	21	0.00012
28	21	-0.00082
29	21	-0.01055
30	21	0.00673
31	21	0.00188
32	21	0.00061
33	21	0.00688
34	21	-0.00004
35	21	0.00476
36	21	-0.00073
37	21	-0.00021
38	21	0.00008
39	21	0.00091
40	21	-0.00054
41	21	-0.00023
42	21	-0.00052
43	21	-0.00453
44	21	-0.00181
45	21	0.00528
46	21	-0.00228
47	21	0.00125
48	21	0.00327
49	21	-0.00013
50	21	0.00193
51	21	-0.00059
52	21	-0.00019
53	21	-0.00248
54	21	-0.00035
55	21	-0.00019
56	21	0.00054
57	21	-0.00070
58	21	-0.00072
59	21	-0.00121
60	21	0.00024
61	21	-0.00016
62	21	-0.00174
63	21	-0.00063
64	21	0.00046
65	21	0.00005
66	21	0.00048
67	21	0.00015
68	21	0.00103
69	21	-0.00021
70	21	0.00084
71	21	-0.00017
72	21	0.00010
73	21	-0.00102
74	21	-0.00099
75	21	-0.00003
76	21	0.00005
77	21	-0.00002
78	21	-0.00014
79	21	0.00005
80	21	0.00001
81	21	0.00001
82	21	0.00001
83	21	0.00006
84	21	0.00000
85	21	-0.00008
86	21	0.00001
87	21	0.00002
88	21	0.00023
1	22	-0.01835
2	22	0.00720
3	22	-0.01408
4	22	-0.00435
5	22	0.00086
6	22	0.00036
7	22	-0.00772
8	22	-0.00331
9	22	-0.00400
10	22	-0.00667
11	22	-0.00242
12	22	0.01005
13	22	0.02107
14	22	0.01461
15	22	0.00293
16	22	0.01171
17	22	0.00381
18	22	0.00329
19	22	0.01089
20	22	0.02101
21	22	0.06247
22	22	0.99264
23	22	-0.07658
24	22	-0.07934
25	22	0.00131
26	22	-0.00167
27	22	0.00164
28	22	-0.00447
29	22	-0.00053
30	22	-0.00493
31	22	-0.00183
32	22	-0.00053
33	22	-0.00112
34	22	0.00117
35	22	-0.00044
36	22	-0.00258
37	22	0.00004
38	22	0.00158
39	22	-0.00016
40	22	0.00014
41	22	-0.00014
42	22	-0.00451
43	22	-0.00232
44	22	-0.00037
45	22	0.00032
46	22	-0.00624
47	22	0.00286
48	22	-0.00644
49	22	0.00052
50	22	0.00437
51	22	-0.00041
52	22	-0.00076
53	22	0.00175
54	22	-0.00193
55	22	-0.00048
56	22	0.00252
57	22	0.00422
58	22	-0.00271
59	22	-0.00061
60	22	-0.00002
61	22	-0.00135
62	22	-0.00018
63	22	0.00450
64	22	-0.00072
65	22	0.00035
66	22	0.00087
67	22	-0.00028
68	22	0.00058
69	22	0.00076
70	22	-0.00039
71	22	-0.00096
72	22	0.00065
73	22	-0.00469
74	22	-0.00229
75	22	0.00008
76	22	-0.00001
77	22	-0.00011
78	22	-0.00022
79	22	0.00002
80	22	0.00007
81	22	0.00018
82	22	0.00012
83	22	0.00000
84	22	-0.00007
85	22	0.00002
86	22	0.00001
87	22	0.00021
88	22	-0.00000
1	23	-0.03666
2	23	0.01089
3	23	-0.03139
4	23	-0.00744
5	23	0.00681
6	23	-0.00029
7	23	-0.00188
8	23	0.00037
9	23	-0.00976
10	23	-0.01209
11	23	0.00495
12	23	0.01605
13	23	0.03072
14	23	0.01331
15	23	0.00516
16	23	0.01166
17	23	0.00056
18	23	-0.00151
19	23	-0.00671
20	23	-0.02897
21	23	0.00557
22	23	-0.08393
23	23	-0.98898
24	23	-0.06043
25	23	-0.01859
26	23	-0.00898
27	23	0.01257
28	23	0.00907
29	23	-0.00076
30	23	-0.00135
31	23	-0.00081
32	23	0.00106
33	23	-0.00138
34	23	-0.00145
35	23	-0.00033
36	23	-0.00009
37	23	-0.00014
38	23	-0.00330
39	23	-0.00042
40	23	-0.00097
41	23	0.00005
42	23	0.00179
43	23	0.00436
44	23	-0.00031
45	23	-0.00219
46	23	-0.00184
47	23	0.00015
48	23	-0.00051
49	23	-0.00091
50	23	0.00064
51	23	0.00043
52	23	0.00009
53	23	0.00078
54	23	0.00148
55	23	-0.00116
56	23	0.00020
57	23	0.00192
58	23	-0.00161
59	23	-0.00064
60	23	-0.00188
61	23	0.00108
62	23	-0.00133
63	23	-0.00024
64	23	0.00081
65	23	0.00225
66	23	0.00085
67	23	0.00070
68	23	-0.00045
69	23	-0.00123
70	23	0.00219
71	23	-0.00085
72	23	-0.00113
73	23	-0.00032
74	23	0.00190
75	23	0.00193
76	23	0.00001
77	23	0.00007
78	23	0.00001
79	23	0.00003
80	23	-0.00002
81	23	-0.00018
82	23	-0.00007
83	23	0.00003
84	23	0.00014
85	23	0.00003
86	23	0.00001
87	23	-0.00020
88	23	0.00000
1	24	-0.00791
2	24	0.00689
3	24	0.00250
4	24	-0.01060
5	24	-0.00086
6	24	-0.00169
7	24	-0.01421
8	24	-0.00306
9	24	-0.00923
10	24	-0.02840
11	24	-0.00159
12	24	0.01704
13	24	-0.00909
14	24	-0.02222
15	24	-0.00295
16	24	0.00898
17	24	-0.00440
18	24	0.00242
19	24	0.01772
20	24	0.00673
21	24	-0.05598
22	24	-0.06939
23	24	0.06476
24	24	-0.98240
25	24	0.01258
26	24	0.10472
27	24	0.00631
28	24	-0.02152
29	24	0.02067
30	24	0.01557
31	24	0.00290
32	24	0.00125
33	24	-0.00492
34	24	-0.00046
35	24	-0.00378
36	24	-0.00300
37	24	-0.00102
38	24	-0.00010
39	24	-0.00212
40	24	0.00194
41	24	-0.00098
42	24	-0.00477
43	24	-0.02660
44	24	-0.01563
45	24	0.02198
46	24	-0.00747
47	24	-0.01010
48	24	0.01143
49	24	-0.00145
50	24	0.00978
51	24	-0.00099
52	24	-0.00042
53	24	0.00324
54	24	-0.00100
55	24	-0.00695
56	24	0.00349
57	24	-0.00316
58	24	-0.00040
59	24	-0.00002
60	24	-0.00149
61	24	-0.00088
62	24	-0.00089
63	24	0.00240
64	24	-0.00424
65	24	-0.00024
66	24	0.00030
67	24	0.00119
68	24	-0.00008
69	24	-0.00251
70	24	-0.00339
71	24	-0.00047
72	24	0.00040
73	24	-0.00778
74	24	-0.00528
75	24	-0.00253
76	24	-0.00005
77	24	-0.00009
78	24	-0.00058
79	24	-0.00002
80	24	-0.00002
81	24	0.00005
82	24	0.00002
83	24	-0.00004
84	24	-0.00003
85	24	0.00005
86	24	-0.00001
87	24	0.00010
88	24	-0.00013
1	25	0.00914
2	25	0.00168
3	25	-0.00042
4	25	0.00349
5	25	0.00870
6	25	-0.00088
7	25	0.00878
8	25	0.00437
9	25	0.00074
10	25	-0.00120
11	25	0.00820
12	25	-0.00167
13	25	0.00203
14	25	0.00352
15	25	0.00698
16	25	0.00241
17	25	-0.00010
18	25	0.00152
19	25	-0.00128
20	25	-0.03707
21	25	0.00018
22	25	-0.00201
23	25	-0.01885
24	25	0.00746
25	25	0.99700
26	25	-0.02836
27	25	-0.05257
28	25	0.00640
29	25	-0.00096
30	25	-0.00154
31	25	0.00376
32	25	0.00560
33	25	-0.00054
34	25	0.00102
35	25	0.00004
36	25	0.00550
37	25	-0.00427
38	25	-0.00055
39	25	0.00012
40	25	0.00003
41	25	-0.00549
42	25	-0.00013
43	25	0.00232
44	25	-0.00021
45	25	-0.00073
46	25	-0.00198
47	25	-0.00055
48	25	0.00164
49	25	-0.00003
50	25	-0.00067
51	25	-0.00007
52	25	0.00047
53	25	-0.00008
54	25	0.00116
55	25	0.00082
56	25	-0.00014
57	25	0.00015
58	25	0.00041
59	25	0.00011
60	25	0.00061
61	25	-0.00055
62	25	0.00085
63	25	0.00057
64	25	0.00036
65	25	-0.00057
66	25	-0.00042
67	25	0.00013
68	25	0.00004
69	25	0.00057
70	25	-0.00006
71	25	0.00035
72	25	-0.00015
73	25	0.00002
74	25	-0.00044
75	25	-0.00029
76	25	0.00000
77	25	-0.00020
78	25	0.00001
79	25	-0.00000
80	25	-0.00015
81	25	0.00001
82	25	0.00002
83	25	0.00001
84	25	-0.00026
85	25	0.00000
86	25	0.00001
87	25	-0.00002
88	25	0.00002
1	26	-0.00232
2	26	0.00176
3	26	0.00303
4	26	-0.00793
5	26	-0.00112
6	26	-0.00097
7	26	-0.00847
8	26	-0.00518
9	26	-0.00569
10	26	-0.00800
11	26	-0.00182
12	26	0.01040
13	26	-0.00752
14	26	-0.00744
15	26	0.00104
16	26	0.00540
17	26	-0.00155
18	26	-0.00031
19	26	0.00768
20	26	0.00402
21	26	-0.00345
22	26	-0.00801
23	26	0.01455
24	26	-0.09917
25	26	-0.02620
26	26	-0.99327
27	26	0.00082
28	26	-0.02389
29	26	0.00075
30	26	0.01803
31	26	0.00354
32	26	-0.00016
33	26	0.00348
34	26	-0.00024
35	26	0.00442
36	26	-0.00176
37	26	-0.00023
38	26	0.00050
39	26	0.00428
40	26	0.00056
41	26	-0.00007
42	26	-0.00131
43	26	-0.01147
44	26	-0.00481
45	26	0.01058
46	26	0.00008
47	26	-0.00402
48	26	0.00749
49	26	-0.00118
50	26	0.00250
51	26	-0.00094
52	26	-0.00030
53	26	-0.00195
54	26	-0.00048
55	26	-0.00532
56	26	-0.00128
57	26	-0.00253
58	26	-0.00127
59	26	-0.00173
60	26	0.00569
61	26	-0.00032
62	26	0.00544
63	26	0.00572
64	26	-0.00458
65	26	-0.00039
66	26	0.00046
67	26	0.00071
68	26	0.00074
69	26	-0.00058
70	26	-0.00377
71	26	0.00022
72	26	-0.00021
73	26	-0.00286
74	26	-0.00284
75	26	-0.00083
76	26	0.00004
77	26	-0.00003
78	26	-0.00013
79	26	0.00001
80	26	-0.00000
81	26	0.00003
82	26	0.00004
83	26	0.00004
84	26	-0.00001
85	26	-0.00008
86	26	-0.00003
87	26	0.00006
88	26	0.00011
1	27	0.00734
2	27	0.00278
3	27	0.03453
4	27	0.01128
5	27	0.01670
6	27	0.00280
7	27	0.02007
8	27	0.00722
9	27	0.02133
10	27	0.00606
11	27	0.01638
12	27	-0.01132
13	27	-0.00377
14	27	0.00440
15	27	0.01302
16	27	-0.00170
17	27	-0.00162
18	27	0.00346
19	27	-0.00323
20	27	-0.01564
21	27	0.00129
22	27	-0.00481
23	27	0.01149
24	27	0.00771
25	27	0.05220
26	27	-0.00103
27	27	0.98903
28	27	-0.01946
29	27	0.00451
30	27	0.00325
31	27	0.00509
32	27	-0.09320
33	27	-0.00167
34	27	-0.00450
35	27	-0.00070
36	27	-0.08366
37	27	-0.01251
38	27	-0.00090
39	27	0.00031
40	27	0.00084
41	27	-0.00013
42	27	-0.00343
43	27	0.00526
44	27	0.00035
45	27	-0.00220
46	27	-0.00402
47	27	0.00275
48	27	-0.00249
49	27	0.00309
50	27	-0.00191
51	27	-0.00041
52	27	-0.00095
53	27	-0.00011
54	27	0.00094
55	27	0.00325
56	27	0.00050
57	27	0.00150
58	27	0.00066
59	27	0.00179
60	27	0.00161
61	27	-0.00055
62	27	0.00150
63	27	-0.00031
64	27	0.00271
65	27	-0.00149
66	27	-0.00168
67	27	0.00081
68	27	0.00005
69	27	0.00125
70	27	0.00150
71	27	0.00100
72	27	0.00038
73	27	0.00136
74	27	-0.00101
75	27	-0.00136
76	27	-0.00001
77	27	-0.00005
78	27	0.00004
79	27	-0.00002
80	27	-0.00002
81	27	0.00004
82	27	0.00003
83	27	-0.00000
84	27	-0.00006
85	27	0.00001
86	27	-0.00003
87	27	0.00002
88	27	-0.00002
1	28	-0.00148
2	28	0.00577
3	28	-0.00712
4	28	0.00166
5	28	0.00360
6	28	0.00015
7	28	0.00033
8	28	0.00023
9	28	0.00347
10	28	0.00091
11	28	0.00159
12	28	-0.00257
13	28	0.00308
14	28	0.00390
15	28	-0.00442
16	28	-0.00034
17	28	0.00038
18	28	-0.00005
19	28	-0.00460
20	28	-0.00193
21	28	0.00243
22	28	-0.00454
23	28	-0.00478
24	28	0.02131
25	28	0.00457
26	28	0.01821
27	28	-0.01660
28	28	-0.99319
29	28	-0.01429
30	28	-0.06262
31	28	-0.00956
32	28	0.01255
33	28	-0.00691
34	28	-0.00121
35	28	-0.00104
36	28	0.00579
37	28	0.00075
38	28	-0.00074
39	28	0.00009
40	28	-0.00286
41	28	0.00000
42	28	-0.00441
43	28	0.00112
44	28	-0.00289
45	28	-0.00088
46	28	-0.00982
47	28	0.00279
48	28	-0.00633
49	28	0.00142
50	28	0.00670
51	28	-0.00067
52	28	0.00005
53	28	0.00306
54	28	-0.00057
55	28	0.00560
56	28	0.00663
57	28	0.00747
58	28	0.00204
59	28	0.00276
60	28	-0.01201
61	28	0.00008
62	28	-0.01622
63	28	-0.00961
64	28	0.00674
65	28	0.00064
66	28	0.00109
67	28	-0.00075
68	28	-0.00009
69	28	-0.00068
70	28	0.00485
71	28	-0.00117
72	28	0.00123
73	28	-0.00214
74	28	-0.00094
75	28	-0.00045
76	28	0.00005
77	28	-0.00002
78	28	-0.00024
79	28	0.00001
80	28	0.00000
81	28	0.00002
82	28	-0.00007
83	28	-0.00000
84	28	0.00002
85	28	-0.00000
86	28	0.00004
87	28	-0.00002
88	28	-0.00002
1	29	-0.00101
2	29	0.00039
3	29	0.00005
4	29	0.00120
5	29	0.00141
6	29	-0.00025
7	29	-0.00118
8	29	0.00241
9	29	0.00082
10	29	0.00226
11	29	-0.00007
12	29	-0.00372
13	29	0.00359
14	29	-0.00159
15	29	-0.00314
16	29	0.00023
17	29	0.00027
18	29	0.00047
19	29	-0.00328
20	29	0.00058
21	29	-0.01141
22	29	0.00135
23	29	-0.00163
24	29	0.01596
25	29	0.00004
26	29	-0.00521
27	29	-0.00376
28	29	0.00071
29	29	0.97284
30	29	-0.22209
31	29	-0.03955
32	29	0.00342
33	29	-0.03936
34	29	0.00138
35	29	-0.01436
36	29	0.00057
37	29	0.00060
38	29	-0.00032
39	29	-0.00811
40	29	0.00301
41	29	-0.00005
42	29	0.00145
43	29	0.00190
44	29	-0.00149
45	29	-0.00734
46	29	0.00336
47	29	-0.00575
48	29	-0.00343
49	29	-0.00037
50	29	-0.00199
51	29	0.00104
52	29	0.00017
53	29	0.00641
54	29	0.00039
55	29	0.00034
56	29	0.00040
57	29	-0.00071
58	29	0.00092
59	29	0.00229
60	29	-0.00447
61	29	-0.00016
62	29	-0.00008
63	29	-0.00262
64	29	0.00045
65	29	0.00015
66	29	-0.00091
67	29	-0.00016
68	29	-0.00240
69	29	-0.00073
70	29	0.00040
71	29	0.00002
72	29	-0.00003
73	29	0.00105
74	29	0.00241
75	29	0.00007
76	29	-0.00008
77	29	0.00001
78	29	0.00005
79	29	-0.00011
80	29	0.00001
81	29	-0.00003
82	29	-0.00003
83	29	-0.00015
84	29	0.00001
85	29	0.00011
86	29	0.00002
87	29	-0.00004
88	29	-0.00044
1	30	-0.00244
2	30	-0.00075
3	30	0.00090
4	30	0.00659
5	30	0.00871
6	30	0.00030
7	30	-0.00050
8	30	-0.00078
9	30	0.00153
10	30	0.00818
11	30	-0.00006
12	30	-0.00922
13	30	0.00530
14	30	0.00463
15	30	-0.00347
16	30	-0.00144
17	30	0.00045
18	30	-0.00213
19	30	-0.02297
20	30	-0.00100
21	30	0.00523
22	30	0.00723
23	30	-0.00610
24	30	0.01862
25	30	0.00139
26	30	0.01635
27	30	-0.00767
28	30	-0.06297
29	30	0.21929
30	30	0.97150
31	30	-0.07129
32	30	0.01443
33	30	-0.00050
34	30	-0.00298
35	30	0.00079
36	30	0.00004
37	30	-0.00159
38	30	0.00026
39	30	0.00055
40	30	-0.00272
41	30	0.00060
42	30	0.01272
43	30	0.01303
44	30	0.00972
45	30	-0.01371
46	30	0.01312
47	30	-0.00055
48	30	0.00386
49	30	-0.00064
50	30	-0.00835
51	30	0.00147
52	30	-0.00017
53	30	-0.00260
54	30	0.00026
55	30	0.00162
56	30	-0.00758
57	30	-0.00684
58	30	0.00114
59	30	0.00188
60	30	-0.00512
61	30	0.00020
62	30	-0.00498
63	30	-0.01291
64	30	0.00285
65	30	0.00035
66	30	-0.00008
67	30	-0.00089
68	30	-0.00304
69	30	-0.00382
70	30	0.00332
71	30	0.00074
72	30	-0.00073
73	30	0.00886
74	30	0.00733
75	30	0.00207
76	30	-0.00000
77	30	0.00006
78	30	0.00026
79	30	0.00001
80	30	-0.00002
81	30	0.00006
82	30	-0.00004
83	30	0.00006
84	30	0.00001
85	30	-0.00001
86	30	0.00008
87	30	-0.00002
88	30	0.00005
1	31	-0.00183
2	31	-0.00056
3	31	-0.00104
4	31	0.00147
5	31	0.00078
6	31	-0.00180
7	31	-0.00038
8	31	-0.00043
9	31	-0.00039
10	31	0.00255
11	31	0.00202
12	31	-0.00204
13	31	0.00104
14	31	0.00117
15	31	-0.00109
16	31	-0.00004
17	31	0.00069
18	31	-0.00076
19	31	-0.00557
20	31	0.00205
21	31	0.00205
22	31	0.00286
23	31	-0.00204
24	31	0.00453
25	31	-0.00382
26	31	0.00446
27	31	-0.00552
28	31	-0.01382
29	31	0.05447
30	31	0.06011
31	31	0.99660
32	31	0.00863
33	31	0.00241
34	31	0.01646
35	31	0.00107
36	31	0.00036
37	31	0.00729
38	31	-0.00093
39	31	0.00055
40	31	-0.00109
41	31	-0.00063
42	31	0.00298
43	31	0.00300
44	31	0.00175
45	31	-0.00233
46	31	0.00607
47	31	0.00156
48	31	-0.00134
49	31	-0.00248
50	31	-0.00211
51	31	0.00034
52	31	0.00102
53	31	-0.00089
54	31	0.00238
55	31	-0.00041
56	31	-0.00175
57	31	-0.00135
58	31	-0.00049
59	31	0.00066
60	31	-0.00131
61	31	-0.00067
62	31	-0.00151
63	31	-0.00354
64	31	0.00037
65	31	-0.00021
66	31	0.00008
67	31	0.00008
68	31	-0.00068
69	31	-0.00122
70	31	0.00059
71	31	0.00023
72	31	-0.00032
73	31	0.00263
74	31	0.00215
75	31	0.00073
76	31	0.00000
77	31	-0.00005
78	31	0.00007
79	31	0.00001
80	31	0.00015
81	31	-0.00038
82	31	-0.00015
83	31	0.00001
84	31	0.00008
85	31	-0.00000
86	31	-0.00002
87	31	-0.00026
88	31	0.00000
1	32	0.00425
2	32	0.00113
3	32	-0.00908
4	32	0.00213
5	32	-0.00516
6	32	-0.00019
7	32	-0.00432
8	32	-0.00240
9	32	0.00113
10	32	0.00204
11	32	0.00028
12	32	-0.00243
13	32	-0.00344
14	32	-0.00116
15	32	-0.00638
16	32	-0.00479
17	32	0.00056
18	32	-0.00104
19	32	-0.00225
20	32	-0.00087
21	32	0.00041
22	32	-0.00018
23	32	0.00575
24	32	0.00035
25	32	-0.00075
26	32	-0.00177
27	32	0.10158
28	32	0.01384
29	32	-0.00724
30	32	-0.01233
31	32	-0.00688
32	32	0.98717
33	32	-0.01864
34	32	-0.00084
35	32	-0.00053
36	32	0.09504
37	32	0.01262
38	32	0.00185
39	32	-0.00065
40	32	-0.00019
41	32	0.00027
42	32	0.00031
43	32	0.00028
44	32	-0.00049
45	32	-0.00037
46	32	0.00090
47	32	0.00028
48	32	-0.00073
49	32	-0.00026
50	32	0.00182
51	32	-0.00006
52	32	-0.00015
53	32	0.00046
54	32	0.00088
55	32	0.00450
56	32	0.00031
57	32	0.00087
58	32	-0.00084
59	32	0.00024
60	32	-0.00048
61	32	0.00034
62	32	-0.00022
63	32	-0.00084
64	32	-0.00024
65	32	0.00074
66	32	0.00013
67	32	0.00008
68	32	-0.00016
69	32	-0.00036
70	32	0.00056
71	32	-0.00030
72	32	-0.00020
73	32	0.00045
74	32	0.00066
75	32	0.00042
76	32	0.00000
77	32	0.00000
78	32	-0.00002
79	32	0.00000
80	32	0.00001
81	32	-0.00003
82	32	0.00001
83	32	0.00000
84	32	0.00003
85	32	0.00000
86	32	0.00010
87	32	-0.00004
88	32	-0.00000
1	33	0.00010
2	33	0.00153
3	33	-0.00077
4	33	-0.00052
5	33	0.00242
6	33	-0.00015
7	33	-0.00076
8	33	-0.00320
9	33	-0.00022
10	33	0.00113
11	33	0.00065
12	33	0.00079
13	33	-0.00178
14	33	0.00230
15	33	0.00028
16	33	0.00003
17	33	-0.00008
18	33	-0.00109
19	33	-0.00292
20	33	-0.00069
21	33	0.00699
22	33	0.00023
23	33	-0.00045
24	33	-0.00424
25	33	0.00064
26	33	0.00345
27	33	0.00336
28	33	-0.00493
29	33	0.03859
30	33	-0.00887
31	33	-0.00410
32	33	0.01804
33	33	0.99831
34	33	-0.00463
35	33	0.02651
36	33	0.00354
37	33	0.00026
38	33	0.00053
39	33	0.00498
40	33	-0.00325
41	33	0.00022
42	33	0.00228
43	33	0.00138
44	33	0.00418
45	33	0.00513
46	33	-0.00004
47	33	0.00576
48	33	0.00529
49	33	-0.00023
50	33	0.00070
51	33	-0.00043
52	33	-0.00015
53	33	-0.00609
54	33	-0.00007
55	33	0.00103
56	33	-0.00185
57	33	-0.00049
58	33	-0.00064
59	33	-0.00180
60	33	0.00064
61	33	0.00000
62	33	-0.00408
63	33	-0.00291
64	33	0.00119
65	33	-0.00001
66	33	0.00124
67	33	-0.00013
68	33	0.00126
69	33	-0.00082
70	33	0.00109
71	33	0.00005
72	33	-0.00001
73	33	0.00126
74	33	-0.00019
75	33	0.00025
76	33	0.00004
77	33	-0.00001
78	33	-0.00001
79	33	0.00007
80	33	-0.00000
81	33	0.00000
82	33	-0.00001
83	33	0.00008
84	33	-0.00000
85	33	-0.00018
86	33	0.00002
87	33	-0.00000
88	33	0.00038
1	34	-0.00229
2	34	0.00301
3	34	-0.00001
4	34	0.00031
5	34	-0.00260
6	34	-0.00092
7	34	-0.00184
8	34	-0.00080
9	34	-0.00114
10	34	-0.00071
11	34	-0.00332
12	34	0.00028
13	34	-0.00051
14	34	-0.00033
15	34	-0.00158
16	34	-0.00050
17	34	0.00061
18	34	-0.00002
19	34	0.00013
20	34	-0.00226
21	34	0.00011
22	34	0.00154
23	34	0.00125
24	34	0.00058
25	34	0.00075
26	34	0.00021
27	34	-0.00426
28	34	0.00129
29	34	0.00140
30	34	-0.00225
31	34	0.01696
32	34	-0.00097
33	34	-0.00464
34	34	-1.00015
35	34	0.00046
36	34	0.00531
37	34	0.00153
38	34	-0.00202
39	34	0.00006
40	34	-0.00062
41	34	-0.00526
42	34	0.00034
43	34	-0.00085
44	34	0.00272
45	34	-0.00222
46	34	0.00056
47	34	0.00044
48	34	-0.00092
49	34	0.00342
50	34	-0.00019
51	34	0.00010
52	34	-0.00145
53	34	0.00006
54	34	-0.00078
55	34	-0.00106
56	34	-0.00022
57	34	0.00121
58	34	-0.00206
59	34	0.00092
60	34	-0.00036
61	34	0.00109
62	34	-0.00050
63	34	-0.00026
64	34	0.00007
65	34	0.00072
66	34	-0.00001
67	34	-0.00032
68	34	-0.00006
69	34	-0.00049
70	34	0.00027
71	34	0.00018
72	34	-0.00010
73	34	0.00066
74	34	0.00051
75	34	0.00028
76	34	-0.00001
77	34	0.00006
78	34	-0.00000
79	34	-0.00000
80	34	0.00008
81	34	-0.00035
82	34	-0.00013
83	34	-0.00001
84	34	0.00026
85	34	0.00001
86	34	-0.00003
87	34	-0.00017
88	34	-0.00003
1	35	0.00027
2	35	-0.00013
3	35	-0.00021
4	35	0.00032
5	35	0.00015
6	35	0.00010
7	35	0.00089
8	35	-0.00102
9	35	-0.00001
10	35	-0.00025
11	35	0.00028
12	35	0.00089
13	35	-0.00119
14	35	0.00175
15	35	0.00095
16	35	-0.00035
17	35	-0.00005
18	35	-0.00052
19	35	-0.00065
20	35	-0.00028
21	35	0.00430
22	35	-0.00012
23	35	-0.00003
24	35	-0.00319
25	35	0.00010
26	35	0.00441
27	35	0.00037
28	35	-0.00036
29	35	0.01322
30	35	-0.00409
31	35	-0.00154
32	35	0.00026
33	35	-0.02729
34	35	0.00057
35	35	0.99901
36	35	-0.00209
37	35	-0.00188
38	35	0.00085
39	35	0.01385
40	35	-0.01008
41	35	0.00035
42	35	-0.00037
43	35	0.00288
44	35	0.00660
45	35	0.00897
46	35	-0.00339
47	35	0.00808
48	35	0.00280
49	35	0.00046
50	35	0.00149
51	35	-0.00004
52	35	-0.00006
53	35	-0.00580
54	35	-0.00015
55	35	0.00047
56	35	-0.00137
57	35	0.00073
58	35	-0.00067
59	35	-0.00207
60	35	0.00188
61	35	0.00016
62	35	-0.00216
63	35	-0.00064
64	35	0.00084
65	35	-0.00004
66	35	0.00049
67	35	-0.00004
68	35	0.00165
69	35	-0.00006
70	35	0.00064
71	35	-0.00002
72	35	0.00003
73	35	0.00031
74	35	-0.00079
75	35	0.00013
76	35	0.00005
77	35	-0.00001
78	35	-0.00001
79	35	-0.00002
80	35	-0.00000
81	35	0.00000
82	35	-0.00000
83	35	0.00010
84	35	-0.00000
85	35	-0.00010
86	35	0.00001
87	35	0.00000
88	35	0.00032
1	36	-0.00126
2	36	-0.00009
3	36	0.00041
4	36	0.00087
5	36	-0.00015
6	36	0.00050
7	36	-0.00011
8	36	0.00004
9	36	-0.00102
10	36	0.00070
11	36	-0.00045
12	36	-0.00024
13	36	0.00016
14	36	0.00010
15	36	-0.00022
16	36	-0.00021
17	36	0.00038
18	36	-0.00010
19	36	-0.00072
20	36	-0.00114
21	36	0.00011
22	36	0.00061
23	36	0.00023
24	36	0.00033
25	36	-0.00522
26	36	-0.00006
27	36	0.00321
28	36	0.00021
29	36	0.00048
30	36	-0.00126
31	36	0.00744
32	36	-0.00609
33	36	-0.00028
34	36	-0.00042
35	36	-0.00145
36	36	0.19013
37	36	-0.98233
38	36	0.00826
39	36	-0.00074
40	36	-0.00020
41	36	0.00033
42	36	0.00399
43	36	0.00453
44	36	-0.00479
45	36	0.00250
46	36	0.00788
47	36	0.00247
48	36	-0.00358
49	36	0.00041
50	36	-0.00101
51	36	0.00015
52	36	-0.00106
53	36	-0.00010
54	36	0.00329
55	36	-0.00064
56	36	-0.00027
57	36	-0.00010
58	36	0.00075
59	36	-0.00019
60	36	0.00017
61	36	-0.00075
62	36	0.00026
63	36	-0.00013
64	36	-0.00023
65	36	0.00016
66	36	-0.00008
67	36	0.00053
68	36	-0.00010
69	36	-0.00037
70	36	-0.00013
71	36	-0.00011
72	36	-0.00026
73	36	0.00074
74	36	0.00056
75	36	0.00019
76	36	0.00000
77	36	0.00021
78	36	0.00000
79	36	-0.00000
80	36	0.00013
81	36	-0.00005
82	36	-0.00003
83	36	-0.00000
84	36	0.00041
85	36	0.00000
86	36	-0.00001
87	36	-0.00002
88	36	-0.00001
1	37	-0.00935
2	37	0.00103
3	37	0.01148
4	37	0.00608
5	37	-0.00151
6	37	0.00065
7	37	0.00235
8	37	0.00204
9	37	-0.00550
10	37	0.00169
11	37	0.00159
12	37	0.00111
13	37	0.00237
14	37	0.00073
15	37	0.00026
16	37	-0.00400
17	37	-0.00075
18	37	0.00032
19	37	0.00032
20	37	-0.00037
21	37	-0.00062
22	37	0.00204
23	37	0.00004
24	37	-0.00294
25	37	-0.00011
26	37	-0.00126
27	37	0.06841
28	37	0.00229
29	37	0.00043
30	37	0.00233
31	37	-0.00094
32	37	-0.09961
33	37	-0.00166
34	37	0.00555
35	37	0.00248
36	37	0.94698
37	37	0.18206
38	37	-0.23516
39	37	0.00415
40	37	0.00476
41	37	-0.00080
42	37	0.01128
43	37	-0.01207
44	37	-0.00107
45	37	0.00284
46	37	-0.00144
47	37	0.00287
48	37	-0.00399
49	37	0.00116
50	37	-0.00159
51	37	-0.00020
52	37	0.00011
53	37	0.00009
54	37	-0.00045
55	37	0.00065
56	37	0.00122
57	37	-0.00364
58	37	0.00012
59	37	0.00001
60	37	0.00158
61	37	-0.00003
62	37	0.00232
63	37	-0.00009
64	37	0.00042
65	37	-0.00035
66	37	-0.00047
67	37	-0.00018
68	37	0.00010
69	37	0.00111
70	37	0.00048
71	37	0.00010
72	37	0.00042
73	37	-0.00024
74	37	-0.00059
75	37	-0.00031
76	37	-0.00000
77	37	-0.00006
78	37	-0.00005
79	37	0.00000
80	37	-0.00005
81	37	0.00005
82	37	-0.00001
83	37	0.00001
84	37	-0.00005
85	37	0.00000
86	37	-0.00000
87	37	0.00003
88	37	0.00001
1	38	0.00368
2	38	0.00119
3	38	-0.00260
4	38	-0.00107
5	38	-0.00043
6	38	-0.00052
7	38	-0.00136
8	38	-0.00102
9	38	0.00285
10	38	-0.00218
11	38	-0.00034
12	38	0.00061
13	38	0.00004
14	38	0.00008
15	38	0.00054
16	38	0.00143
17	38	0.00009
18	38	0.00023
19	38	0.00057
20	38	0.00061
21	38	0.00004
22	38	0.00236
23	38	0.00220
24	38	0.00041
25	38	-0.00094
26	38	-0.00006
27	38	-0.01822
28	38	-0.00038
29	38	-0.00044
30	38	-0.00018
31	38	-0.00106
32	38	0.02632
33	38	0.00103
34	38	0.00066
35	38	0.00040
36	38	-0.22753
37	38	-0.05284
38	38	-0.97124
39	38	-0.00442
40	38	0.00377
41	38	0.00067
42	38	-0.01540
43	38	-0.01712
44	38	0.00645
45	38	0.00193
46	38	0.01289
47	38	0.00492
48	38	-0.00742
49	38	-0.00430
50	38	0.00022
51	38	-0.00001
52	38	0.00271
53	38	0.00014
54	38	-0.00240
55	38	-0.00280
56	38	-0.00041
57	38	0.00516
58	38	0.00211
59	38	-0.00067
60	38	0.00030
61	38	0.00237
62	38	0.00033
63	38	0.00095
64	38	0.00023
65	38	0.00104
66	38	0.00004
67	38	-0.00188
68	38	0.00007
69	38	-0.00033
70	38	-0.00028
71	38	-0.00096
72	38	0.00083
73	38	0.00001
74	38	-0.00006
75	38	0.00001
76	38	-0.00000
77	38	-0.00011
78	38	-0.00003
79	38	-0.00000
80	38	-0.00013
81	38	0.00004
82	38	0.00002
83	38	-0.00000
84	38	0.00001
85	38	0.00000
86	38	-0.00001
87	38	0.00003
88	38	-0.00001
1	39	-0.00008
2	39	0.00011
3	39	0.00017
4	39	-0.00039
5	39	0.00007
6	39	-0.00010
7	39	-0.00078
8	39	0.00024
9	39	-0.00019
10	39	0.00026
11	39	-0.00016
12	39	-0.00083
13	39	0.00071
14	39	-0.00090
15	39	-0.00047
16	39	0.00024
17	39	0.00004
18	39	0.00030
19	39	0.00026
20	39	0.00010
21	39	-0.00072
22	39	0.00013
23	39	-0.00002
24	39	0.00155
25	39	0.00004
26	39	-0.00390
27	39	0.00050
28	39	-0.00100
29	39	-0.00745
30	39	0.00250
31	39	0.00084
32	39	-0.00102
33	39	0.00560
34	39	-0.00008
35	39	0.01478
36	39	0.00453
37	39	0.00165
38	39	0.00359
39	39	-0.99855
40	39	0.04779
41	39	-0.00046
42	39	0.00044
43	39	-0.00261
44	39	-0.00491
45	39	-0.00626
46	39	0.00200
47	39	-0.00462
48	39	-0.00205
49	39	-0.00003
50	39	-0.00032
51	39	0.00057
52	39	-0.00007
53	39	0.00205
54	39	0.00017
55	39	-0.00040
56	39	0.00010
57	39	-0.00135
58	39	0.00023
59	39	0.00113
60	39	-0.00084
61	39	-0.00021
62	39	0.00169
63	39	0.00051
64	39	-0.00106
65	39	-0.00003
66	39	-0.00014
67	39	0.00006
68	39	-0.00106
69	39	0.00007
70	39	-0.00076
71	39	0.00007
72	39	-0.00007
73	39	-0.00018
74	39	0.00045
75	39	-0.00030
76	39	0.00005
77	39	0.00000
78	39	0.00001
79	39	-0.00004
80	39	0.00000
81	39	-0.00000
82	39	0.00000
83	39	-0.00000
84	39	-0.00000
85	39	0.00005
86	39	-0.00001
87	39	0.00000
88	39	-0.00017
1	40	0.00000
2	40	-0.00020
3	40	0.00024
4	40	0.00020
5	40	0.00092
6	40	-0.00005
7	40	-0.00082
8	40	-0.00066
9	40	-0.00028
10	40	-0.00018
11	40	0.00022
12	40	-0.00013
13	40	-0.00041
14	40	0.00073
15	40	-0.00042
16	40	0.00028
17	40	0.00002
18	40	-0.00018
19	40	-0.00153
20	40	-0.00002
21	40	0.00052
22	40	0.00070
23	40	-0.00018
24	40	-0.00125
25	40	0.00021
26	40	-0.00032
27	40	0.00065
28	40	0.00125
29	40	0.00188
30	40	-0.00275
31	40	-0.00087
32	40	-0.00057
33	40	-0.00270
34	40	0.00065
35	40	-0.00953
36	40	0.00362
37	40	0.00095
38	40	-0.00453
39	40	-0.04783
40	40	-0.99835
41	40	-0.00041
42	40	0.00866
43	40	-0.00590
44	40	0.00416
45	40	0.00827
46	40	0.00490
47	40	0.00042
48	40	0.00445
49	40	-0.00041
50	40	0.00009
51	40	-0.00034
52	40	-0.00051
53	40	-0.00439
54	40	0.00041
55	40	-0.00141
56	40	-0.00539
57	40	-0.00542
58	40	-0.00140
59	40	-0.00160
60	40	0.00290
61	40	-0.00056
62	40	0.00313
63	40	0.00116
64	40	-0.00286
65	40	-0.00019
66	40	-0.00006
67	40	0.00019
68	40	-0.00063
69	40	-0.00020
70	40	-0.00199
71	40	0.00033
72	40	-0.00035
73	40	0.00030
74	40	0.00061
75	40	-0.00081
76	40	0.00009
77	40	-0.00001
78	40	0.00004
79	40	-0.00001
80	40	-0.00000
81	40	0.00000
82	40	0.00001
83	40	0.00004
84	40	-0.00001
85	40	0.00000
86	40	-0.00002
87	40	0.00002
88	40	0.00007
1	41	0.00012
2	41	0.00059
3	41	0.00006
4	41	-0.00014
5	41	-0.00041
6	41	0.00026
7	41	0.00034
8	41	0.00019
9	41	-0.00000
10	41	-0.00006
11	41	0.00395
12	41	-0.00002
13	41	0.00010
14	41	0.00032
15	41	0.00014
16	41	0.00005
17	41	0.00001
18	41	0.00019
19	41	0.00021
20	41	0.00385
21	41	0.00026
22	41	-0.00013
23	41	0.00009
24	41	0.00079
25	41	-0.00479
26	41	0.00005
27	41	0.00009
28	41	0.00010
29	41	0.00002
30	41	0.00050
31	41	-0.00072
32	41	0.00033
33	41	0.00023
34	41	0.00384
35	41	0.00033
36	41	-0.00078
37	41	-0.00054
38	41	-0.00045
39	41	0.00046
40	41	0.00026
41	41	-0.99991
42	41	-0.00350
43	41	0.00616
44	41	0.00128
45	41	-0.00357
46	41	-0.00596
47	41	0.00022
48	41	-0.00063
49	41	0.00362
50	41	0.00039
51	41	-0.00009
52	41	-0.00022
53	41	0.00022
54	41	0.00088
55	41	-0.00005
56	41	0.00037
57	41	0.00084
58	41	-0.00056
59	41	0.00033
60	41	-0.00034
61	41	0.00116
62	41	-0.00041
63	41	0.00024
64	41	0.00015
65	41	-0.00007
66	41	-0.00005
67	41	-0.00073
68	41	0.00004
69	41	-0.00011
70	41	0.00024
71	41	-0.00023
72	41	-0.00031
73	41	0.00018
74	41	0.00009
75	41	0.00006
76	41	-0.00000
77	41	-0.00011
78	41	-0.00001
79	41	-0.00000
80	41	0.00005
81	41	-0.00016
82	41	-0.00006
83	41	-0.00000
84	41	-0.00008
85	41	0.00000
86	41	-0.00004
87	41	-0.00027
88	41	-0.00001
1	42	-0.00022
2	42	-0.00020
3	42	0.00167
4	42	-0.00120
5	42	-0.00777
6	42	-0.00014
7	42	0.00508
8	42	0.00314
9	42	-0.00033
10	42	0.00212
11	42	-0.00235
12	42	0.00407
13	42	-0.00068
14	42	0.00039
15	42	0.00357
16	42	-0.00116
17	42	0.00030
18	42	0.00151
19	42	0.01377
20	42	0.00075
21	42	-0.00015
22	42	-0.00623
23	42	0.00151
24	42	0.00196
25	42	-0.00113
26	42	0.00019
27	42	-0.00269
28	42	0.00481
29	42	0.00502
30	42	0.01305
31	42	0.00237
32	42	-0.00063
33	42	0.00227
34	42	-0.00044
35	42	-0.00118
36	42	0.01617
37	42	-0.00077
38	42	0.00932
39	42	-0.00143
40	42	-0.01008
41	42	0.00476
42	42	-0.98113
43	42	0.10772
44	42	-0.04953
45	42	0.02342
46	42	-0.11040
47	42	0.02698
48	42	-0.05293
49	42	0.01078
50	42	0.03289
51	42	-0.00393
52	42	0.00238
53	42	0.00765
54	42	-0.00550
55	42	-0.00627
56	42	0.00494
57	42	0.06367
58	42	0.00666
59	42	0.00245
60	42	-0.00749
61	42	0.00385
62	42	-0.01319
63	42	-0.00867
64	42	0.02474
65	42	0.00010
66	42	0.00205
67	42	-0.00043
68	42	-0.00083
69	42	0.00021
70	42	0.01534
71	42	-0.00292
72	42	0.00352
73	42	-0.01077
74	42	-0.00643
75	42	-0.00262
76	42	-0.00001
77	42	-0.00005
78	42	-0.00017
79	42	0.00001
80	42	-0.00002
81	42	0.00011
82	42	-0.00010
83	42	-0.00001
84	42	-0.00004
85	42	-0.00003
86	42	0.00074
87	42	-0.00008
88	42	0.00003
1	43	0.00191
2	43	0.00037
3	43	-0.00148
4	43	0.00202
5	43	0.00136
6	43	0.00018
7	43	0.00258
8	43	0.00116
9	43	0.00173
10	43	0.00146
11	43	0.00250
12	43	-0.00073
13	43	0.00012
14	43	0.00028
15	43	0.00064
16	43	-0.00101
17	43	-0.00065
18	43	-0.00005
19	43	-0.00135
20	43	0.00010
21	43	0.00077
22	43	-0.00157
23	43	-0.00336
24	43	0.00393
25	43	0.00142
26	43	0.00162
27	43	0.00201
28	43	-0.00097
29	43	-0.00001
30	43	0.00062
31	43	0.00073
32	43	0.00045
33	43	0.00056
34	43	0.00255
35	43	0.00146
36	43	-0.00092
37	43	-0.00751
38	43	0.01968
39	43	0.00148
40	43	0.00275
41	43	-0.00249
42	43	-0.11825
43	43	-0.76579
44	43	0.54212
45	43	-0.32215
46	43	0.00796
47	43	0.00694
48	43	-0.01271
49	43	-0.00141
50	43	-0.00677
51	43	0.00158
52	43	0.01358
53	43	0.00001
54	43	0.00410
55	43	0.00435
56	43	-0.00255
57	43	-0.00009
58	43	0.01181
59	43	-0.00206
60	43	-0.00720
61	43	0.00727
62	43	-0.00855
63	43	-0.00428
64	43	0.00302
65	43	0.00116
66	43	-0.00014
67	43	-0.00150
68	43	-0.00116
69	43	-0.00387
70	43	0.00244
71	43	-0.00443
72	43	0.00363
73	43	0.00525
74	43	0.00407
75	43	0.00136
76	43	-0.00000
77	43	0.00005
78	43	0.00007
79	43	-0.00000
80	43	0.00012
81	43	-0.00003
82	43	-0.00007
83	43	-0.00000
84	43	0.00000
85	43	0.00001
86	43	-0.00006
87	43	-0.00017
88	43	-0.00002
1	44	-0.00196
2	44	0.00017
3	44	0.00041
4	44	-0.00142
5	44	0.00188
6	44	-0.00047
7	44	-0.00364
8	44	-0.00263
9	44	-0.00225
10	44	-0.00427
11	44	0.00045
12	44	0.00080
13	44	-0.00158
14	44	-0.00233
15	44	-0.00002
16	44	-0.00039
17	44	-0.00061
18	44	-0.00092
19	44	0.00065
20	44	0.00046
21	44	-0.00111
22	44	0.00154
23	44	0.00072
24	44	-0.01097
25	44	-0.00002
26	44	-0.00112
27	44	0.00004
28	44	-0.00462
29	44	0.00159
30	44	-0.00797
31	44	-0.00128
32	44	-0.00022
33	44	-0.00600
34	44	0.00075
35	44	-0.00998
36	44	0.00497
37	44	0.00024
38	44	-0.00107
39	44	-0.00730
40	44	0.00631
41	44	0.00104
42	44	-0.00805
43	44	0.37852
44	44	0.79867
45	44	0.44427
46	44	0.09378
47	44	-0.03630
48	44	0.09719
49	44	-0.01788
50	44	-0.01972
51	44	0.00047
52	44	0.00143
53	44	-0.01404
54	44	0.00064
55	44	-0.01142
56	44	-0.00798
57	44	-0.01629
58	44	-0.00167
59	44	-0.00347
60	44	0.01200
61	44	0.00030
62	44	0.01533
63	44	-0.00102
64	44	-0.00562
65	44	-0.00014
66	44	0.00004
67	44	0.00034
68	44	0.00034
69	44	-0.00335
70	44	-0.00464
71	44	0.00034
72	44	-0.00084
73	44	0.00406
74	44	0.00197
75	44	0.00113
76	44	0.00006
77	44	-0.00000
78	44	0.00021
79	44	0.00003
80	44	0.00000
81	44	0.00004
82	44	-0.00007
83	44	0.00005
84	44	-0.00002
85	44	-0.00014
86	44	0.00017
87	44	-0.00003
88	44	0.00015
1	45	0.00458
2	45	-0.00046
3	45	-0.00179
4	45	0.00479
5	45	-0.00314
6	45	0.00100
7	45	0.01043
8	45	0.00409
9	45	0.00532
10	45	0.01160
11	45	-0.00055
12	45	-0.00266
13	45	0.00359
14	45	0.00817
15	45	0.00001
16	45	-0.00075
17	45	0.00135
18	45	0.00158
19	45	-0.00302
20	45	-0.00141
21	45	0.00719
22	45	-0.00409
23	45	-0.00294
24	45	0.02454
25	45	0.00043
26	45	0.00612
27	45	0.00002
28	45	0.00675
29	45	0.01081
30	45	0.01830
31	45	0.00241
32	45	0.00139
33	45	-0.00287
34	45	-0.00133
35	45	-0.00669
36	45	-0.00810
37	45	-0.00171
38	45	0.00841
39	45	-0.00409
40	45	0.00527
41	45	-0.00336
42	45	0.04116
43	45	-0.42583
44	45	-0.14308
45	45	0.76740
46	45	-0.29990
47	45	0.17603
48	45	-0.26925
49	45	0.04987
50	45	0.05114
51	45	-0.00666
52	45	0.00148
53	45	0.00729
54	45	-0.00068
55	45	0.02409
56	45	0.00588
57	45	0.05496
58	45	0.00723
59	45	0.00340
60	45	-0.02615
61	45	0.00354
62	45	-0.04295
63	45	-0.00237
64	45	0.02102
65	45	0.00086
66	45	0.00186
67	45	-0.00178
68	45	-0.00033
69	45	0.00237
70	45	0.01693
71	45	-0.00236
72	45	0.00340
73	45	-0.00690
74	45	-0.00412
75	45	-0.00166
76	45	0.00002
77	45	0.00007
78	45	-0.00040
79	45	0.00002
80	45	0.00001
81	45	-0.00013
82	45	0.00004
83	45	0.00002
84	45	0.00009
85	45	-0.00009
86	45	-0.00017
87	45	-0.00005
88	45	0.00012
1	46	0.00391
2	46	-0.00051
3	46	-0.00027
4	46	0.00518
5	46	0.00939
6	46	-0.00051
7	46	0.00153
8	46	0.00037
9	46	0.00081
10	46	0.00429
11	46	0.00324
12	46	-0.00609
13	46	0.00265
14	46	0.00243
15	46	-0.00157
16	46	-0.00310
17	46	0.00045
18	46	-0.00155
19	46	-0.00807
20	46	-0.00156
21	46	0.00032
22	46	0.00514
23	46	-0.00435
24	46	0.00421
25	46	0.00278
26	46	0.00423
27	46	0.00464
28	46	-0.00786
29	46	-0.00249
30	46	-0.00469
31	46	-0.00381
32	46	-0.00116
33	46	-0.00034
34	46	-0.00021
35	46	0.00254
36	46	0.00167
37	46	0.00787
38	46	0.01565
39	46	0.00194
40	46	0.00587
41	46	-0.00745
42	46	-0.11504
43	46	-0.19101
44	46	-0.16420
45	46	0.24831
46	46	0.92095
47	46	-0.00238
48	46	0.03907
49	46	-0.01786
50	46	-0.07525
51	46	0.01119
52	46	0.00940
53	46	-0.01308
54	46	0.02540
55	46	-0.02038
56	46	-0.02215
57	46	-0.01313
58	46	0.00751
59	46	-0.00038
60	46	-0.00331
61	46	0.01267
62	46	0.00290
63	46	-0.01601
64	46	-0.00459
65	46	0.00186
66	46	-0.00136
67	46	-0.00509
68	46	-0.00419
69	46	-0.02124
70	46	-0.00257
71	46	0.00214
72	46	0.00081
73	46	0.01950
74	46	0.01472
75	46	0.00513
76	46	0.00002
77	46	0.00080
78	46	0.00068
79	46	-0.00001
80	46	0.00007
81	46	-0.00074
82	46	-0.00057
83	46	-0.00000
84	46	0.00051
85	46	0.00003
86	46	-0.00005
87	46	-0.00075
88	46	-0.00007
1	47	-0.00041
2	47	-0.00050
3	47	-0.00069
4	47	-0.00073
5	47	-0.00039
6	47	-0.00004
7	47	0.00038
8	47	-0.00089
9	47	-0.00066
10	47	-0.00246
11	47	0.00008
12	47	0.00241
13	47	-0.00171
14	47	-0.00050
15	47	0.00033
16	47	-0.00087
17	47	-0.00032
18	47	-0.00069
19	47	0.00155
20	47	-0.00001
21	47	0.00189
22	47	-0.00019
23	47	0.00022
24	47	-0.00439
25	47	0.00007
26	47	-0.00014
27	47	-0.00061
28	47	0.00097
29	47	0.00532
30	47	-0.00356
31	47	-0.00117
32	47	-0.00029
33	47	-0.00794
34	47	0.00011
35	47	-0.00858
36	47	0.00005
37	47	0.00071
38	47	0.00085
39	47	-0.00505
40	47	0.00235
41	47	0.00016
42	47	0.00253
43	47	0.02070
44	47	0.00263
45	47	-0.04381
46	47	0.00202
47	47	0.90191
48	47	0.42824
49	47	-0.00238
50	47	0.00775
51	47	-0.00166
52	47	0.00182
53	47	-0.02070
54	47	0.00296
55	47	-0.00041
56	47	-0.00278
57	47	-0.00352
58	47	-0.00056
59	47	-0.00345
60	47	0.00572
61	47	0.00178
62	47	-0.00133
63	47	0.00018
64	47	-0.00000
65	47	0.00033
66	47	0.00099
67	47	-0.00036
68	47	0.00241
69	47	0.00100
70	47	-0.00024
71	47	-0.00023
72	47	0.00028
73	47	0.00013
74	47	-0.00103
75	47	-0.00029
76	47	0.00009
77	47	0.00007
78	47	-0.00003
79	47	-0.00000
80	47	-0.00000
81	47	-0.00007
82	47	-0.00001
83	47	0.00021
84	47	0.00004
85	47	-0.00004
86	47	0.00001
87	47	-0.00005
88	47	0.00033
1	48	-0.00621
2	48	0.00311
3	48	0.00096
4	48	-0.00966
5	48	-0.00919
6	48	-0.00057
7	48	0.00126
8	48	0.00206
9	48	-0.00354
10	48	-0.01397
11	48	0.00071
12	48	0.01404
13	48	-0.00777
14	48	-0.01290
15	48	0.00613
16	48	0.00032
17	48	-0.00173
18	48	0.00060
19	48	0.01505
20	48	0.00076
21	48	-0.00500
22	48	-0.00571
23	48	0.00294
24	48	-0.02198
25	48	0.00117
26	48	-0.00865
27	48	-0.00401
28	48	0.00321
29	48	-0.00387
30	48	-0.00509
31	48	-0.00359
32	48	-0.00080
33	48	0.00251
34	48	0.00181
35	48	0.00021
36	48	-0.00140
37	48	0.00496
38	48	0.00696
39	48	0.00031
40	48	-0.00414
41	48	0.00160
42	48	0.04840
43	48	0.18394
44	48	0.12666
45	48	-0.19930
46	48	0.16827
47	48	0.38542
48	48	-0.84627
49	48	0.00785
50	48	0.08426
51	48	-0.01155
52	48	0.01267
53	48	0.01463
54	48	0.01539
55	48	0.01336
56	48	0.02426
57	48	0.00635
58	48	0.00660
59	48	-0.00092
60	48	-0.00506
61	48	0.00713
62	48	-0.00957
63	48	0.00297
64	48	0.01162
65	48	0.00098
66	48	0.00129
67	48	-0.00165
68	48	0.00239
69	48	0.01747
70	48	0.00726
71	48	-0.00308
72	48	0.00436
73	48	-0.01035
74	48	-0.00739
75	48	-0.00267
76	48	-0.00001
77	48	0.00040
78	48	-0.00059
79	48	0.00002
80	48	-0.00004
81	48	-0.00042
82	48	0.00008
83	48	-0.00002
84	48	0.00017
85	48	-0.00006
86	48	0.00013
87	48	-0.00028
88	48	0.00004
1	49	0.00015
2	49	0.00090
3	49	0.00197
4	49	-0.00091
5	49	-0.00108
6	49	0.00111
7	49	-0.00003
8	49	0.00016
9	49	-0.00085
10	49	-0.00108
11	49	-0.00134
12	49	0.00242
13	49	-0.00067
14	49	-0.00172
15	49	0.00020
16	49	-0.00060
17	49	-0.00076
18	49	-0.00003
19	49	0.00152
20	49	0.00097
21	49	-0.00038
22	49	-0.00097
23	49	0.00074
24	49	-0.00276
25	49	0.00037
26	49	-0.00145
27	49	-0.00171
28	49	0.00128
29	49	-0.00009
30	49	-0.00090
31	49	0.00221
32	49	0.00013
33	49	0.00017
34	49	0.00377
35	49	-0.00031
36	49	-0.00125
37	49	0.00026
38	49	-0.00426
39	49	-0.00004
40	49	-0.00036
41	49	0.00382
42	49	0.00730
43	49	0.02111
44	49	0.01941
45	49	-0.02571
46	49	0.03582
47	49	-0.01279
48	49	0.02785
49	49	0.99736
50	49	0.02629
51	49	-0.00326
52	49	-0.01276
53	49	0.00357
54	49	0.02440
55	49	-0.00680
56	49	0.00403
57	49	0.01283
58	49	-0.00119
59	49	0.00107
60	49	-0.00195
61	49	0.01292
62	49	-0.00248
63	49	0.00026
64	49	0.00218
65	49	0.00333
66	49	0.00038
67	49	0.00329
68	49	0.00042
69	49	0.00254
70	49	0.00098
71	49	0.00074
72	49	0.00364
73	49	-0.00297
74	49	-0.00223
75	49	-0.00083
76	49	-0.00000
77	49	-0.00024
78	49	-0.00011
79	49	0.00000
80	49	0.00040
81	49	-0.00016
82	49	-0.00002
83	49	-0.00000
84	49	0.00050
85	49	-0.00001
86	49	-0.00001
87	49	-0.00015
88	49	-0.00000
1	50	-0.00387
2	50	0.00015
3	50	-0.00031
4	50	-0.00192
5	50	0.00002
6	50	-0.00075
7	50	-0.00353
8	50	-0.00149
9	50	-0.00189
10	50	-0.00058
11	50	-0.00047
12	50	-0.00119
13	50	-0.00015
14	50	-0.00281
15	50	-0.00104
16	50	0.00264
17	50	0.00000
18	50	-0.00128
19	50	-0.00469
20	50	0.00067
21	50	-0.00292
22	50	0.00162
23	50	0.00061
24	50	-0.01148
25	50	-0.00016
26	50	-0.00193
27	50	-0.00175
28	50	-0.00612
29	50	-0.00237
30	50	-0.00477
31	50	-0.00097
32	50	0.00233
33	50	0.00117
34	50	0.00031
35	50	0.00112
36	50	-0.00159
37	50	0.00054
38	50	0.00011
39	50	0.00032
40	50	-0.00068
41	50	0.00030
42	50	-0.01845
43	50	0.00701
44	50	-0.00684
45	50	-0.00056
46	50	-0.07993
47	50	0.05215
48	50	-0.09233
49	50	0.03251
50	50	-0.98766
51	50	0.01551
52	50	-0.00066
53	50	-0.01469
54	50	0.00914
55	50	-0.02995
56	50	-0.01956
57	50	-0.03966
58	50	-0.00540
59	50	-0.00247
60	50	0.02301
61	50	-0.00136
62	50	0.03394
63	50	0.01690
64	50	-0.01877
65	50	-0.00052
66	50	-0.00423
67	50	0.00276
68	50	-0.00218
69	50	-0.00120
70	50	0.01311
71	50	-0.00061
72	50	0.00096
73	50	-0.00278
74	50	-0.00138
75	50	-0.00028
76	50	0.00003
77	50	0.00007
78	50	0.00012
79	50	-0.00002
80	50	-0.00003
81	50	-0.00009
82	50	0.00013
83	50	0.00003
84	50	-0.00001
85	50	0.00003
86	50	0.00059
87	50	-0.00012
88	50	-0.00006
1	51	0.00007
2	51	-0.00021
3	51	-0.00007
4	51	0.00016
5	51	0.00019
6	51	-0.00003
7	51	-0.00028
8	51	0.00020
9	51	-0.00007
10	51	-0.00049
11	51	0.00017
12	51	-0.00009
13	51	0.00008
14	51	-0.00032
15	51	-0.00011
16	51	0.00023
17	51	-0.00000
18	51	-0.00012
19	51	-0.00009
20	51	0.00002
21	51	-0.00066
22	51	0.00037
23	51	0.00008
24	51	-0.00107
25	51	0.00009
26	51	-0.00080
27	51	0.00013
28	51	-0.00036
29	51	-0.00112
30	51	-0.00082
31	51	-0.00012
32	51	0.00007
33	51	0.00042
34	51	0.00010
35	51	-0.00002
36	51	0.00011
37	51	0.00014
38	51	-0.00011
39	51	0.00050
40	51	-0.00043
41	51	0.00000
42	51	-0.00175
43	51	0.00233
44	51	0.00076
45	51	0.00074
46	51	-0.01012
47	51	0.00676
48	51	-0.01055
49	51	0.00351
50	51	0.01880
51	51	0.99959
52	51	-0.00165
53	51	-0.00136
54	51	0.00136
55	51	-0.00480
56	51	-0.00046
57	51	-0.00684
58	51	-0.00064
59	51	0.00056
60	51	0.00289
61	51	-0.00045
62	51	0.00606
63	51	0.00174
64	51	-0.00304
65	51	-0.00012
66	51	-0.00075
67	51	0.00026
68	51	-0.00094
69	51	0.00003
70	51	0.00004
71	51	0.00012
72	51	-0.00011
73	51	0.00025
74	51	0.00012
75	51	0.00022
76	51	-0.00010
77	51	0.00001
78	51	0.00004
79	51	0.00011
80	51	-0.00001
81	51	-0.00001
82	51	0.00001
83	51	-0.00000
84	51	-0.00000
85	51	-0.00002
86	51	0.00004
87	51	-0.00001
88	51	-0.00004
1	52	-0.00088
2	52	-0.00008
3	52	0.00055
4	52	-0.00069
5	52	0.00004
6	52	0.00046
7	52	0.00006
8	52	0.00023
9	52	-0.00117
10	52	-0.00011
11	52	-0.00035
12	52	-0.00010
13	52	-0.00045
14	52	-0.00031
15	52	-0.00054
16	52	-0.00022
17	52	0.00121
18	52	-0.00011
19	52	-0.00011
20	52	0.00089
21	52	0.00012
22	52	-0.00076
23	52	0.00004
24	52	0.00024
25	52	0.00044
26	52	0.00014
27	52	-0.00090
28	52	0.00007
29	52	0.00010
30	52	-0.00024
31	52	0.00080
32	52	-0.00004
33	52	-0.00015
34	52	0.00149
35	52	-0.00006
36	52	-0.00060
37	52	0.00107
38	52	-0.00217
39	52	0.00008
40	52	0.00054
41	52	0.00016
42	52	-0.00437
43	52	-0.00975
44	52	0.00813
45	52	-0.00275
46	52	0.00922
47	52	0.00671
48	52	-0.01014
49	52	-0.01353
50	52	0.00086
51	52	-0.00168
52	52	-0.99935
53	52	-0.00198
54	52	0.02964
55	52	-0.00151
56	52	-0.00013
57	52	0.00183
58	52	-0.00122
59	52	0.00097
60	52	-0.00182
61	52	0.00204
62	52	-0.00217
63	52	-0.00165
64	52	0.00108
65	52	-0.00127
66	52	0.00015
67	52	0.00132
68	52	-0.00011
69	52	-0.00042
70	52	0.00091
71	52	0.00472
72	52	-0.00005
73	52	-0.00034
74	52	-0.00009
75	52	0.00004
76	52	-0.00001
77	52	-0.00013
78	52	-0.00000
79	52	-0.00000
80	52	0.00013
81	52	-0.00004
82	52	-0.00001
83	52	-0.00001
84	52	0.00020
85	52	0.00001
86	52	0.00001
87	52	0.00009
88	52	-0.00002
1	53	-0.00028
2	53	0.00003
3	53	-0.00092
4	53	0.00030
5	53	0.00105
6	53	-0.00004
7	53	-0.00024
8	53	-0.00160
9	53	-0.00015
10	53	-0.00077
11	53	0.00038
12	53	-0.00002
13	53	-0.00062
14	53	0.00103
15	53	-0.00012
16	53	-0.00059
17	53	-0.00009
18	53	-0.00107
19	53	-0.00119
20	53	-0.00029
21	53	0.00230
22	53	0.00081
23	53	-0.00006
24	53	-0.00256
25	53	0.00011
26	53	0.00180
27	53	0.00024
28	53	-0.00142
29	53	0.00542
30	53	-0.00328
31	53	-0.00083
32	53	0.00021
33	53	-0.00610
34	53	-0.00005
35	53	-0.00584
36	53	0.00002
37	53	0.00006
38	53	-0.00024
39	53	-0.00198
40	53	0.00416
41	53	-0.00013
42	53	-0.00603
43	53	-0.00361
44	53	-0.00919
45	53	-0.00522
46	53	-0.01388
47	53	-0.01134
48	53	-0.02542
49	53	0.00450
50	53	0.01963
51	53	-0.00224
52	53	0.00201
53	53	-0.99884
54	53	0.00242
55	53	-0.00526
56	53	-0.01006
57	53	-0.01779
58	53	-0.00503
59	53	-0.00915
60	53	0.01371
61	53	-0.00007
62	53	0.00239
63	53	0.00189
64	53	-0.00478
65	53	0.00002
66	53	0.00023
67	53	0.00027
68	53	0.00339
69	53	-0.00287
70	53	-0.00009
71	53	0.00021
72	53	-0.00059
73	53	0.00253
74	53	-0.00048
75	53	0.00064
76	53	0.00003
77	53	0.00002
78	53	0.00005
79	53	0.00013
80	53	-0.00001
81	53	0.00000
82	53	-0.00002
83	53	0.00005
84	53	-0.00000
85	53	-0.00019
86	53	0.00003
87	53	-0.00001
88	53	0.00045
1	54	0.00036
2	54	0.00066
3	54	-0.00115
4	54	0.00079
5	54	0.00023
6	54	0.00055
7	54	-0.00002
8	54	-0.00009
9	54	0.00044
10	54	0.00016
11	54	-0.00024
12	54	-0.00089
13	54	-0.00061
14	54	0.00019
15	54	-0.00015
16	54	0.00041
17	54	0.00010
18	54	0.00027
19	54	-0.00022
20	54	0.00063
21	54	0.00013
22	54	-0.00149
23	54	-0.00155
24	54	0.00026
25	54	0.00108
26	54	0.00010
27	54	0.00079
28	54	0.00036
29	54	0.00038
30	54	-0.00006
31	54	0.00229
32	54	0.00067
33	54	-0.00010
34	54	0.00086
35	54	-0.00010
36	54	0.00053
37	54	-0.00301
38	54	0.00238
39	54	-0.00011
40	54	-0.00019
41	54	-0.00095
42	54	0.00102
43	54	-0.00512
44	54	0.00149
45	54	0.00114
46	54	0.02744
47	54	0.00870
48	54	-0.01086
49	54	0.02426
50	54	-0.00895
51	54	0.00144
52	54	-0.02954
53	54	-0.00249
54	54	-0.99819
55	54	0.02462
56	54	0.00304
57	54	-0.02271
58	54	0.00582
59	54	-0.00373
60	54	0.00299
61	54	-0.00758
62	54	0.00338
63	54	0.00190
64	54	-0.00269
65	54	0.00014
66	54	-0.00024
67	54	-0.00461
68	54	0.00026
69	54	0.00280
70	54	-0.00023
71	54	-0.00071
72	54	0.00069
73	54	-0.00119
74	54	-0.00105
75	54	-0.00041
76	54	-0.00001
77	54	-0.00041
78	54	0.00002
79	54	0.00000
80	54	-0.00001
81	54	0.00057
82	54	0.00022
83	54	0.00000
84	54	-0.00025
85	54	0.00000
86	54	0.00010
87	54	0.00043
88	54	0.00001
1	55	-0.00788
2	55	0.00301
3	55	0.00191
4	55	-0.00851
5	55	-0.01246
6	55	-0.00031
7	55	0.00198
8	55	0.00162
9	55	-0.00111
10	55	-0.00236
11	55	-0.00179
12	55	0.00140
13	55	0.00034
14	55	0.00149
15	55	-0.00492
16	55	0.00560
17	55	0.00043
18	55	0.00211
19	55	0.00630
20	55	0.00026
21	55	-0.00187
22	55	-0.00436
23	55	0.00277
24	55	-0.00724
25	55	-0.00062
26	55	-0.00238
27	55	-0.00208
28	55	0.00334
29	55	0.00337
30	55	0.00791
31	55	0.00197
32	55	-0.00426
33	55	0.00034
34	55	-0.00023
35	55	-0.00045
36	55	0.00142
37	55	-0.00010
38	55	0.00024
39	55	-0.00100
40	55	-0.00356
41	55	0.00018
42	55	0.01986
43	55	0.01430
44	55	0.01295
45	55	-0.01566
46	55	0.03872
47	55	-0.01249
48	55	0.02825
49	55	-0.00438
50	55	-0.04663
51	55	0.00830
52	55	-0.00053
53	55	-0.01494
54	55	0.00991
55	55	0.81420
56	55	0.06978
57	55	0.53651
58	55	-0.00734
59	55	-0.01875
60	55	0.10491
61	55	0.01320
62	55	0.10084
63	55	0.10764
64	55	0.01148
65	55	-0.00059
66	55	-0.00300
67	55	0.00449
68	55	0.00740
69	55	0.04332
70	55	0.01991
71	55	-0.00565
72	55	0.00714
73	55	-0.03477
74	55	-0.02660
75	55	-0.00720
76	55	-0.00002
77	55	-0.00002
78	55	-0.00072
79	55	0.00001
80	55	-0.00003
81	55	0.00000
82	55	0.00025
83	55	0.00000
84	55	-0.00006
85	55	0.00002
86	55	-0.00000
87	55	0.00013
88	55	0.00004
1	56	-0.00040
2	56	0.00084
3	56	-0.00082
4	56	-0.00068
5	56	-0.00067
6	56	0.00006
7	56	0.00002
8	56	-0.00053
9	56	-0.00019
10	56	-0.00321
11	56	0.00095
12	56	0.00106
13	56	-0.00087
14	56	-0.00088
15	56	0.00102
16	56	-0.00048
17	56	-0.00020
18	56	-0.00090
19	56	0.00271
20	56	-0.00036
21	56	-0.00048
22	56	0.00122
23	56	0.00081
24	56	-0.00307
25	56	0.00026
26	56	0.00087
27	56	0.00113
28	56	-0.00425
29	56	-0.00115
30	56	-0.00664
31	56	-0.00097
32	56	-0.00073
33	56	-0.00185
34	56	-0.00008
35	56	-0.00134
36	56	0.00046
37	56	0.00025
38	56	-0.00074
39	56	0.00012
40	56	0.00491
41	56	-0.00029
42	56	-0.00977
43	56	0.00277
44	56	-0.00439
45	56	-0.00375
46	56	-0.01872
47	56	0.00842
48	56	-0.02470
49	56	0.00724
50	56	0.02705
51	56	-0.00191
52	56	-0.00037
53	56	0.01338
54	56	0.00280
55	56	0.14311
56	56	-0.98047
57	56	-0.10270
58	56	-0.00689
59	56	0.00296
60	56	0.04985
61	56	-0.00198
62	56	0.03953
63	56	0.01025
64	56	-0.01859
65	56	-0.00048
66	56	-0.00174
67	56	0.00062
68	56	0.00815
69	56	-0.00288
70	56	-0.00311
71	56	0.00121
72	56	-0.00158
73	56	0.00845
74	56	0.00083
75	56	0.00434
76	56	0.00005
77	56	0.00003
78	56	0.00011
79	56	0.00002
80	56	-0.00002
81	56	0.00003
82	56	-0.00006
83	56	0.00005
84	56	-0.00002
85	56	-0.00012
86	56	-0.00014
87	56	0.00000
88	56	0.00020
1	57	-0.00256
2	57	0.00210
3	57	0.00074
4	57	-0.00146
5	57	-0.00093
6	57	0.00006
7	57	0.00019
8	57	-0.00080
9	57	-0.00032
10	57	0.00103
11	57	0.00003
12	57	0.00053
13	57	-0.00069
14	57	-0.00057
15	57	0.00187
16	57	-0.00030
17	57	-0.00006
18	57	0.00001
19	57	-0.00083
20	57	-0.00018
21	57	0.00120
22	57	-0.00066
23	57	-0.00000
24	57	0.00040
25	57	0.00006
26	57	0.00189
27	57	0.00020
28	57	-0.00324
29	57	0.00247
30	57	0.00100
31	57	0.00011
32	57	0.00024
33	57	-0.00186
34	57	0.00010
35	57	-0.00222
36	57	0.00003
37	57	-0.00011
38	57	0.00005
39	57	-0.00114
40	57	0.00169
41	57	0.00002
42	57	-0.00148
43	57	-0.00231
44	57	-0.00094
45	57	-0.00060
46	57	0.00175
47	57	-0.00253
48	57	-0.00254
49	57	-0.00039
50	57	0.00010
51	57	0.00084
52	57	-0.00003
53	57	0.00908
54	57	-0.00074
55	57	-0.02994
56	57	-0.01378
57	57	0.03384
58	57	-0.38692
59	57	-0.91629
60	57	-0.04673
61	57	0.00612
62	57	-0.07912
63	57	-0.00212
64	57	0.00490
65	57	0.00101
66	57	0.00664
67	57	-0.00000
68	57	0.00398
69	57	-0.00302
70	57	0.00036
71	57	-0.00066
72	57	0.00073
73	57	-0.00258
74	57	-0.00243
75	57	0.00132
76	57	0.00003
77	57	-0.00004
78	57	-0.00015
79	57	0.00008
80	57	0.00004
81	57	0.00001
82	57	-0.00004
83	57	0.00007
84	57	0.00004
85	57	-0.00004
86	57	0.00001
87	57	0.00001
88	57	0.00028
1	58	0.00489
2	58	0.00055
3	58	0.00043
4	58	0.00236
5	58	0.00171
6	58	-0.00016
7	58	0.00036
8	58	-0.00034
9	58	0.00178
10	58	0.00185
11	58	0.00001
12	58	0.00063
13	58	0.00077
14	58	0.00001
15	58	0.00046
16	58	0.00001
17	58	-0.00123
18	58	-0.00006
19	58	-0.00108
20	58	-0.00061
21	58	0.00008
22	58	0.00135
23	58	-0.00015
24	58	-0.00088
25	58	-0.00056
26	58	-0.00074
27	58	0.00112
28	58	0.00074
29	58	-0.00017
30	58	-0.00074
31	58	0.00066
32	58	0.00028
33	58	-0.00021
34	58	-0.00243
35	58	-0.00017
36	58	0.00011
37	58	0.00089
38	58	0.00136
39	58	-0.00020
40	58	-0.00041
41	58	-0.00072
42	58	0.00126
43	58	0.00895
44	58	-0.00582
45	58	0.00142
46	58	-0.00669
47	58	-0.00295
48	58	0.00381
49	58	0.00401
50	58	-0.00121
51	58	0.00028
52	58	-0.00216
53	58	0.00045
54	58	0.00992
55	58	0.03860
56	58	0.00711
57	58	-0.06430
58	58	0.91129
59	58	-0.39171
60	58	0.02497
61	58	-0.09703
62	58	0.01412
63	58	-0.00406
64	58	-0.01171
65	58	-0.00543
66	58	-0.00002
67	58	-0.00868
68	58	-0.00031
69	58	-0.00540
70	58	-0.00502
71	58	-0.00312
72	58	0.00128
73	58	0.00028
74	58	-0.00010
75	58	-0.00038
76	58	0.00001
77	58	0.00038
78	58	0.00000
79	58	0.00001
80	58	-0.00051
81	58	0.00022
82	58	0.00003
83	58	0.00002
84	58	-0.00045
85	58	-0.00002
86	58	-0.00008
87	58	0.00000
88	58	0.00005
1	59	0.00207
2	59	0.00075
3	59	-0.00093
4	59	0.00243
5	59	-0.00034
6	59	0.00080
7	59	0.00153
8	59	0.00094
9	59	0.00176
10	59	-0.00295
11	59	0.00077
12	59	0.00601
13	59	0.00055
14	59	-0.00255
15	59	-0.00145
16	59	0.00135
17	59	-0.00013
18	59	0.00189
19	59	-0.00172
20	59	0.00021
21	59	-0.00013
22	59	0.00178
23	59	0.00061
24	59	-0.00037
25	59	0.00014
26	59	-0.00593
27	59	0.00027
28	59	0.01130
29	59	-0.00527
30	59	-0.00384
31	59	-0.00056
32	59	-0.00130
33	59	0.00057
34	59	0.00005
35	59	0.00199
36	59	0.00054
37	59	-0.00007
38	59	-0.00209
39	59	0.00084
40	59	-0.00237
41	59	0.00035
42	59	-0.00546
43	59	0.01849
44	59	0.00701
45	59	-0.00814
46	59	0.00141
47	59	0.00087
48	59	0.00870
49	59	0.00123
50	59	-0.02216
51	59	0.00282
52	59	0.00103
53	59	-0.01235
54	59	0.00470
55	59	0.19235
56	59	-0.00753
57	59	-0.09593
58	59	0.01916
59	59	0.02910
60	59	-0.95740
61	59	-0.01465
62	59	0.01600
63	59	-0.04049
64	59	-0.15662
65	59	-0.00004
66	59	0.00277
67	59	-0.00247
68	59	-0.00163
69	59	-0.03973
70	59	-0.06571
71	59	-0.00089
72	59	0.00182
73	59	-0.02306
74	59	-0.01640
75	59	-0.01045
76	59	-0.00007
77	59	-0.00004
78	59	-0.00025
79	59	-0.00006
80	59	0.00003
81	59	0.00006
82	59	-0.00020
83	59	-0.00011
84	59	0.00001
85	59	0.00000
86	59	-0.00052
87	59	0.00008
88	59	-0.00031
1	60	-0.00258
2	60	-0.00063
3	60	-0.00097
4	60	-0.00228
5	60	-0.00309
6	60	-0.00027
7	60	-0.00002
8	60	0.00036
9	60	-0.00157
10	60	-0.00026
11	60	0.00005
12	60	0.00030
13	60	-0.00214
14	60	-0.00088
15	60	0.00024
16	60	0.00011
17	60	0.00060
18	60	0.00024
19	60	0.00364
20	60	-0.00035
21	60	-0.00013
22	60	-0.00222
23	60	-0.00060
24	60	0.00140
25	60	-0.00027
26	60	0.00064
27	60	-0.00018
28	60	0.00015
29	60	0.00045
30	60	0.00196
31	60	-0.00050
32	60	0.00072
33	60	0.00036
34	60	-0.00036
35	60	0.00018
36	60	0.00048
37	60	0.00092
38	60	-0.00058
39	60	0.00006
40	60	-0.00014
41	60	-0.00098
42	60	0.00931
43	60	-0.00507
44	60	0.00719
45	60	-0.00514
46	60	0.01735
47	60	0.00347
48	60	-0.00195
49	60	0.00709
50	60	-0.00423
51	60	0.00072
52	60	-0.00107
53	60	-0.00405
54	60	-0.00159
55	60	-0.14182
56	60	-0.04538
57	60	0.23785
58	60	-0.06163
59	60	0.03492
60	60	-0.04278
61	60	-0.95427
62	60	0.01053
63	60	0.03485
64	60	0.01789
65	60	-0.00660
66	60	0.00165
67	60	-0.00019
68	60	0.00519
69	60	0.03725
70	60	0.00270
71	60	0.00411
72	60	0.00249
73	60	-0.00737
74	60	-0.00556
75	60	-0.00072
76	60	-0.00004
77	60	0.00006
78	60	0.00002
79	60	-0.00002
80	60	-0.00038
81	60	0.00042
82	60	0.00024
83	60	-0.00004
84	60	-0.00053
85	60	0.00002
86	60	0.00036
87	60	0.00037
88	60	-0.00007
1	61	-0.00354
2	61	-0.00024
3	61	0.00100
4	61	-0.00612
5	61	-0.00161
6	61	-0.00139
7	61	-0.00312
8	61	-0.00116
9	61	-0.00321
10	61	0.00379
11	61	-0.00195
12	61	-0.00664
13	61	-0.00167
14	61	0.00197
15	61	0.00216
16	61	-0.00173
17	61	0.00021
18	61	-0.00121
19	61	0.00574
20	61	0.00029
21	61	-0.00170
22	61	-0.00217
23	61	-0.00024
24	61	0.00128
25	61	-0.00025
26	61	0.00491
27	61	-0.00012
28	61	-0.01237
29	61	0.00156
30	61	0.00524
31	61	0.00102
32	61	0.00151
33	61	0.00379
34	61	0.00036
35	61	0.00169
36	61	0.00034
37	61	0.00025
38	61	0.00387
39	61	0.00119
40	61	0.00107
41	61	0.00001
42	61	0.02068
43	61	-0.01425
44	61	-0.00328
45	61	0.00405
46	61	-0.00440
47	61	0.00497
48	61	-0.00492
49	61	-0.00720
50	61	0.02048
51	61	-0.00350
52	61	-0.00031
53	61	-0.00444
54	61	-0.01511
55	61	-0.32842
56	61	-0.06238
57	61	0.34551
58	61	0.02979
59	61	-0.04973
60	61	-0.13839
61	61	0.16034
62	61	0.80799
63	61	0.11175
64	61	0.19649
65	61	0.00243
66	61	-0.00155
67	61	0.00374
68	61	0.00475
69	61	0.09376
70	61	0.07233
71	61	-0.00115
72	61	-0.00234
73	61	0.01676
74	61	0.01538
75	61	0.01144
76	61	-0.00007
77	61	0.00005
78	61	0.00047
79	61	-0.00007
80	61	0.00003
81	61	-0.00022
82	61	0.00031
83	61	-0.00011
84	61	0.00010
85	61	0.00003
86	61	0.00096
87	61	-0.00024
88	61	-0.00029
1	62	-0.00432
2	62	0.00172
3	62	-0.00144
4	62	-0.00173
5	62	-0.00945
6	62	0.00040
7	62	0.00390
8	62	0.00254
9	62	-0.00175
10	62	-0.00346
11	62	-0.00033
12	62	0.00831
13	62	-0.00448
14	62	-0.00324
15	62	0.00310
16	62	0.00048
17	62	-0.00015
18	62	0.00206
19	62	0.01300
20	62	0.00030
21	62	0.00063
22	62	-0.00215
23	62	0.00105
24	62	0.00270
25	62	0.00066
26	62	-0.00154
27	62	0.00185
28	62	0.00899
29	62	0.00141
30	62	0.00388
31	62	0.00039
32	62	0.00066
33	62	-0.00090
34	62	0.00149
35	62	-0.00094
36	62	0.00414
37	62	0.00086
38	62	0.00325
39	62	-0.00144
40	62	-0.00378
41	62	0.00087
42	62	0.04396
43	62	0.02343
44	62	0.01681
45	62	-0.02877
46	62	0.02105
47	62	-0.01129
48	62	0.02165
49	62	-0.01686
50	62	-0.03628
51	62	0.00713
52	62	0.00213
53	62	-0.01368
54	62	-0.02628
55	62	-0.36801
56	62	-0.14944
57	62	0.63916
58	62	0.11670
59	62	0.04180
60	62	-0.13983
61	62	0.22840
62	62	-0.52309
63	62	0.18227
64	62	-0.06006
65	62	0.00588
66	62	0.00763
67	62	-0.00193
68	62	0.02732
69	62	0.13507
70	62	-0.04930
71	62	-0.00893
72	62	0.00524
73	62	-0.05294
74	62	-0.04405
75	62	-0.01480
76	62	-0.00005
77	62	-0.00004
78	62	-0.00019
79	62	0.00003
80	62	0.00002
81	62	-0.00015
82	62	0.00023
83	62	0.00001
84	62	0.00009
85	62	-0.00001
86	62	0.00081
87	62	-0.00014
88	62	0.00016
1	63	0.00543
2	63	-0.00212
3	63	-0.00484
4	63	-0.00135
5	63	0.00377
6	63	-0.00089
7	63	-0.00286
8	63	-0.00189
9	63	0.00237
10	63	-0.00173
11	63	-0.00033
12	63	-0.00105
13	63	-0.00034
14	63	0.00201
15	63	-0.00312
16	63	-0.00371
17	63	0.00091
18	63	0.00036
19	63	0.00044
20	63	0.00032
21	63	0.00069
22	63	0.00387
23	63	-0.00043
24	63	-0.00178
25	63	0.00017
26	63	-0.00513
27	63	0.00020
28	63	0.01060
29	63	-0.00452
30	63	-0.00883
31	63	-0.00199
32	63	-0.00164
33	63	-0.00232
34	63	0.00055
35	63	-0.00058
36	63	0.00065
37	63	0.00035
38	63	-0.00013
39	63	-0.00064
40	63	-0.00138
41	63	-0.00002
42	63	0.01942
43	63	0.00843
44	63	0.00400
45	63	-0.01073
46	63	-0.00988
47	63	0.00215
48	63	-0.00509
49	63	-0.00250
50	63	-0.01698
51	63	0.00219
52	63	0.00132
53	63	-0.00428
54	63	-0.00797
55	63	-0.04653
56	63	-0.03452
57	63	0.24538
58	63	0.01301
59	63	-0.00012
60	63	0.04309
61	63	0.03011
62	63	0.05585
63	63	-0.94267
64	63	-0.19483
65	63	-0.00060
66	63	0.00649
67	63	-0.00626
68	63	0.00253
69	63	0.02215
70	63	-0.05871
71	63	0.00355
72	63	-0.00501
73	63	-0.00001
74	63	-0.00038
75	63	-0.00483
76	63	0.00003
77	63	0.00008
78	63	0.00110
79	63	0.00003
80	63	-0.00006
81	63	-0.00006
82	63	0.00007
83	63	0.00003
84	63	-0.00004
85	63	-0.00008
86	63	0.00071
87	63	-0.00016
88	63	0.00008
1	64	-0.00018
2	64	0.00166
3	64	-0.00095
4	64	-0.00416
5	64	-0.00460
6	64	-0.00036
7	64	-0.00179
8	64	-0.00118
9	64	0.00146
10	64	-0.00175
11	64	-0.00093
12	64	-0.00121
13	64	0.00198
14	64	0.00564
15	64	-0.00747
16	64	0.00425
17	64	0.00115
18	64	0.00274
19	64	0.00099
20	64	0.00020
21	64	0.00010
22	64	0.00083
23	64	0.00173
24	64	-0.00514
25	64	-0.00007
26	64	-0.00731
27	64	-0.00152
28	64	0.01480
29	64	-0.00223
30	64	-0.00310
31	64	-0.00023
32	64	-0.00055
33	64	-0.00243
34	64	0.00004
35	64	-0.00088
36	64	0.00058
37	64	-0.00018
38	64	-0.00088
39	64	-0.00145
40	64	-0.00390
41	64	0.00001
42	64	0.02153
43	64	0.01355
44	64	0.00686
45	64	-0.01280
46	64	0.01174
47	64	-0.00969
48	64	0.01910
49	64	-0.00325
50	64	-0.03356
51	64	0.00554
52	64	0.00142
53	64	-0.00775
54	64	-0.00090
55	64	0.06509
56	64	-0.02074
57	64	-0.03542
58	64	0.01802
59	64	0.01590
60	64	-0.11879
61	64	-0.00029
62	64	-0.17226
63	64	-0.20761
64	64	0.93356
65	64	-0.01738
66	64	-0.01419
67	64	0.01225
68	64	0.03328
69	64	0.08034
70	64	-0.10904
71	64	-0.00500
72	64	0.00758
73	64	-0.07671
74	64	-0.06257
75	64	-0.02469
76	64	0.00001
77	64	0.00002
78	64	0.00018
79	64	0.00004
80	64	-0.00011
81	64	0.00003
82	64	0.00023
83	64	0.00005
84	64	-0.00016
85	64	-0.00004
86	64	0.00019
87	64	0.00010
88	64	0.00014
1	65	-0.00238
2	65	-0.00023
3	65	-0.00078
4	65	-0.00067
5	65	-0.00075
6	65	-0.00068
7	65	0.00014
8	65	0.00016
9	65	0.00004
10	65	-0.00115
11	65	0.00022
12	65	-0.00018
13	65	0.00017
14	65	0.00048
15	65	0.00013
16	65	0.00029
17	65	-0.00074
18	65	0.00030
19	65	0.00029
20	65	0.00004
21	65	0.00001
22	65	0.00110
23	65	0.00091
24	65	0.00023
25	65	0.00022
26	65	0.00000
27	65	-0.00006
28	65	0.00019
29	65	-0.00005
30	65	-0.00006
31	65	0.00030
32	65	-0.00036
33	65	0.00003
34	65	0.00075
35	65	0.00003
36	65	0.00007
37	65	0.00013
38	65	0.00113
39	65	-0.00002
40	65	-0.00013
41	65	-0.00011
42	65	0.00049
43	65	0.00093
44	65	-0.00045
45	65	-0.00001
46	65	-0.00146
47	65	-0.00099
48	65	0.00121
49	65	-0.00296
50	65	-0.00104
51	65	0.00020
52	65	-0.00141
53	65	-0.00012
54	65	0.00033
55	65	0.00333
56	65	-0.00013
57	65	-0.00278
58	65	0.00438
59	65	-0.00081
60	65	-0.00015
61	65	-0.00889
62	65	-0.00042
63	65	-0.00517
64	65	0.01602
65	65	0.99935
66	65	0.00095
67	65	0.00198
68	65	0.00181
69	65	-0.00536
70	65	-0.00667
71	65	-0.01357
72	65	-0.01409
73	65	-0.00496
74	65	-0.00354
75	65	-0.00184
76	65	0.00001
77	65	-0.00007
78	65	-0.00004
79	65	0.00001
80	65	0.00022
81	65	-0.00023
82	65	-0.00006
83	65	0.00001
84	65	0.00031
85	65	-0.00002
86	65	-0.00001
87	65	-0.00014
88	65	0.00003
1	66	0.00142
2	66	-0.00164
3	66	-0.00078
4	66	0.00075
5	66	0.00073
6	66	-0.00003
7	66	-0.00013
8	66	0.00001
9	66	-0.00037
10	66	-0.00071
11	66	-0.00009
12	66	0.00025
13	66	-0.00008
14	66	-0.00041
15	66	-0.00049
16	66	-0.00017
17	66	-0.00009
18	66	-0.00039
19	66	0.00051
20	66	0.00016
21	66	-0.00036
22	66	0.00024
23	66	-0.00009
24	66	0.00016
25	66	-0.00006
26	66	-0.00057
27	66	-0.00009
28	66	0.00042
29	66	-0.00108
30	66	-0.00015
31	66	-0.00003
32	66	-0.00005
33	66	0.00081
34	66	0.00001
35	66	0.00046
36	66	-0.00006
37	66	0.00006
38	66	0.00001
39	66	0.00009
40	66	-0.00008
41	66	0.00004
42	66	-0.00144
43	66	0.00020
44	66	0.00010
45	66	0.00066
46	66	-0.00130
47	66	0.00167
48	66	-0.00043
49	66	0.00026
50	66	0.00416
51	66	-0.00075
52	66	-0.00009
53	66	-0.00018
54	66	-0.00008
55	66	-0.00390
56	66	0.00057
57	66	0.00420
58	66	-0.00160
59	66	-0.00544
60	66	-0.00464
61	66	0.00001
62	66	-0.00686
63	66	-0.00377
64	66	-0.01417
65	66	0.00151
66	66	-0.99937
67	66	0.00241
68	66	-0.01481
69	66	0.01878
70	66	0.01351
71	66	0.00228
72	66	-0.00308
73	66	0.01525
74	66	0.01095
75	66	0.00269
76	66	-0.00001
77	66	0.00001
78	66	0.00009
79	66	0.00003
80	66	-0.00000
81	66	-0.00001
82	66	-0.00001
83	66	-0.00011
84	66	0.00001
85	66	0.00011
86	66	-0.00011
87	66	0.00000
88	66	-0.00017
1	67	0.00017
2	67	-0.00129
3	67	0.00057
4	67	-0.00029
5	67	0.00038
6	67	-0.00040
7	67	-0.00117
8	67	-0.00062
9	67	-0.00037
10	67	0.00134
11	67	-0.00042
12	67	-0.00079
13	67	0.00091
14	67	0.00071
15	67	-0.00033
16	67	0.00010
17	67	-0.00044
18	67	-0.00035
19	67	-0.00136
20	67	-0.00017
21	67	0.00023
22	67	0.00036
23	67	0.00070
24	67	0.00126
25	67	-0.00015
26	67	0.00067
27	67	-0.00049
28	67	-0.00096
29	67	0.00032
30	67	0.00066
31	67	-0.00014
32	67	0.00003
33	67	0.00014
34	67	-0.00039
35	67	0.00005
36	67	-0.00032
37	67	0.00040
38	67	-0.00093
39	67	0.00008
40	67	0.00027
41	67	-0.00083
42	67	-0.00156
43	67	-0.00294
44	67	-0.00048
45	67	0.00199
46	67	0.00466
47	67	0.00136
48	67	-0.00185
49	67	-0.00297
50	67	0.00257
51	67	-0.00029
52	67	0.00123
53	67	0.00035
54	67	-0.00452
55	67	-0.00181
56	67	0.00073
57	67	-0.00396
58	67	0.00785
59	67	-0.00332
60	67	-0.00168
61	67	-0.00110
62	67	-0.00316
63	67	-0.00455
64	67	-0.01504
65	67	-0.00162
66	67	0.00334
67	67	0.99978
68	67	0.00253
69	67	0.01886
70	67	0.00377
71	67	0.00244
72	67	-0.00711
73	67	0.00547
74	67	0.00383
75	67	0.00209
76	67	-0.00000
77	67	0.00007
78	67	-0.00002
79	67	-0.00001
80	67	0.00017
81	67	-0.00017
82	67	-0.00003
83	67	-0.00001
84	67	0.00010
85	67	0.00001
86	67	-0.00017
87	67	0.00002
88	67	-0.00004
1	68	0.00068
2	68	-0.00002
3	68	-0.00057
4	68	-0.00065
5	68	-0.00061
6	68	-0.00007
7	68	-0.00021
8	68	0.00028
9	68	0.00042
10	68	-0.00083
11	68	0.00003
12	68	0.00027
13	68	0.00008
14	68	-0.00017
15	68	-0.00004
16	68	-0.00026
17	68	0.00013
18	68	0.00016
19	68	0.00121
20	68	0.00004
21	68	-0.00075
22	68	0.00054
23	68	0.00030
24	68	-0.00014
25	68	0.00003
26	68	-0.00114
27	68	0.00014
28	68	0.00119
29	68	-0.00283
30	68	-0.00210
31	68	-0.00030
32	68	-0.00023
33	68	0.00126
34	68	0.00002
35	68	0.00161
36	68	0.00007
37	68	0.00008
38	68	-0.00015
39	68	0.00099
40	68	0.00010
41	68	-0.00004
42	68	0.00147
43	68	0.00203
44	68	0.00088
45	68	-0.00115
46	68	-0.00160
47	68	0.00219
48	68	0.00030
49	68	0.00007
50	68	0.00079
51	68	-0.00072
52	68	0.00008
53	68	-0.00391
54	68	-0.00033
55	68	0.00154
56	68	-0.00996
57	68	0.00898
58	68	-0.00002
59	68	-0.00290
60	68	-0.00337
61	68	0.00100
62	68	-0.01133
63	68	0.00036
64	68	0.01997
65	68	0.00178
66	68	0.01587
67	68	0.00106
68	68	-0.99366
69	68	0.09709
70	68	-0.04443
71	68	0.00260
72	68	-0.00253
73	68	0.00551
74	68	0.00372
75	68	-0.00006
76	68	-0.00009
77	68	0.00003
78	68	0.00020
79	68	-0.00005
80	68	-0.00002
81	68	-0.00001
82	68	-0.00001
83	68	-0.00007
84	68	-0.00001
85	68	0.00025
86	68	-0.00003
87	68	-0.00003
88	68	-0.00027
1	69	0.00178
2	69	0.00019
3	69	-0.00073
4	69	-0.00747
5	69	-0.00191
6	69	-0.00065
7	69	-0.00089
8	69	-0.00084
9	69	0.00302
10	69	0.00237
11	69	-0.00151
12	69	-0.00480
13	69	0.00507
14	69	0.00558
15	69	-0.00795
16	69	0.00315
17	69	0.00082
18	69	0.00019
19	69	-0.00940
20	69	-0.00010
21	69	0.00025
22	69	-0.00012
23	69	-0.00005
24	69	-0.00464
25	69	-0.00052
26	69	-0.00370
27	69	-0.00055
28	69	0.00363
29	69	-0.00081
30	69	-0.00162
31	69	0.00004
32	69	-0.00039
33	69	-0.00044
34	69	-0.00058
35	69	-0.00016
36	69	-0.00100
37	69	-0.00062
38	69	-0.00068
39	69	-0.00013
40	69	-0.00035
41	69	-0.00029
42	69	-0.00441
43	69	-0.00657
44	69	-0.00183
45	69	0.00732
46	69	0.01377
47	69	-0.00877
48	69	0.01597
49	69	-0.00137
50	69	0.00149
51	69	-0.00003
52	69	-0.00002
53	69	-0.00103
54	69	0.00714
55	69	0.05362
56	69	0.01673
57	69	-0.14705
58	69	-0.00752
59	69	-0.00234
60	69	-0.03084
61	69	-0.01091
62	69	-0.03920
63	69	-0.03770
64	69	-0.05893
65	69	0.00806
66	69	0.02246
67	69	-0.02078
68	69	0.06850
69	69	0.89662
70	69	0.39361
71	69	0.00834
72	69	-0.00472
73	69	0.02721
74	69	0.02303
75	69	0.01172
76	69	0.00003
77	69	-0.00004
78	69	-0.00003
79	69	0.00000
80	69	-0.00001
81	69	0.00019
82	69	-0.00025
83	69	0.00002
84	69	-0.00007
85	69	-0.00003
86	69	-0.00104
87	69	0.00030
88	69	0.00001
1	70	-0.00428
2	70	-0.00016
3	70	0.00005
4	70	0.00193
5	70	0.00141
6	70	0.00054
7	70	0.00680
8	70	0.00363
9	70	0.00127
10	70	0.00254
11	70	0.00055
12	70	0.00007
13	70	0.00074
14	70	-0.00093
15	70	0.00244
16	70	-0.00315
17	70	-0.00006
18	70	-0.00097
19	70	0.00137
20	70	-0.00051
21	70	-0.00086
22	70	-0.00161
23	70	-0.00143
24	70	-0.00053
25	70	-0.00030
26	70	0.00318
27	70	0.00079
28	70	-0.00841
29	70	0.00151
30	70	0.00245
31	70	0.00034
32	70	0.00017
33	70	0.00171
34	70	-0.00060
35	70	0.00060
36	70	-0.00004
37	70	-0.00014
38	70	0.00080
39	70	0.00106
40	70	0.00306
41	70	-0.00036
42	70	-0.01912
43	70	-0.01524
44	70	-0.00745
45	70	0.01568
46	70	-0.00452
47	70	0.00497
48	70	-0.01023
49	70	0.00258
50	70	-0.00096
51	70	-0.00153
52	70	-0.00154
53	70	0.00201
54	70	0.00432
55	70	0.01355
56	70	0.02081
57	70	-0.06310
58	70	-0.01712
59	70	-0.00960
60	70	0.06730
61	70	-0.00704
62	70	0.09678
63	70	0.07065
64	70	-0.09520
65	70	-0.00178
66	70	-0.00567
67	70	-0.00449
68	70	0.07306
69	70	0.38020
70	70	-0.89846
71	70	-0.04075
72	70	0.05249
73	70	0.02584
74	70	0.05488
75	70	0.01377
76	70	-0.00002
77	70	0.00001
78	70	-0.00067
79	70	-0.00004
80	70	0.00013
81	70	-0.00009
82	70	0.00000
83	70	-0.00008
84	70	0.00013
85	70	0.00005
86	70	0.00074
87	70	-0.00028
88	70	-0.00020
1	71	-0.00233
2	71	0.00024
3	71	-0.00011
4	71	-0.00131
5	71	-0.00224
6	71	0.00002
7	71	0.00019
8	71	0.00016
9	71	0.00068
10	71	-0.00155
11	71	0.00015
12	71	-0.00053
13	71	0.00004
14	71	0.00136
15	71	-0.00059
16	71	0.00034
17	71	-0.00098
18	71	0.00061
19	71	0.00032
20	71	-0.00066
21	71	0.00054
22	71	-0.00061
23	71	-0.00023
24	71	0.00217
25	71	0.00061
26	71	0.00038
27	71	0.00035
28	71	0.00062
29	71	0.00049
30	71	0.00122
31	71	0.00042
32	71	-0.00009
33	71	0.00011
34	71	-0.00012
35	71	-0.00001
36	71	0.00001
37	71	0.00001
38	71	0.00079
39	71	-0.00004
40	71	-0.00013
41	71	0.00017
42	71	0.00331
43	71	0.00260
44	71	-0.00241
45	71	0.00127
46	71	0.00368
47	71	-0.00275
48	71	0.00496
49	71	0.00007
50	71	0.00122
51	71	0.00009
52	71	-0.00453
53	71	-0.00034
54	71	0.00089
55	71	-0.00460
56	71	-0.00152
57	71	-0.01001
58	71	-0.00398
59	71	0.00183
60	71	0.00223
61	71	-0.00584
62	71	0.00495
63	71	-0.00786
64	71	-0.00741
65	71	-0.01247
66	71	-0.00303
67	71	0.00327
68	71	-0.00621
69	71	-0.00765
70	71	0.04226
71	71	-0.99553
72	71	0.05950
73	71	-0.04689
74	71	-0.03516
75	71	-0.00863
76	71	-0.00002
77	71	-0.00004
78	71	-0.00028
79	71	0.00000
80	71	-0.00011
81	71	0.00026
82	71	-0.00008
83	71	-0.00001
84	71	-0.00006
85	71	0.00000
86	71	-0.00024
87	71	-0.00017
88	71	0.00002
1	72	-0.00060
2	72	-0.00186
3	72	-0.00280
4	72	0.00050
5	72	0.00068
6	72	0.00003
7	72	-0.00184
8	72	-0.00109
9	72	0.00057
10	72	0.00028
11	72	-0.00006
12	72	0.00035
13	72	0.00069
14	72	-0.00106
15	72	0.00082
16	72	0.00041
17	72	0.00012
18	72	-0.00059
19	72	-0.00021
20	72	0.00030
21	72	-0.00098
22	72	0.00178
23	72	0.00090
24	72	-0.00340
25	72	0.00003
26	72	-0.00048
27	72	-0.00035
28	72	-0.00109
29	72	-0.00074
30	72	-0.00187
31	72	-0.00049
32	72	-0.00022
33	72	-0.00014
34	72	0.00016
35	72	0.00002
36	72	0.00005
37	72	0.00042
38	72	-0.00081
39	72	0.00005
40	72	0.00017
41	72	0.00042
42	72	-0.00384
43	72	-0.00206
44	72	0.00101
45	72	-0.00033
46	72	-0.00279
47	72	0.00353
48	72	-0.00643
49	72	0.00450
50	72	-0.00200
51	72	-0.00003
52	72	-0.00026
53	72	0.00066
54	72	-0.00052
55	72	0.00958
56	72	0.00245
57	72	0.01316
58	72	0.00151
59	72	-0.00044
60	72	-0.00625
61	72	-0.00160
62	72	-0.01166
63	72	0.00635
64	72	0.01595
65	72	-0.01396
66	72	0.00515
67	72	-0.00770
68	72	0.00694
69	72	0.01037
70	72	-0.04380
71	72	-0.07046
72	72	-0.98399
73	72	0.13442
74	72	0.06905
75	72	0.01525
76	72	0.00004
77	72	-0.00005
78	72	0.00040
79	72	0.00001
80	72	0.00012
81	72	0.00017
82	72	0.00035
83	72	0.00005
84	72	0.00014
85	72	-0.00004
86	72	0.00029
87	72	0.00025
88	72	0.00004
1	73	-0.00376
2	73	0.00290
3	73	0.00654
4	73	-0.00206
5	73	-0.00347
6	73	0.00083
7	73	0.00524
8	73	0.00313
9	73	-0.00020
10	73	0.00120
11	73	0.00059
12	73	-0.00291
13	73	0.00044
14	73	0.00476
15	73	-0.00172
16	73	-0.00149
17	73	-0.00027
18	73	0.00146
19	73	-0.00009
20	73	-0.00134
21	73	0.00256
22	73	-0.00394
23	73	-0.00107
24	73	0.01146
25	73	-0.00038
26	73	0.00439
27	73	0.00104
28	73	-0.00300
29	73	0.00375
30	73	0.00827
31	73	0.00193
32	73	0.00074
33	73	0.00160
34	73	-0.00091
35	73	0.00031
36	73	-0.00031
37	73	-0.00075
38	73	0.00020
39	73	0.00048
40	73	0.00138
41	73	-0.00045
42	73	0.00058
43	73	-0.01209
44	73	0.00137
45	73	0.00600
46	73	0.02008
47	73	-0.00466
48	73	0.00963
49	73	-0.00284
50	73	0.00668
51	73	-0.00067
52	73	0.00046
53	73	-0.00089
54	73	0.00315
55	73	-0.02349
56	73	-0.00087
57	73	-0.06014
58	73	-0.00739
59	73	-0.00360
60	73	0.04159
61	73	-0.00350
62	73	0.06505
63	73	0.00847
64	73	-0.07929
65	73	-0.00578
66	73	-0.01591
67	73	0.00321
68	73	-0.00519
69	73	0.03323
70	73	-0.01706
71	73	0.04507
72	73	-0.15181
73	73	-0.95020
74	73	-0.22866
75	73	-0.03111
76	73	-0.00014
77	73	-0.00025
78	73	-0.00160
79	73	-0.00008
80	73	0.00026
81	73	0.00043
82	73	-0.00046
83	73	-0.00022
84	73	0.00010
85	73	0.00014
86	73	-0.00059
87	73	0.00052
88	73	-0.00023
1	74	-0.00110
2	74	-0.00016
3	74	0.00224
4	74	0.00088
5	74	-0.00061
6	74	0.00051
7	74	0.00354
8	74	0.00174
9	74	-0.00024
10	74	-0.00028
11	74	0.00040
12	74	-0.00094
13	74	-0.00011
14	74	0.00280
15	74	-0.00186
16	74	-0.00086
17	74	-0.00022
18	74	-0.00003
19	74	0.00065
20	74	-0.00060
21	74	0.00150
22	74	-0.00192
23	74	-0.00084
24	74	0.00522
25	74	-0.00019
26	74	0.00231
27	74	0.00039
28	74	-0.00090
29	74	0.00301
30	74	0.00408
31	74	0.00086
32	74	0.00037
33	74	-0.00026
34	74	-0.00043
35	74	-0.00065
36	74	-0.00010
37	74	-0.00036
38	74	0.00025
39	74	-0.00017
40	74	0.00070
41	74	-0.00021
42	74	-0.00135
43	74	-0.00652
44	74	-0.00035
45	74	0.00361
46	74	0.00888
47	74	-0.00229
48	74	0.00368
49	74	-0.00133
50	74	0.00234
51	74	-0.00022
52	74	0.00002
53	74	0.00200
54	74	0.00165
55	74	-0.01063
56	74	0.00542
57	74	-0.03024
58	74	-0.00434
59	74	-0.00192
60	74	0.02044
61	74	-0.00213
62	74	0.03704
63	74	0.00651
64	74	-0.04164
65	74	-0.00204
66	74	-0.00673
67	74	0.00117
68	74	0.00024
69	74	0.02811
70	74	-0.03176
71	74	0.02028
72	74	-0.03604
73	74	0.25170
74	74	-0.95325
75	74	-0.13950
76	74	-0.00013
77	74	-0.00012
78	74	-0.00086
79	74	0.00000
80	74	0.00012
81	74	0.00018
82	74	-0.00021
83	74	0.00004
84	74	0.00005
85	74	0.00006
86	74	-0.00019
87	74	0.00020
88	74	0.00015
1	75	0.00018
2	75	-0.00055
3	75	0.00011
4	75	0.00062
5	75	-0.00069
6	75	0.00026
7	75	0.00192
8	75	0.00106
9	75	0.00026
10	75	-0.00108
11	75	0.00023
12	75	0.00022
13	75	0.00005
14	75	0.00058
15	75	-0.00035
16	75	-0.00119
17	75	-0.00005
18	75	-0.00018
19	75	0.00191
20	75	-0.00024
21	75	0.00054
22	75	-0.00040
23	75	-0.00019
24	75	0.00232
25	75	-0.00009
26	75	-0.00023
27	75	0.00015
28	75	0.00170
29	75	-0.00007
30	75	0.00100
31	75	0.00027
32	75	0.00002
33	75	0.00013
34	75	-0.00021
35	75	0.00022
36	75	0.00002
37	75	-0.00009
38	75	0.00000
39	75	0.00025
40	75	0.00054
41	75	-0.00011
42	75	0.00017
43	75	-0.00151
44	75	0.00034
45	75	0.00065
46	75	0.00299
47	75	-0.00055
48	75	0.00130
49	75	-0.00055
50	75	0.00114
51	75	0.00025
52	75	-0.00005
53	75	-0.00065
54	75	0.00044
55	75	-0.00444
56	75	-0.00290
57	75	-0.00620
58	75	-0.00237
59	75	-0.00264
60	75	0.00945
61	75	-0.00060
62	75	0.01484
63	75	0.00686
64	75	-0.01154
65	75	-0.00101
66	75	-0.00099
67	75	0.00114
68	75	0.00090
69	75	0.00859
70	75	0.00125
71	75	0.00315
72	75	-0.00546
73	75	0.00093
74	75	0.14730
75	75	-0.98878
76	75	0.00010
77	75	-0.00002
78	75	-0.00021
79	75	-0.00008
80	75	0.00004
81	75	0.00006
82	75	-0.00009
83	75	0.00004
84	75	0.00002
85	75	0.00017
86	75	-0.00007
87	75	0.00004
88	75	-0.00009
1	76	-0.00054
2	76	-0.00001
3	76	0.00004
4	76	-0.00014
5	76	0.00022
6	76	-0.00001
7	76	0.00007
8	76	0.00003
9	76	0.00013
10	76	-0.00016
11	76	0.00003
12	76	-0.00035
13	76	0.00014
14	76	0.00041
15	76	0.00002
16	76	-0.00008
17	76	0.00009
18	76	0.00012
19	76	0.00135
20	76	0.00004
21	76	-0.00037
22	76	0.00022
23	76	-0.00003
24	76	-0.00081
25	76	-0.00001
26	76	0.00010
27	76	-0.00015
28	76	-0.00040
29	76	0.00020
30	76	0.00037
31	76	0.00007
32	76	-0.00008
33	76	0.00007
34	76	-0.00000
35	76	0.00000
36	76	0.00006
37	76	0.00000
38	76	-0.00004
39	76	-0.00000
40	76	-0.00004
41	76	-0.00001
42	76	0.00110
43	76	-0.00008
44	76	-0.00005
45	76	-0.00019
46	76	-0.00058
47	76	0.00027
48	76	-0.00048
49	76	0.00011
50	76	0.00034
51	76	-0.00006
52	76	-0.00001
53	76	0.00007
54	76	0.00003
55	76	0.00117
56	76	0.00030
57	76	-0.00017
58	76	-0.00012
59	76	-0.00011
60	76	0.00002
61	76	-0.00006
62	76	-0.00015
63	76	0.00095
64	76	-0.00042
65	76	0.00004
66	76	0.00002
67	76	0.00007
68	76	0.00022
69	76	0.00030
70	76	-0.00035
71	76	-0.00019
72	76	0.00015
73	76	-0.00132
74	76	-0.00113
75	76	-0.00035
76	76	-0.00069
77	76	0.03442
78	76	0.91080
79	76	0.00085
80	76	0.00163
81	76	0.12346
82	76	-0.37173
83	76	-0.00106
84	76	0.00035
85	76	-0.00039
86	76	0.12399
87	76	-0.02092
88	76	-0.00149
1	77	-0.00002
2	77	-0.00003
3	77	0.00001
4	77	0.00004
5	77	0.00000
6	77	0.00001
7	77	0.00001
8	77	0.00004
9	77	0.00001
10	77	0.00000
11	77	0.00000
12	77	0.00002
13	77	0.00001
14	77	0.00000
15	77	-0.00005
16	77	0.00004
17	77	0.00000
18	77	0.00001
19	77	0.00001
20	77	0.00000
21	77	-0.00009
22	77	-0.00000
23	77	-0.00000
24	77	0.00005
25	77	0.00001
26	77	-0.00002
27	77	0.00000
28	77	-0.00002
29	77	-0.00008
30	77	0.00001
31	77	0.00000
32	77	-0.00000
33	77	0.00005
34	77	0.00001
35	77	0.00004
36	77	0.00000
37	77	-0.00000
38	77	-0.00000
39	77	-0.00005
40	77	-0.00007
41	77	0.00000
42	77	0.00003
43	77	0.00003
44	77	0.00009
45	77	0.00009
46	77	0.00002
47	77	0.00009
48	77	0.00006
49	77	-0.00000
50	77	-0.00005
51	77	-0.00009
52	77	0.00001
53	77	-0.00001
54	77	0.00001
55	77	0.00003
56	77	-0.00005
57	77	-0.00006
58	77	-0.00000
59	77	-0.00003
60	77	0.00008
61	77	0.00002
62	77	-0.00005
63	77	-0.00005
64	77	0.00003
65	77	0.00001
66	77	0.00001
67	77	-0.00001
68	77	0.00007
69	77	-0.00000
70	77	0.00004
71	77	0.00001
72	77	-0.00001
73	77	0.00012
74	77	0.00018
75	77	-0.00006
76	77	-0.99891
77	77	-0.00032
78	77	-0.00139
79	77	-0.04239
80	77	0.00009
81	77	0.00037
82	77	-0.00136
83	77	-0.01296
84	77	0.00025
85	77	-0.00445
86	77	0.00062
87	77	0.00004
88	77	0.01354
1	78	-0.00002
2	78	-0.00020
3	78	0.00000
4	78	-0.00009
5	78	0.00010
6	78	0.00018
7	78	-0.00005
8	78	-0.00001
9	78	-0.00011
10	78	0.00003
11	78	0.00008
12	78	-0.00005
13	78	-0.00003
14	78	0.00001
15	78	-0.00002
16	78	0.00004
17	78	-0.00001
18	78	-0.00000
19	78	-0.00001
20	78	0.00010
21	78	0.00002
22	78	-0.00004
23	78	0.00002
24	78	0.00007
25	78	-0.00020
26	78	0.00002
27	78	-0.00001
28	78	0.00000
29	78	0.00002
30	78	0.00006
31	78	-0.00005
32	78	-0.00000
33	78	-0.00001
34	78	-0.00006
35	78	-0.00000
36	78	0.00002
37	78	-0.00014
38	78	0.00007
39	78	-0.00000
40	78	0.00001
41	78	0.00009
42	78	-0.00002
43	78	-0.00016
44	78	-0.00008
45	78	0.00016
46	78	0.00079
47	78	0.00026
48	78	-0.00038
49	78	-0.00036
50	78	-0.00010
51	78	0.00002
52	78	0.00020
53	78	-0.00002
54	78	0.00055
55	78	-0.00000
56	78	-0.00003
57	78	0.00001
58	78	0.00051
59	78	-0.00018
60	78	0.00002
61	78	-0.00009
62	78	0.00003
63	78	-0.00007
64	78	0.00003
65	78	-0.00008
66	78	0.00000
67	78	0.00003
68	78	-0.00003
69	78	-0.00005
70	78	-0.00004
71	78	0.00004
72	78	0.00025
73	78	0.00021
74	78	0.00017
75	78	0.00005
76	78	0.00036
77	78	-0.99248
78	78	0.03412
79	78	-0.00153
80	78	0.10871
81	78	0.02799
82	78	0.00213
83	78	-0.00020
84	78	0.03170
85	78	0.00049
86	78	0.00422
87	78	0.01356
88	78	-0.00031
1	79	-0.00001
2	79	0.00002
3	79	0.00002
4	79	0.00000
5	79	-0.00001
6	79	0.00000
7	79	0.00003
8	79	0.00002
9	79	0.00000
10	79	0.00002
11	79	0.00000
12	79	0.00003
13	79	-0.00002
14	79	0.00002
15	79	0.00003
16	79	-0.00003
17	79	-0.00000
18	79	0.00005
19	79	-0.00000
20	79	-0.00000
21	79	0.00005
22	79	-0.00001
23	79	0.00000
24	79	-0.00002
25	79	-0.00000
26	79	0.00002
27	79	0.00000
28	79	-0.00000
29	79	0.00011
30	79	-0.00002
31	79	-0.00001
32	79	-0.00000
33	79	-0.00007
34	79	-0.00000
35	79	0.00003
36	79	-0.00000
37	79	-0.00000
38	79	-0.00000
39	79	-0.00005
40	79	-0.00003
41	79	0.00000
42	79	0.00000
43	79	-0.00002
44	79	-0.00004
45	79	-0.00003
46	79	0.00001
47	79	-0.00002
48	79	0.00002
49	79	-0.00001
50	79	-0.00003
51	79	-0.00014
52	79	-0.00000
53	79	0.00013
54	79	0.00000
55	79	-0.00001
56	79	-0.00001
57	79	-0.00001
58	79	0.00002
59	79	0.00009
60	79	-0.00004
61	79	-0.00002
62	79	0.00009
63	79	0.00004
64	79	-0.00003
65	79	-0.00001
66	79	0.00002
67	79	0.00001
68	79	-0.00004
69	79	0.00001
70	79	-0.00003
71	79	0.00001
72	79	0.00000
73	79	-0.00003
74	79	-0.00002
75	79	-0.00011
76	79	-0.04260
77	79	-0.00135
78	79	-0.00100
79	79	0.99889
80	79	0.00199
81	79	0.00076
82	79	0.00000
83	79	-0.00131
84	79	-0.00003
85	79	-0.00579
86	79	-0.00038
87	79	0.00016
88	79	-0.01878
1	80	0.00002
2	80	0.00002
3	80	0.00013
4	80	-0.00000
5	80	0.00011
6	80	-0.00001
7	80	0.00005
8	80	0.00004
9	80	-0.00012
10	80	-0.00002
11	80	-0.00012
12	80	-0.00002
13	80	-0.00006
14	80	-0.00003
15	80	0.00001
16	80	-0.00001
17	80	-0.00004
18	80	0.00000
19	80	-0.00000
20	80	0.00001
21	80	0.00000
22	80	-0.00014
23	80	-0.00008
24	80	-0.00001
25	80	0.00019
26	80	-0.00000
27	80	0.00001
28	80	0.00000
29	80	-0.00001
30	80	0.00001
31	80	-0.00011
32	80	-0.00001
33	80	0.00000
34	80	0.00001
35	80	0.00000
36	80	-0.00001
37	80	0.00012
38	80	-0.00003
39	80	-0.00000
40	80	-0.00000
41	80	0.00002
42	80	0.00005
43	80	0.00025
44	80	-0.00022
45	80	0.00009
46	80	-0.00007
47	80	0.00001
48	80	-0.00003
49	80	-0.00038
50	80	-0.00004
51	80	0.00001
52	80	0.00011
53	80	-0.00001
54	80	0.00008
55	80	0.00000
56	80	-0.00004
57	80	0.00006
58	80	0.00044
59	80	-0.00014
60	80	0.00000
61	80	-0.00026
62	80	-0.00003
63	80	-0.00007
64	80	0.00010
65	80	-0.00020
66	80	0.00000
67	80	-0.00015
68	80	-0.00003
69	80	-0.00005
70	80	0.00009
71	80	-0.00002
72	80	0.00026
73	80	0.00020
74	80	0.00015
75	80	0.00006
76	80	0.00014
77	80	0.11010
78	80	-0.00706
79	80	-0.00190
80	80	0.98430
81	80	0.12531
82	80	0.03896
83	80	0.00036
84	80	-0.03990
85	80	-0.00001
86	80	0.00263
87	80	0.01259
88	80	0.00062
1	81	-0.00041
2	81	0.00019
3	81	-0.00115
4	81	-0.00026
5	81	0.00056
6	81	-0.00008
7	81	-0.00079
8	81	-0.00039
9	81	-0.00022
10	81	-0.00015
11	81	0.00001
12	81	-0.00127
13	81	-0.00019
14	81	0.00098
15	81	-0.00011
16	81	-0.00009
17	81	0.00012
18	81	0.00009
19	81	0.00067
20	81	-0.00001
21	81	0.00003
22	81	-0.00009
23	81	0.00020
24	81	0.00042
25	81	0.00002
26	81	0.00010
27	81	0.00007
28	81	0.00012
29	81	-0.00008
30	81	-0.00015
31	81	-0.00003
32	81	0.00007
33	81	-0.00004
34	81	0.00002
35	81	0.00000
36	81	-0.00000
37	81	0.00002
38	81	0.00001
39	81	0.00002
40	81	0.00006
41	81	0.00001
42	81	-0.00033
43	81	0.00047
44	81	0.00016
45	81	-0.00027
46	81	-0.00007
47	81	0.00010
48	81	-0.00022
49	81	-0.00000
50	81	0.00033
51	81	-0.00001
52	81	-0.00000
53	81	0.00006
54	81	-0.00001
55	81	-0.00016
56	81	0.00002
57	81	0.00056
58	81	-0.00000
59	81	0.00011
60	81	0.00026
61	81	0.00009
62	81	0.00046
63	81	-0.00047
64	81	0.00062
65	81	0.00005
66	81	0.00001
67	81	0.00002
68	81	-0.00009
69	81	-0.00025
70	81	0.00021
71	81	0.00015
72	81	-0.00024
73	81	0.00110
74	81	0.00092
75	81	0.00034
76	81	0.00178
77	81	-0.00703
78	81	-0.37096
79	81	-0.00056
80	81	-0.00508
81	81	0.29696
82	81	-0.86512
83	81	-0.00249
84	81	0.00474
85	81	0.00051
86	81	-0.15885
87	81	0.02065
88	81	0.00132
1	82	0.00002
2	82	-0.00004
3	82	-0.00002
4	82	0.00003
5	82	0.00000
6	82	0.00001
7	82	0.00006
8	82	-0.00005
9	82	-0.00001
10	82	-0.00005
11	82	0.00001
12	82	0.00006
13	82	-0.00006
14	82	0.00008
15	82	-0.00005
16	82	-0.00000
17	82	-0.00000
18	82	-0.00006
19	82	0.00005
20	82	0.00000
21	82	0.00007
22	82	0.00001
23	82	0.00000
24	82	0.00002
25	82	-0.00000
26	82	0.00006
27	82	0.00000
28	82	-0.00005
29	82	0.00006
30	82	-0.00018
31	82	-0.00005
32	82	-0.00001
33	82	-0.00005
34	82	0.00001
35	82	-0.00008
36	82	0.00000
37	82	-0.00000
38	82	-0.00000
39	82	0.00002
40	82	0.00008
41	82	0.00001
42	82	0.00004
43	82	0.00003
44	82	0.00005
45	82	0.00001
46	82	-0.00000
47	82	-0.00020
48	82	-0.00004
49	82	-0.00001
50	82	-0.00000
51	82	0.00001
52	82	-0.00001
53	82	0.00007
54	82	-0.00004
55	82	-0.00001
56	82	0.00009
57	82	0.00002
58	82	0.00001
59	82	0.00005
60	82	-0.00010
61	82	-0.00005
62	82	0.00009
63	82	0.00004
64	82	-0.00003
65	82	-0.00002
66	82	-0.00009
67	82	0.00001
68	82	-0.00003
69	82	0.00003
70	82	-0.00004
71	82	-0.00001
72	82	-0.00000
73	82	-0.00021
74	82	-0.00002
75	82	0.00007
76	82	-0.01354
77	82	-0.00124
78	82	-0.00034
79	82	0.00068
80	82	0.00680
81	82	-0.05213
82	82	-0.02084
83	82	0.99597
84	82	-0.01024
85	82	0.06321
86	82	0.00097
87	82	0.00243
88	82	-0.02347
1	83	-0.00007
2	83	-0.00009
3	83	0.00000
4	83	-0.00008
5	83	-0.00004
6	83	0.00012
7	83	-0.00013
8	83	-0.00006
9	83	0.00000
10	83	-0.00011
11	83	0.00007
12	83	0.00007
13	83	-0.00002
14	83	-0.00008
15	83	0.00000
16	83	-0.00004
17	83	0.00005
18	83	-0.00002
19	83	0.00005
20	83	0.00006
21	83	-0.00003
22	83	0.00009
23	83	0.00001
24	83	-0.00010
25	83	0.00003
26	83	-0.00003
27	83	-0.00002
28	83	-0.00002
29	83	-0.00005
30	83	0.00004
31	83	-0.00037
32	83	-0.00000
33	83	0.00001
34	83	0.00033
35	83	0.00001
36	83	0.00001
37	83	-0.00001
38	83	-0.00007
39	83	0.00000
40	83	-0.00001
41	83	0.00018
42	83	-0.00002
43	83	0.00004
44	83	0.00022
45	83	-0.00024
46	83	-0.00071
47	83	-0.00017
48	83	0.00024
49	83	-0.00006
50	83	0.00006
51	83	-0.00001
52	83	-0.00003
53	83	0.00000
54	83	-0.00069
55	83	0.00008
56	83	-0.00000
57	83	0.00001
58	83	0.00011
59	83	-0.00005
60	83	0.00002
61	83	-0.00044
62	83	-0.00005
63	83	0.00000
64	83	0.00006
65	83	-0.00019
66	83	0.00002
67	83	-0.00005
68	83	0.00002
69	83	0.00006
70	83	0.00008
71	83	-0.00014
72	83	-0.00039
73	83	-0.00018
74	83	-0.00013
75	83	-0.00006
76	83	0.00086
77	83	-0.01854
78	83	-0.00285
79	83	0.00042
80	83	0.12273
81	83	-0.91741
82	83	-0.31462
83	83	-0.05719
84	83	-0.19290
85	83	-0.00489
86	83	0.00470
87	83	0.05840
88	83	0.00368
1	84	-0.00004
2	84	0.00009
3	84	0.00006
4	84	-0.00002
5	84	-0.00004
6	84	-0.00000
7	84	0.00007
8	84	-0.00001
9	84	0.00000
10	84	0.00005
11	84	-0.00000
12	84	0.00007
13	84	-0.00003
14	84	-0.00001
15	84	0.00008
16	84	-0.00005
17	84	0.00000
18	84	0.00013
19	84	-0.00003
20	84	-0.00000
21	84	0.00008
22	84	-0.00001
23	84	0.00001
24	84	-0.00006
25	84	0.00000
26	84	0.00008
27	84	0.00000
28	84	-0.00005
29	84	0.00008
30	84	0.00001
31	84	0.00000
32	84	0.00000
33	84	-0.00012
34	84	0.00000
35	84	-0.00007
36	84	-0.00001
37	84	0.00001
38	84	0.00000
39	84	-0.00005
40	84	-0.00003
41	84	-0.00000
42	84	-0.00000
43	84	-0.00006
44	84	-0.00010
45	84	-0.00010
46	84	-0.00000
47	84	-0.00005
48	84	0.00004
49	84	-0.00003
50	84	-0.00003
51	84	-0.00005
52	84	0.00000
53	84	0.00018
54	84	-0.00001
55	84	-0.00002
56	84	0.00007
57	84	0.00001
58	84	0.00002
59	84	0.00005
60	84	0.00002
61	84	-0.00003
62	84	0.00002
63	84	0.00008
64	84	-0.00002
65	84	-0.00002
66	84	-0.00012
67	84	0.00001
68	84	-0.00024
69	84	0.00001
70	84	-0.00005
71	84	0.00000
72	84	0.00001
73	84	-0.00006
74	84	-0.00010
75	84	-0.00018
76	84	0.00276
77	84	0.00063
78	84	-0.00010
79	84	-0.00722
80	84	0.00163
81	84	-0.00402
82	84	-0.00147
83	84	0.06108
84	84	0.02984
85	84	-0.99372
86	84	-0.00245
87	84	0.00664
88	84	-0.08814
1	85	-0.00009
2	85	0.00009
3	85	0.00010
4	85	0.00003
5	85	0.00006
6	85	-0.00014
7	85	0.00004
8	85	0.00003
9	85	-0.00010
10	85	-0.00006
11	85	-0.00006
12	85	0.00002
13	85	-0.00004
14	85	-0.00004
15	85	0.00002
16	85	-0.00007
17	85	0.00008
18	85	-0.00001
19	85	0.00000
20	85	0.00016
21	85	0.00000
22	85	0.00016
23	85	0.00007
24	85	-0.00005
25	85	0.00026
26	85	-0.00002
27	85	-0.00002
28	85	-0.00000
29	85	-0.00003
30	85	-0.00002
31	85	-0.00016
32	85	-0.00001
33	85	0.00000
34	85	0.00029
35	85	0.00000
36	85	-0.00005
37	85	0.00042
38	85	0.00000
39	85	-0.00000
40	85	-0.00000
41	85	-0.00009
42	85	-0.00002
43	85	0.00002
44	85	0.00022
45	85	-0.00022
46	85	-0.00062
47	85	-0.00013
48	85	0.00014
49	85	-0.00068
50	85	-0.00003
51	85	0.00001
52	85	0.00034
53	85	-0.00001
54	85	-0.00036
55	85	0.00010
56	85	-0.00003
57	85	-0.00001
58	85	0.00060
59	85	-0.00019
60	85	-0.00000
61	85	-0.00045
62	85	-0.00006
63	85	-0.00008
64	85	0.00014
65	85	-0.00026
66	85	0.00001
67	85	-0.00007
68	85	-0.00001
69	85	0.00002
70	85	0.00012
71	85	-0.00004
72	85	0.00014
73	85	0.00006
74	85	0.00005
75	85	0.00002
76	85	0.00030
77	85	0.03441
78	85	-0.00021
79	85	0.00047
80	85	0.05735
81	85	-0.16957
82	85	-0.05373
83	85	-0.00235
84	85	0.97079
85	85	0.02977
86	85	0.02032
87	85	0.14147
88	85	0.01132
1	86	0.00090
2	86	-0.00011
3	86	0.00113
4	86	0.00041
5	86	-0.00022
6	86	0.00003
7	86	-0.00009
8	86	-0.00002
9	86	-0.00020
10	86	-0.00015
11	86	0.00000
12	86	0.00037
13	86	-0.00015
14	86	-0.00038
15	86	0.00032
16	86	-0.00033
17	86	-0.00015
18	86	-0.00006
19	86	-0.00019
20	86	-0.00002
21	86	0.00021
22	86	0.00003
23	86	-0.00002
24	86	0.00110
25	86	-0.00000
26	86	0.00052
27	86	0.00006
28	86	-0.00037
29	86	0.00030
30	86	0.00055
31	86	0.00014
32	86	0.00007
33	86	0.00004
34	86	-0.00003
35	86	-0.00001
36	86	-0.00001
37	86	-0.00001
38	86	-0.00006
39	86	-0.00001
40	86	-0.00003
41	86	-0.00003
42	86	0.00032
43	86	0.00015
44	86	0.00012
45	86	-0.00016
46	86	0.00046
47	86	-0.00028
48	86	0.00055
49	86	-0.00002
50	86	0.00080
51	86	-0.00006
52	86	0.00001
53	86	0.00004
54	86	0.00013
55	86	0.00094
56	86	-0.00001
57	86	-0.00123
58	86	0.00004
59	86	0.00002
60	86	-0.00040
61	86	-0.00006
62	86	-0.00056
63	86	0.00030
64	86	0.00005
65	86	-0.00005
66	86	-0.00009
67	86	0.00013
68	86	-0.00012
69	86	0.00011
70	86	0.00122
71	86	-0.00012
72	86	0.00019
73	86	-0.00053
74	86	-0.00030
75	86	-0.00013
76	86	0.00111
77	86	-0.00262
78	86	-0.17678
79	86	0.00035
80	86	-0.00443
81	86	0.03630
82	86	-0.09249
83	86	-0.00059
84	86	-0.01195
85	86	-0.00383
86	86	0.97794
87	86	-0.04778
88	86	0.00793
1	87	0.00002
2	87	-0.00005
3	87	-0.00009
4	87	-0.00011
5	87	0.00014
6	87	0.00007
7	87	0.00009
8	87	0.00016
9	87	-0.00006
10	87	0.00021
11	87	-0.00007
12	87	-0.00023
13	87	0.00001
14	87	0.00002
15	87	-0.00013
16	87	0.00014
17	87	0.00008
18	87	-0.00000
19	87	-0.00001
20	87	-0.00009
21	87	-0.00013
22	87	-0.00004
23	87	-0.00004
24	87	0.00008
25	87	-0.00001
26	87	-0.00004
27	87	0.00002
28	87	0.00008
29	87	-0.00013
30	87	0.00006
31	87	0.00027
32	87	0.00001
33	87	0.00015
34	87	-0.00018
35	87	0.00014
36	87	0.00000
37	87	-0.00004
38	87	0.00005
39	87	0.00007
40	87	-0.00005
41	87	-0.00025
42	87	-0.00011
43	87	-0.00026
44	87	0.00003
45	87	0.00021
46	87	0.00062
47	87	0.00033
48	87	-0.00021
49	87	0.00028
50	87	-0.00006
51	87	-0.00000
52	87	0.00011
53	87	-0.00022
54	87	0.00074
55	87	-0.00019
56	87	-0.00012
57	87	0.00008
58	87	-0.00009
59	87	-0.00012
60	87	0.00018
61	87	0.00051
62	87	-0.00003
63	87	-0.00010
64	87	-0.00006
65	87	0.00018
66	87	0.00009
67	87	-0.00002
68	87	0.00010
69	87	-0.00014
70	87	-0.00022
71	87	-0.00031
72	87	0.00055
73	87	0.00049
74	87	0.00023
75	87	0.00014
76	87	-0.00570
77	87	0.00846
78	87	0.01495
79	87	-0.00850
80	87	-0.02593
81	87	0.06563
82	87	0.02717
83	87	-0.01231
84	87	-0.11151
85	87	0.04090
86	87	0.04827
87	87	0.88250
88	87	-0.44553
1	88	-0.00004
2	88	0.00003
3	88	-0.00002
4	88	-0.00002
5	88	0.00003
6	88	0.00005
7	88	0.00027
8	88	-0.00006
9	88	-0.00005
10	88	0.00006
11	88	-0.00002
12	88	-0.00005
13	88	-0.00011
14	88	0.00022
15	88	0.00009
16	88	-0.00010
17	88	0.00003
18	88	0.00005
19	88	-0.00005
20	88	-0.00007
21	88	0.00028
22	88	-0.00005
23	88	-0.00002
24	88	-0.00007
25	88	-0.00003
26	88	0.00007
27	88	0.00002
28	88	-0.00006
29	88	0.00033
30	88	-0.00019
31	88	0.00011
32	88	-0.00000
33	88	-0.00031
34	88	-0.00013
35	88	-0.00028
36	88	-0.00000
37	88	-0.00004
38	88	0.00002
39	88	-0.00013
40	88	0.00015
41	88	-0.00013
42	88	-0.00001
43	88	-0.00018
44	88	-0.00010
45	88	-0.00003
46	88	0.00046
47	88	-0.00024
48	88	-0.00015
49	88	0.00014
50	88	-0.00018
51	88	0.00004
52	88	0.00002
53	88	0.00041
54	88	0.00039
55	88	-0.00014
56	88	0.00021
57	88	-0.00000
58	88	0.00002
59	88	0.00028
60	88	-0.00024
61	88	0.00018
62	88	0.00040
63	88	0.00007
64	88	-0.00015
65	88	0.00005
66	88	-0.00017
67	88	0.00003
68	88	-0.00025
69	88	0.00001
70	88	-0.00029
71	88	-0.00011
72	88	0.00029
73	88	0.00002
74	88	0.00025
75	88	-0.00004
76	88	0.01134
77	88	0.00354
78	88	0.01115
79	88	0.01676
80	88	-0.01443
81	88	0.03639
82	88	0.01637
83	88	0.02658
84	88	-0.06453
85	88	-0.07664
86	88	0.01538
87	88	0.44072
88	88	0.89019
